-- phpMyAdmin SQL Dump
-- version 5.0.4
-- https://www.phpmyadmin.net/
--
-- Host: localhost:3306
-- Generation Time: Feb 20, 2022 at 11:10 AM
-- Server version: 5.7.24
-- PHP Version: 7.4.16

SET SQL_MODE = "NO_AUTO_VALUE_ON_ZERO";
START TRANSACTION;
SET time_zone = "+00:00";


/*!40101 SET @OLD_CHARACTER_SET_CLIENT=@@CHARACTER_SET_CLIENT */;
/*!40101 SET @OLD_CHARACTER_SET_RESULTS=@@CHARACTER_SET_RESULTS */;
/*!40101 SET @OLD_COLLATION_CONNECTION=@@COLLATION_CONNECTION */;
/*!40101 SET NAMES utf8mb4 */;

--
-- Database: `hapmap`
--

-- --------------------------------------------------------

--
-- Table structure for table `annee`
--

CREATE TABLE `annee` (
  `Annee` int(4) NOT NULL
) ENGINE=InnoDB DEFAULT CHARSET=utf8;

--
-- Dumping data for table `annee`
--

INSERT INTO `annee` (`Annee`) VALUES
(2015),
(2016),
(2017),
(2018),
(2019);

-- --------------------------------------------------------

--
-- Table structure for table `avoir`
--

CREATE TABLE `avoir` (
  `Id_Pays` int(3) NOT NULL,
  `annee` int(4) NOT NULL,
  `Id_Score` int(1) NOT NULL,
  `valeur_score` varchar(11) DEFAULT NULL,
  `rang` varchar(3) DEFAULT NULL
) ENGINE=InnoDB DEFAULT CHARSET=utf8;

--
-- Dumping data for table `avoir`
--

INSERT INTO `avoir` (`Id_Pays`, `annee`, `Id_Score`, `valeur_score`, `rang`) VALUES
(1, 2015, 1, '153', '153'),
(1, 2015, 2, '3,575', '153'),
(1, 2015, 3, '0,31982', '136'),
(1, 2015, 4, '0,30285', '156'),
(1, 2015, 5, '0,30335', '137'),
(1, 2015, 6, '0,23414', '141'),
(1, 2015, 7, '0,09719', '86'),
(1, 2015, 8, '0,3651', '24'),
(1, 2015, 9, 'N/A', 'N/A'),
(1, 2016, 1, '154', '154'),
(1, 2016, 2, '3,36', '154'),
(1, 2016, 3, '0,38227', '137'),
(1, 2016, 4, '0,11037', '155'),
(1, 2016, 5, '0,17344', '146'),
(1, 2016, 6, '0,1643', '139'),
(1, 2016, 7, '0,07112', '108'),
(1, 2016, 8, '0,31268', '39'),
(1, 2016, 9, 'N/A', 'N/A'),
(1, 2017, 1, '140', '140'),
(1, 2017, 2, '3,79399991', '140'),
(1, 2017, 3, '0,401477218', '134'),
(1, 2017, 4, '0,581543326', '148'),
(1, 2017, 5, '0,180746779', '141'),
(1, 2017, 6, '0,10617952', '147'),
(1, 2017, 7, '0,06115783', '108'),
(1, 2017, 8, '0,311870933', '44'),
(1, 2017, 9, 'N/A', 'N/A'),
(1, 2018, 1, '145', '145'),
(1, 2018, 2, '3,632', '145'),
(1, 2018, 3, '0,332', '140'),
(1, 2018, 4, 'N/A', 'N/A'),
(1, 2018, 5, '0,255', '136'),
(1, 2018, 6, '0,085', '151'),
(1, 2018, 7, '0,036', '129'),
(1, 2018, 8, '0,191', '64'),
(1, 2018, 9, '0,537', '152'),
(1, 2019, 1, '154', '154'),
(1, 2019, 2, '3,203', '154'),
(1, 2019, 3, '0,35', '136'),
(1, 2019, 4, 'N/A', 'N/A'),
(1, 2019, 5, '0,361', '144'),
(1, 2019, 6, '0', '156'),
(1, 2019, 7, '0,025', '143'),
(1, 2019, 8, '0,158', '89'),
(1, 2019, 9, '0,517', '152'),
(2, 2015, 1, '95', '95'),
(2, 2015, 2, '4,959', '95'),
(2, 2015, 3, '0,87867', '86'),
(2, 2015, 4, '0,80434', '123'),
(2, 2015, 5, '0,81325', '39'),
(2, 2015, 6, '0,35733', '109'),
(2, 2015, 7, '0,06413', '113'),
(2, 2015, 8, '0,14272', '121'),
(2, 2015, 9, 'N/A', 'N/A'),
(2, 2016, 1, '109', '109'),
(2, 2016, 2, '4,655', '109'),
(2, 2016, 3, '0,9553', '88'),
(2, 2016, 4, '0,50163', '134'),
(2, 2016, 5, '0,73007', '39'),
(2, 2016, 6, '0,31866', '104'),
(2, 2016, 7, '0,05301', '124'),
(2, 2016, 8, '0,1684', '112'),
(2, 2016, 9, 'N/A', 'N/A'),
(2, 2017, 1, '108', '108'),
(2, 2017, 2, '4,644000053', '108'),
(2, 2017, 3, '0,996192753', '84'),
(2, 2017, 4, '0,803685248', '137'),
(2, 2017, 5, '0,731159747', '37'),
(2, 2017, 6, '0,381498635', '97'),
(2, 2017, 7, '0,039864216', '131'),
(2, 2017, 8, '0,201312944', '95'),
(2, 2017, 9, 'N/A', 'N/A'),
(2, 2018, 1, '112', '112'),
(2, 2018, 2, '4,586', '112'),
(2, 2018, 3, '0,916', '82'),
(2, 2018, 4, 'N/A', 'N/A'),
(2, 2018, 5, '0,79', '37'),
(2, 2018, 6, '0,419', '101'),
(2, 2018, 7, '0,032', '135'),
(2, 2018, 8, '0,149', '91'),
(2, 2018, 9, '0,817', '137'),
(2, 2019, 1, '107', '107'),
(2, 2019, 2, '4,719', '107'),
(2, 2019, 3, '0,947', '83'),
(2, 2019, 4, 'N/A', 'N/A'),
(2, 2019, 5, '0,874', '42'),
(2, 2019, 6, '0,383', '88'),
(2, 2019, 7, '0,027', '140'),
(2, 2019, 8, '0,178', '78'),
(2, 2019, 9, '0,848', '134'),
(3, 2015, 1, '68', '68'),
(3, 2015, 2, '5,605', '68'),
(3, 2015, 3, '0,93929', '75'),
(3, 2015, 4, '1,07772', '68'),
(3, 2015, 5, '0,61766', '97'),
(3, 2015, 6, '0,28579', '129'),
(3, 2015, 7, '0,17383', '44'),
(3, 2015, 8, '0,07822', '148'),
(3, 2015, 9, 'N/A', 'N/A'),
(3, 2016, 1, '38', '38'),
(3, 2016, 2, '6,355', '38'),
(3, 2016, 3, '1,05266', '75'),
(3, 2016, 4, '0,83309', '81'),
(3, 2016, 5, '0,61804', '76'),
(3, 2016, 6, '0,21006', '131'),
(3, 2016, 7, '0,16157', '48'),
(3, 2016, 8, '0,07044', '146'),
(3, 2016, 9, 'N/A', 'N/A'),
(3, 2017, 1, '53', '53'),
(3, 2017, 2, '5,872000217', '53'),
(3, 2017, 3, '1,091864467', '71'),
(3, 2017, 4, '1,146217465', '101'),
(3, 2017, 5, '0,617584646', '73'),
(3, 2017, 6, '0,233335808', '136'),
(3, 2017, 7, '0,14609611', '42'),
(3, 2017, 8, '0,069436647', '143'),
(3, 2017, 9, 'N/A', 'N/A'),
(3, 2018, 1, '84', '84'),
(3, 2018, 2, '5,295', '84'),
(3, 2018, 3, '0,979', '74'),
(3, 2018, 4, 'N/A', 'N/A'),
(3, 2018, 5, '0,687', '64'),
(3, 2018, 6, '0,077', '152'),
(3, 2018, 7, '0,135', '42'),
(3, 2018, 8, '0,055', '145'),
(3, 2018, 9, '1,154', '106'),
(3, 2019, 1, '88', '88'),
(3, 2019, 2, '5,211', '88'),
(3, 2019, 3, '1,002', '74'),
(3, 2019, 4, 'N/A', 'N/A'),
(3, 2019, 5, '0,785', '80'),
(3, 2019, 6, '0,086', '150'),
(3, 2019, 7, '0,114', '50'),
(3, 2019, 8, '0,073', '141'),
(3, 2019, 9, '1,16', '102'),
(4, 2015, 1, '137', '137'),
(4, 2015, 2, '4,033', '137'),
(4, 2015, 3, '0,75778', '99'),
(4, 2015, 4, '0,8604', '118'),
(4, 2015, 5, '0,16683', '148'),
(4, 2015, 6, '0,10384', '154'),
(4, 2015, 7, '0,07122', '110'),
(4, 2015, 8, '0,12344', '128'),
(4, 2015, 9, 'N/A', 'N/A'),
(4, 2016, 1, '141', '141'),
(4, 2016, 2, '3,866', '141'),
(4, 2016, 3, '0,84731', '101'),
(4, 2016, 4, '0,66366', '114'),
(4, 2016, 5, '0,04991', '154'),
(4, 2016, 6, '0,00589', '156'),
(4, 2016, 7, '0,08434', '93'),
(4, 2016, 8, '0,12071', '132'),
(4, 2016, 9, 'N/A', 'N/A'),
(4, 2017, 1, '139', '139'),
(4, 2017, 2, '3,795000076', '139'),
(4, 2017, 3, '0,85842818', '101'),
(4, 2017, 4, '1,10441196', '109'),
(4, 2017, 5, '0,049868666', '149'),
(4, 2017, 6, '0', '154'),
(4, 2017, 7, '0,069720335', '99'),
(4, 2017, 8, '0,09792649', '136'),
(4, 2017, 9, 'N/A', 'N/A'),
(4, 2018, 1, '142', '142'),
(4, 2018, 2, '3,795', '142'),
(4, 2018, 3, '0,73', '104'),
(4, 2018, 4, 'N/A', 'N/A'),
(4, 2018, 5, '0,269', '134'),
(4, 2018, 6, '0', '156'),
(4, 2018, 7, '0,061', '102'),
(4, 2018, 8, '0,079', '134'),
(4, 2018, 9, '1,125', '109'),
(5, 2015, 1, '30', '30'),
(5, 2015, 2, '6,574', '30'),
(5, 2015, 3, '1,05351', '57'),
(5, 2015, 4, '1,24823', '29'),
(5, 2015, 5, '0,78723', '48'),
(5, 2015, 6, '0,44974', '75'),
(5, 2015, 7, '0,08484', '95'),
(5, 2015, 8, '0,11451', '135'),
(5, 2015, 9, 'N/A', 'N/A'),
(5, 2016, 1, '26', '26'),
(5, 2016, 2, '6,65', '26'),
(5, 2016, 3, '1,15137', '57'),
(5, 2016, 4, '1,06612', '21'),
(5, 2016, 5, '0,69711', '48'),
(5, 2016, 6, '0,42284', '65'),
(5, 2016, 7, '0,07296', '107'),
(5, 2016, 8, '0,10989', '136'),
(5, 2016, 9, 'N/A', 'N/A'),
(5, 2017, 1, '24', '24'),
(5, 2017, 2, '6,598999977', '24'),
(5, 2017, 3, '1,185295463', '56'),
(5, 2017, 4, '1,440451145', '30'),
(5, 2017, 5, '0,695137084', '49'),
(5, 2017, 6, '0,494519204', '48'),
(5, 2017, 7, '0,059739888', '113'),
(5, 2017, 8, '0,109457061', '132'),
(5, 2017, 9, 'N/A', 'N/A'),
(5, 2018, 1, '29', '29'),
(5, 2018, 2, '6,388', '29'),
(5, 2018, 3, '1,073', '56'),
(5, 2018, 4, 'N/A', 'N/A'),
(5, 2018, 5, '0,744', '46'),
(5, 2018, 6, '0,57', '43'),
(5, 2018, 7, '0,054', '110'),
(5, 2018, 8, '0,062', '142'),
(5, 2018, 9, '1,468', '38'),
(5, 2019, 1, '47', '47'),
(5, 2019, 2, '6,086', '47'),
(5, 2019, 3, '1,092', '57'),
(5, 2019, 4, 'N/A', 'N/A'),
(5, 2019, 5, '0,881', '40'),
(5, 2019, 6, '0,471', '55'),
(5, 2019, 7, '0,05', '115'),
(5, 2019, 8, '0,066', '144'),
(5, 2019, 9, '1,432', '46'),
(6, 2015, 1, '127', '127'),
(6, 2015, 2, '4,35', '127'),
(6, 2015, 3, '0,76821', '96'),
(6, 2015, 4, '0,77711', '128'),
(6, 2015, 5, '0,7299', '66'),
(6, 2015, 6, '0,19847', '147'),
(6, 2015, 7, '0,039', '135'),
(6, 2015, 8, '0,07855', '147'),
(6, 2015, 9, 'N/A', 'N/A'),
(6, 2016, 1, '121', '121'),
(6, 2016, 2, '4,36', '121'),
(6, 2016, 3, '0,86086', '99'),
(6, 2016, 4, '0,62477', '124'),
(6, 2016, 5, '0,64083', '65'),
(6, 2016, 6, '0,14037', '146'),
(6, 2016, 7, '0,03616', '139'),
(6, 2016, 8, '0,07793', '145'),
(6, 2016, 9, 'N/A', 'N/A'),
(6, 2017, 1, '120', '120'),
(6, 2017, 2, '4,375999928', '120'),
(6, 2017, 3, '0,900596738', '96'),
(6, 2017, 4, '1,007483721', '117'),
(6, 2017, 5, '0,637524426', '67'),
(6, 2017, 6, '0,198303267', '139'),
(6, 2017, 7, '0,026674422', '141'),
(6, 2017, 8, '0,083488092', '139'),
(6, 2017, 9, 'N/A', 'N/A'),
(6, 2018, 1, '129', '129'),
(6, 2018, 2, '4,321', '129'),
(6, 2018, 3, '0,816', '95'),
(6, 2018, 4, 'N/A', 'N/A'),
(6, 2018, 5, '0,666', '76'),
(6, 2018, 6, '0,26', '137'),
(6, 2018, 7, '0,028', '142'),
(6, 2018, 8, '0,077', '136'),
(6, 2018, 9, '0,99', '123'),
(6, 2019, 1, '116', '116'),
(6, 2019, 2, '4,559', '116'),
(6, 2019, 3, '0,85', '93'),
(6, 2019, 4, 'N/A', 'N/A'),
(6, 2019, 5, '0,815', '66'),
(6, 2019, 6, '0,283', '124'),
(6, 2019, 7, '0,064', '98'),
(6, 2019, 8, '0,095', '127'),
(6, 2019, 9, '1,055', '118'),
(7, 2015, 1, '10', '10'),
(7, 2015, 2, '7,284', '10'),
(7, 2015, 3, '1,33358', '14'),
(7, 2015, 4, '1,30923', '11'),
(7, 2015, 5, '0,93156', '10'),
(7, 2015, 6, '0,65124', '6'),
(7, 2015, 7, '0,35637', '15'),
(7, 2015, 8, '0,43562', '15'),
(7, 2015, 9, 'N/A', 'N/A'),
(7, 2016, 1, '9', '9'),
(7, 2016, 2, '7,313', '9'),
(7, 2016, 3, '1,44443', '16'),
(7, 2016, 4, '1,10476', '11'),
(7, 2016, 5, '0,8512', '8'),
(7, 2016, 6, '0,56837', '10'),
(7, 2016, 7, '0,32331', '13'),
(7, 2016, 8, '0,47407', '13'),
(7, 2016, 9, 'N/A', 'N/A'),
(7, 2017, 1, '10', '10'),
(7, 2017, 2, '7,28399992', '10'),
(7, 2017, 3, '1,484414935', '16'),
(7, 2017, 4, '1,510041952', '10'),
(7, 2017, 5, '0,843886793', '10'),
(7, 2017, 6, '0,601607382', '14'),
(7, 2017, 7, '0,30118373', '12'),
(7, 2017, 8, '0,47769925', '10'),
(7, 2017, 9, 'N/A', 'N/A'),
(7, 2018, 1, '10', '10'),
(7, 2018, 2, '7,272', '10'),
(7, 2018, 3, '1,34', '18'),
(7, 2018, 4, 'N/A', 'N/A'),
(7, 2018, 5, '0,91', '10'),
(7, 2018, 6, '0,647', '13'),
(7, 2018, 7, '0,302', '12'),
(7, 2018, 8, '0,361', '9'),
(7, 2018, 9, '1,573', '8'),
(7, 2019, 1, '11', '11'),
(7, 2019, 2, '7,228', '11'),
(7, 2019, 3, '1,372', '18'),
(7, 2019, 4, 'N/A', 'N/A'),
(7, 2019, 5, '1,036', '11'),
(7, 2019, 6, '0,557', '17'),
(7, 2019, 7, '0,29', '13'),
(7, 2019, 8, '0,332', '10'),
(7, 2019, 9, '1,548', '7'),
(8, 2015, 1, '13', '13'),
(8, 2015, 2, '7,2', '13'),
(8, 2015, 3, '1,33723', '12'),
(8, 2015, 4, '1,29704', '16'),
(8, 2015, 5, '0,89042', '23'),
(8, 2015, 6, '0,62433', '17'),
(8, 2015, 7, '0,18676', '38'),
(8, 2015, 8, '0,33088', '35'),
(8, 2015, 9, 'N/A', 'N/A'),
(8, 2016, 1, '12', '12'),
(8, 2016, 2, '7,119', '12'),
(8, 2016, 3, '1,45038', '14'),
(8, 2016, 4, '1,08383', '18'),
(8, 2016, 5, '0,80565', '25'),
(8, 2016, 6, '0,54355', '22'),
(8, 2016, 7, '0,21348', '30'),
(8, 2016, 8, '0,32865', '32'),
(8, 2016, 9, 'N/A', 'N/A'),
(8, 2017, 1, '13', '13'),
(8, 2017, 2, '7,006000042', '13'),
(8, 2017, 3, '1,487097263', '15'),
(8, 2017, 4, '1,459944963', '24'),
(8, 2017, 5, '0,815328419', '20'),
(8, 2017, 6, '0,56776619', '26'),
(8, 2017, 7, '0,221060365', '25'),
(8, 2017, 8, '0,316472322', '41'),
(8, 2017, 9, 'N/A', 'N/A'),
(8, 2018, 1, '12', '12'),
(8, 2018, 2, '7,139', '12'),
(8, 2018, 3, '1,341', '17'),
(8, 2018, 4, 'N/A', 'N/A'),
(8, 2018, 5, '0,891', '17'),
(8, 2018, 6, '0,617', '26'),
(8, 2018, 7, '0,224', '21'),
(8, 2018, 8, '0,242', '39'),
(8, 2018, 9, '1,504', '24'),
(8, 2019, 1, '10', '10'),
(8, 2019, 2, '7,246', '10'),
(8, 2019, 3, '1,376', '16'),
(8, 2019, 4, 'N/A', 'N/A'),
(8, 2019, 5, '1,016', '17'),
(8, 2019, 6, '0,532', '27'),
(8, 2019, 7, '0,226', '19'),
(8, 2019, 8, '0,244', '43'),
(8, 2019, 9, '1,475', '30'),
(9, 2015, 1, '80', '80'),
(9, 2015, 2, '5,212', '80'),
(9, 2015, 3, '1,02389', '62'),
(9, 2015, 4, '0,93793', '103'),
(9, 2015, 5, '0,64045', '93'),
(9, 2015, 6, '0,3703', '105'),
(9, 2015, 7, '0,16065', '46'),
(9, 2015, 8, '0,07799', '149'),
(9, 2015, 9, 'N/A', 'N/A'),
(9, 2016, 1, '81', '81'),
(9, 2016, 2, '5,291', '81'),
(9, 2016, 3, '1,12373', '61'),
(9, 2016, 4, '0,76042', '96'),
(9, 2016, 5, '0,54504', '94'),
(9, 2016, 6, '0,35327', '98'),
(9, 2016, 7, '0,17914', '38'),
(9, 2016, 8, '0,0564', '149'),
(9, 2016, 9, 'N/A', 'N/A'),
(9, 2017, 1, '84', '84'),
(9, 2017, 2, '5,234000206', '84'),
(9, 2017, 3, '1,153601766', '60'),
(9, 2017, 4, '1,152400255', '99'),
(9, 2017, 5, '0,540775776', '93'),
(9, 2017, 6, '0,398155838', '92'),
(9, 2017, 7, '0,180987507', '29'),
(9, 2017, 8, '0,04526934', '149'),
(9, 2017, 9, 'N/A', 'N/A'),
(9, 2018, 1, '87', '87'),
(9, 2018, 2, '5,201', '87'),
(9, 2018, 3, '1,024', '62'),
(9, 2018, 4, 'N/A', 'N/A'),
(9, 2018, 5, '0,603', '91'),
(9, 2018, 6, '0,43', '98'),
(9, 2018, 7, '0,176', '24'),
(9, 2018, 8, '0,031', '152'),
(9, 2018, 9, '1,161', '104'),
(9, 2019, 1, '90', '90'),
(9, 2019, 2, '5,208', '90'),
(9, 2019, 3, '1,043', '66'),
(9, 2019, 4, 'N/A', 'N/A'),
(9, 2019, 5, '0,769', '85'),
(9, 2019, 6, '0,351', '102'),
(9, 2019, 7, '0,182', '22'),
(9, 2019, 8, '0,035', '154'),
(9, 2019, 9, '1,147', '105'),
(10, 2015, 1, '49', '49'),
(10, 2015, 2, '5,96', '49'),
(10, 2015, 3, '1,32376', '20'),
(10, 2015, 4, '1,21624', '40'),
(10, 2015, 5, '0,74716', '56'),
(10, 2015, 6, '0,45492', '74'),
(10, 2015, 7, '0,306', '23'),
(10, 2015, 8, '0,17362', '108'),
(10, 2015, 9, 'N/A', 'N/A'),
(10, 2016, 1, '42', '42'),
(10, 2016, 2, '6,218', '42'),
(10, 2016, 3, '1,44024', '18'),
(10, 2016, 4, '0,94397', '54'),
(10, 2016, 5, '0,65696', '57'),
(10, 2016, 6, '0,47375', '43'),
(10, 2016, 7, '0,25772', '26'),
(10, 2016, 8, '0,17147', '110'),
(10, 2016, 9, 'N/A', 'N/A'),
(10, 2017, 1, '41', '41'),
(10, 2017, 2, '6,086999893', '41'),
(10, 2017, 3, '1,488412261', '13'),
(10, 2017, 4, '1,323110461', '60'),
(10, 2017, 5, '0,653133035', '54'),
(10, 2017, 6, '0,536746919', '35'),
(10, 2017, 7, '0,25704217', '21'),
(10, 2017, 8, '0,172668487', '109'),
(10, 2017, 9, 'N/A', 'N/A'),
(10, 2018, 1, '43', '43'),
(10, 2018, 2, '6,105', '43'),
(10, 2018, 3, '1,338', '20'),
(10, 2018, 4, 'N/A', 'N/A'),
(10, 2018, 5, '0,698', '59'),
(10, 2018, 6, '0,594', '32'),
(10, 2018, 7, '0,123', '49'),
(10, 2018, 8, '0,243', '38'),
(10, 2018, 9, '1,366', '60'),
(10, 2019, 1, '37', '37'),
(10, 2019, 2, '6,199', '37'),
(10, 2019, 3, '1,362', '21'),
(10, 2019, 4, 'N/A', 'N/A'),
(10, 2019, 5, '0,871', '45'),
(10, 2019, 6, '0,536', '25'),
(10, 2019, 7, '0,11', '52'),
(10, 2019, 8, '0,255', '36'),
(10, 2019, 9, '1,368', '59'),
(11, 2015, 1, '109', '109'),
(11, 2015, 2, '4,694', '109'),
(11, 2015, 3, '0,39753', '128'),
(11, 2015, 4, '0,43106', '149'),
(11, 2015, 5, '0,60164', '105'),
(11, 2015, 6, '0,4082', '92'),
(11, 2015, 7, '0,12569', '67'),
(11, 2015, 8, '0,21222', '84'),
(11, 2015, 9, 'N/A', 'N/A'),
(11, 2016, 1, '110', '110'),
(11, 2016, 2, '4,643', '110'),
(11, 2016, 3, '0,54177', '127'),
(11, 2016, 4, '0,24749', '149'),
(11, 2016, 5, '0,52989', '98'),
(11, 2016, 6, '0,39778', '78'),
(11, 2016, 7, '0,12583', '62'),
(11, 2016, 8, '0,19132', '96'),
(11, 2016, 9, 'N/A', 'N/A'),
(11, 2017, 1, '109', '109'),
(11, 2017, 2, '4,607999802', '109'),
(11, 2017, 3, '0,586682975', '123'),
(11, 2017, 4, '0,735131741', '141'),
(11, 2017, 5, '0,533241034', '95'),
(11, 2017, 6, '0,478356659', '54'),
(11, 2017, 7, '0,123717859', '51'),
(11, 2017, 8, '0,172255352', '110'),
(11, 2017, 9, 'N/A', 'N/A'),
(11, 2018, 1, '115', '115'),
(11, 2018, 2, '4,5', '115'),
(11, 2018, 3, '0,532', '125'),
(11, 2018, 4, 'N/A', 'N/A'),
(11, 2018, 5, '0,579', '96'),
(11, 2018, 6, '0,58', '38'),
(11, 2018, 7, '0,144', '37'),
(11, 2018, 8, '0,153', '89'),
(11, 2018, 9, '0,85', '136'),
(11, 2019, 1, '125', '125'),
(11, 2019, 2, '4,456', '125'),
(11, 2019, 3, '0,562', '122'),
(11, 2019, 4, 'N/A', 'N/A'),
(11, 2019, 5, '0,723', '94'),
(11, 2019, 6, '0,527', '28'),
(11, 2019, 7, '0,143', '38'),
(11, 2019, 8, '0,166', '86'),
(11, 2019, 9, '0,928', '127'),
(12, 2015, 1, '59', '59'),
(12, 2015, 2, '5,813', '59'),
(12, 2015, 3, '1,03192', '60'),
(12, 2015, 4, '1,23289', '34'),
(12, 2015, 5, '0,73608', '61'),
(12, 2015, 6, '0,37938', '103'),
(12, 2015, 7, '0,1909', '35'),
(12, 2015, 8, '0,11046', '139'),
(12, 2015, 9, 'N/A', 'N/A'),
(12, 2016, 1, '61', '61'),
(12, 2016, 2, '5,802', '61'),
(12, 2016, 3, '1,13062', '60'),
(12, 2016, 4, '1,04993', '28'),
(12, 2016, 5, '0,63104', '70'),
(12, 2016, 6, '0,29091', '110'),
(12, 2016, 7, '0,17457', '41'),
(12, 2016, 8, '0,13942', '123'),
(12, 2016, 9, 'N/A', 'N/A'),
(12, 2017, 1, '67', '67'),
(12, 2017, 2, '5,568999767', '67'),
(12, 2017, 3, '1,15655756', '59'),
(12, 2017, 4, '1,444945216', '28'),
(12, 2017, 5, '0,637714267', '65'),
(12, 2017, 6, '0,295400262', '118'),
(12, 2017, 7, '0,156313822', '36'),
(12, 2017, 8, '0,155137509', '115'),
(12, 2017, 9, 'N/A', 'N/A'),
(12, 2018, 1, '73', '73'),
(12, 2018, 2, '5,483', '73'),
(12, 2018, 3, '1,039', '59'),
(12, 2018, 4, 'N/A', 'N/A'),
(12, 2018, 5, '0,7', '57'),
(12, 2018, 6, '0,307', '127'),
(12, 2018, 7, '0,154', '32'),
(12, 2018, 8, '0,101', '121'),
(12, 2018, 9, '1,498', '27'),
(12, 2019, 1, '81', '81'),
(12, 2019, 2, '5,323', '81'),
(12, 2019, 3, '1,067', '60'),
(12, 2019, 4, 'N/A', 'N/A'),
(12, 2019, 5, '0,789', '78'),
(12, 2019, 6, '0,235', '132'),
(12, 2019, 7, '0,142', '39'),
(12, 2019, 8, '0,094', '128'),
(12, 2019, 9, '1,465', '33'),
(13, 2015, 1, '19', '19'),
(13, 2015, 2, '6,937', '19'),
(13, 2015, 3, '1,30782', '21'),
(13, 2015, 4, '1,28566', '18'),
(13, 2015, 5, '0,89667', '19'),
(13, 2015, 6, '0,5845', '31'),
(13, 2015, 7, '0,2254', '29'),
(13, 2015, 8, '0,2225', '75'),
(13, 2015, 9, 'N/A', 'N/A'),
(13, 2016, 1, '18', '18'),
(13, 2016, 2, '6,929', '18'),
(13, 2016, 3, '1,42539', '21'),
(13, 2016, 4, '1,05249', '26'),
(13, 2016, 5, '0,81959', '18'),
(13, 2016, 6, '0,51354', '30'),
(13, 2016, 7, '0,26248', '25'),
(13, 2016, 8, '0,2424', '66'),
(13, 2016, 9, 'N/A', 'N/A'),
(13, 2017, 1, '17', '17'),
(13, 2017, 2, '6,890999794', '17'),
(13, 2017, 3, '1,463780761', '20'),
(13, 2017, 4, '1,462312698', '23'),
(13, 2017, 5, '0,818091869', '18'),
(13, 2017, 6, '0,539770722', '34'),
(13, 2017, 7, '0,251343131', '23'),
(13, 2017, 8, '0,231503338', '78'),
(13, 2017, 9, 'N/A', 'N/A'),
(13, 2018, 1, '16', '16'),
(13, 2018, 2, '6,927', '16'),
(13, 2018, 3, '1,324', '22'),
(13, 2018, 4, 'N/A', 'N/A'),
(13, 2018, 5, '0,894', '16'),
(13, 2018, 6, '0,583', '37'),
(13, 2018, 7, '0,24', '20'),
(13, 2018, 8, '0,188', '65'),
(13, 2018, 9, '1,483', '32'),
(13, 2019, 1, '18', '18'),
(13, 2019, 2, '6,923', '18'),
(13, 2019, 3, '1,356', '22'),
(13, 2019, 4, 'N/A', 'N/A'),
(13, 2019, 5, '0,986', '28'),
(13, 2019, 6, '0,473', '54'),
(13, 2019, 7, '0,21', '20'),
(13, 2019, 8, '0,16', '88'),
(13, 2019, 9, '1,504', '21'),
(14, 2016, 1, '52', '52'),
(14, 2016, 2, '5,956', '52'),
(14, 2016, 3, '0,87616', '96'),
(14, 2016, 4, '0,68655', '113'),
(14, 2016, 5, '0,45569', '111'),
(14, 2016, 6, '0,51231', '31'),
(14, 2016, 7, '0,10771', '75'),
(14, 2016, 8, '0,23684', '71'),
(14, 2016, 9, 'N/A', 'N/A'),
(14, 2017, 1, '50', '50'),
(14, 2017, 2, '5,955999851', '50'),
(14, 2017, 3, '0,907975316', '95'),
(14, 2017, 4, '1,081417799', '112'),
(14, 2017, 5, '0,450191766', '109'),
(14, 2017, 6, '0,547509372', '33'),
(14, 2017, 7, '0,096581072', '69'),
(14, 2017, 8, '0,240015641', '72'),
(14, 2017, 9, 'N/A', 'N/A'),
(14, 2018, 1, '49', '49'),
(14, 2018, 2, '5,956', '49'),
(14, 2018, 3, '0,807', '96'),
(14, 2018, 4, 'N/A', 'N/A'),
(14, 2018, 5, '0,474', '111'),
(14, 2018, 6, '0,593', '33'),
(14, 2018, 7, '0,089', '74'),
(14, 2018, 8, '0,183', '70'),
(14, 2018, 9, '1,101', '111'),
(15, 2015, 1, '155', '155'),
(15, 2015, 2, '3,34', '155'),
(15, 2015, 3, '0,28665', '137'),
(15, 2015, 4, '0,35386', '155'),
(15, 2015, 5, '0,3191', '135'),
(15, 2015, 6, '0,4845', '62'),
(15, 2015, 7, '0,0801', '102'),
(15, 2015, 8, '0,1826', '101'),
(15, 2015, 9, 'N/A', 'N/A'),
(15, 2016, 1, '153', '153'),
(15, 2016, 2, '3,484', '153'),
(15, 2016, 3, '0,39499', '135'),
(15, 2016, 4, '0,10419', '156'),
(15, 2016, 5, '0,21028', '141'),
(15, 2016, 6, '0,39747', '79'),
(15, 2016, 7, '0,06681', '113'),
(15, 2016, 8, '0,2018', '93'),
(15, 2016, 9, 'N/A', 'N/A'),
(15, 2017, 1, '142', '142'),
(15, 2017, 2, '3,657000065', '142'),
(15, 2017, 3, '0,431085408', '133'),
(15, 2017, 4, '0,435299844', '151'),
(15, 2017, 5, '0,209930211', '136'),
(15, 2017, 6, '0,425962776', '82'),
(15, 2017, 7, '0,060929015', '109'),
(15, 2017, 8, '0,207948461', '90'),
(15, 2017, 9, 'N/A', 'N/A'),
(15, 2018, 1, '136', '136'),
(15, 2018, 2, '4,141', '136'),
(15, 2018, 3, '0,378', '134'),
(15, 2018, 4, 'N/A', 'N/A'),
(15, 2018, 5, '0,24', '140'),
(15, 2018, 6, '0,44', '95'),
(15, 2018, 7, '0,067', '94'),
(15, 2018, 8, '0,163', '84'),
(15, 2018, 9, '0,372', '155'),
(15, 2019, 1, '102', '102'),
(15, 2019, 2, '4,883', '102'),
(15, 2019, 3, '0,393', '131'),
(15, 2019, 4, 'N/A', 'N/A'),
(15, 2019, 5, '0,397', '138'),
(15, 2019, 6, '0,349', '104'),
(15, 2019, 7, '0,082', '81'),
(15, 2019, 8, '0,175', '82'),
(15, 2019, 9, '0,437', '154'),
(16, 2015, 1, '79', '79'),
(16, 2015, 2, '5,253', '79'),
(16, 2015, 3, '0,77042', '95'),
(16, 2015, 4, '1,10395', '62'),
(16, 2015, 5, '0,57407', '108'),
(16, 2015, 6, '0,53206', '47'),
(16, 2015, 7, '0,15445', '51'),
(16, 2015, 8, '0,47998', '7'),
(16, 2015, 9, 'N/A', 'N/A'),
(16, 2016, 1, '84', '84'),
(16, 2016, 2, '5,196', '84'),
(16, 2016, 3, '0,8527', '100'),
(16, 2016, 4, '0,90836', '60'),
(16, 2016, 5, '0,49759', '107'),
(16, 2016, 6, '0,46074', '50'),
(16, 2016, 7, '0,1616', '47'),
(16, 2016, 8, '0,48546', '8'),
(16, 2016, 9, 'N/A', 'N/A'),
(16, 2017, 1, '96', '96'),
(16, 2017, 2, '5,011000156', '96'),
(16, 2017, 3, '0,885416389', '98'),
(16, 2017, 4, '1,340126514', '58'),
(16, 2017, 5, '0,495879292', '104'),
(16, 2017, 6, '0,501537681', '45'),
(16, 2017, 7, '0,17338039', '32'),
(16, 2017, 8, '0,474054545', '12'),
(16, 2017, 9, 'N/A', 'N/A'),
(16, 2018, 1, '97', '97'),
(16, 2018, 2, '5,082', '97'),
(16, 2018, 3, '0,796', '98'),
(16, 2018, 4, 'N/A', 'N/A'),
(16, 2018, 5, '0,527', '105'),
(16, 2018, 6, '0,541', '53'),
(16, 2018, 7, '0,171', '28'),
(16, 2018, 8, '0,364', '7'),
(16, 2018, 9, '1,335', '63'),
(16, 2019, 1, '95', '95'),
(16, 2019, 2, '5,082', '95'),
(16, 2019, 3, '0,813', '97'),
(16, 2019, 4, 'N/A', 'N/A'),
(16, 2019, 5, '0,604', '109'),
(16, 2019, 6, '0,457', '59'),
(16, 2019, 7, '0,167', '26'),
(16, 2019, 8, '0,37', '6'),
(16, 2019, 9, '1,321', '68'),
(17, 2015, 1, '51', '51'),
(17, 2015, 2, '5,89', '51'),
(17, 2015, 3, '0,68133', '105'),
(17, 2015, 4, '0,97841', '93'),
(17, 2015, 5, '0,5392', '112'),
(17, 2015, 6, '0,57414', '34'),
(17, 2015, 7, '0,088', '91'),
(17, 2015, 8, '0,20536', '88'),
(17, 2015, 9, 'N/A', 'N/A'),
(17, 2016, 1, '59', '59'),
(17, 2016, 2, '5,822', '59'),
(17, 2016, 3, '0,79422', '106'),
(17, 2016, 4, '0,83779', '80'),
(17, 2016, 5, '0,4697', '110'),
(17, 2016, 6, '0,50961', '32'),
(17, 2016, 7, '0,07746', '102'),
(17, 2016, 8, '0,21698', '82'),
(17, 2016, 9, 'N/A', 'N/A'),
(17, 2017, 1, '58', '58'),
(17, 2017, 2, '5,822999954', '58'),
(17, 2017, 3, '0,833756566', '103'),
(17, 2017, 4, '1,227619052', '83'),
(17, 2017, 5, '0,47363025', '106'),
(17, 2017, 6, '0,558732927', '29'),
(17, 2017, 7, '0,060477726', '110'),
(17, 2017, 8, '0,225560725', '82'),
(17, 2017, 9, 'N/A', 'N/A'),
(17, 2018, 1, '62', '62'),
(17, 2018, 2, '5,752', '62'),
(17, 2018, 3, '0,751', '103'),
(17, 2018, 4, 'N/A', 'N/A'),
(17, 2018, 5, '0,508', '109'),
(17, 2018, 6, '0,606', '28'),
(17, 2018, 7, '0,054', '110'),
(17, 2018, 8, '0,141', '98'),
(17, 2018, 9, '1,223', '88'),
(17, 2019, 1, '61', '61'),
(17, 2019, 2, '5,779', '61'),
(17, 2019, 3, '0,776', '103'),
(17, 2019, 4, 'N/A', 'N/A'),
(17, 2019, 5, '0,706', '98'),
(17, 2019, 6, '0,511', '36'),
(17, 2019, 7, '0,064', '98'),
(17, 2019, 8, '0,137', '104'),
(17, 2019, 9, '1,209', '94'),
(18, 2015, 1, '96', '96'),
(18, 2015, 2, '4,949', '96'),
(18, 2015, 3, '0,83223', '89'),
(18, 2015, 4, '0,91916', '106'),
(18, 2015, 5, '0,79081', '44'),
(18, 2015, 6, '0,09245', '156'),
(18, 2015, 7, '0,00227', '157'),
(18, 2015, 8, '0,24808', '60'),
(18, 2015, 9, 'N/A', 'N/A'),
(18, 2016, 1, '87', '87'),
(18, 2016, 2, '5,163', '87'),
(18, 2016, 3, '0,93383', '91'),
(18, 2016, 4, '0,64367', '117'),
(18, 2016, 5, '0,70766', '45'),
(18, 2016, 6, '0,09511', '152'),
(18, 2016, 7, '0', '157'),
(18, 2016, 8, '0,29889', '44'),
(18, 2016, 9, 'N/A', 'N/A'),
(18, 2017, 1, '89', '89'),
(18, 2017, 2, '5,18200016', '89'),
(18, 2017, 3, '0,982409418', '88'),
(18, 2017, 4, '1,069335938', '113'),
(18, 2017, 5, '0,705186307', '45'),
(18, 2017, 6, '0,204403177', '138'),
(18, 2017, 7, '0', '154'),
(18, 2017, 8, '0,328867495', '35'),
(18, 2017, 9, 'N/A', 'N/A'),
(18, 2018, 1, '93', '93'),
(18, 2018, 2, '5,129', '93'),
(18, 2018, 3, '0,915', '83'),
(18, 2018, 4, 'N/A', 'N/A'),
(18, 2018, 5, '0,758', '44'),
(18, 2018, 6, '0,28', '134'),
(18, 2018, 7, '0', '155'),
(18, 2018, 8, '0,216', '47'),
(18, 2018, 9, '1,078', '116'),
(18, 2019, 1, '78', '78'),
(18, 2019, 2, '5,386', '78'),
(18, 2019, 3, '0,945', '84'),
(18, 2019, 4, 'N/A', 'N/A'),
(18, 2019, 5, '0,845', '53'),
(18, 2019, 6, '0,212', '138'),
(18, 2019, 7, '0,006', '152'),
(18, 2019, 8, '0,263', '28'),
(18, 2019, 9, '1,212', '93'),
(19, 2015, 1, '128', '128'),
(19, 2015, 2, '4,332', '128'),
(19, 2015, 3, '0,99355', '68'),
(19, 2015, 4, '1,10464', '61'),
(19, 2015, 5, '0,04776', '157'),
(19, 2015, 6, '0,49495', '55'),
(19, 2015, 7, '0,12474', '69'),
(19, 2015, 8, '0,10461', '143'),
(19, 2015, 9, 'N/A', 'N/A'),
(19, 2016, 1, '137', '137'),
(19, 2016, 2, '3,974', '137'),
(19, 2016, 3, '1,09426', '67'),
(19, 2016, 4, '0,89186', '63'),
(19, 2016, 5, '0,34752', '122'),
(19, 2016, 6, '0,44089', '54'),
(19, 2016, 7, '0,10769', '76'),
(19, 2016, 8, '0,12425', '129'),
(19, 2016, 9, 'N/A', 'N/A'),
(19, 2017, 1, '141', '141'),
(19, 2017, 2, '3,766000032', '141'),
(19, 2017, 3, '1,122094154', '65'),
(19, 2017, 4, '1,221554995', '84'),
(19, 2017, 5, '0,341755509', '119'),
(19, 2017, 6, '0,505196333', '44'),
(19, 2017, 7, '0,098583199', '68'),
(19, 2017, 8, '0,099348448', '134'),
(19, 2017, 9, 'N/A', 'N/A'),
(19, 2018, 1, '146', '146'),
(19, 2018, 2, '3,59', '146'),
(19, 2018, 3, '1,017', '63'),
(19, 2018, 4, 'N/A', 'N/A'),
(19, 2018, 5, '0,417', '118'),
(19, 2018, 6, '0,557', '45'),
(19, 2018, 7, '0,092', '73'),
(19, 2018, 8, '0,042', '148'),
(19, 2018, 9, '1,174', '99'),
(19, 2019, 1, '148', '148'),
(19, 2019, 2, '3,488', '148'),
(19, 2019, 3, '1,041', '68'),
(19, 2019, 4, 'N/A', 'N/A'),
(19, 2019, 5, '0,538', '118'),
(19, 2019, 6, '0,455', '61'),
(19, 2019, 7, '0,1', '58'),
(19, 2019, 8, '0,025', '155'),
(19, 2019, 9, '1,145', '106'),
(20, 2015, 1, '16', '16'),
(20, 2015, 2, '6,983', '16'),
(20, 2015, 3, '0,98124', '70'),
(20, 2015, 4, '1,23287', '35'),
(20, 2015, 5, '0,69702', '79'),
(20, 2015, 6, '0,49049', '57'),
(20, 2015, 7, '0,17521', '42'),
(20, 2015, 8, '0,14574', '120'),
(20, 2015, 9, 'N/A', 'N/A'),
(20, 2016, 1, '17', '17'),
(20, 2016, 2, '6,952', '17'),
(20, 2016, 3, '1,08754', '69'),
(20, 2016, 4, '1,03938', '34'),
(20, 2016, 5, '0,61415', '77'),
(20, 2016, 6, '0,40425', '74'),
(20, 2016, 7, '0,14166', '53'),
(20, 2016, 8, '0,15776', '116'),
(20, 2016, 9, 'N/A', 'N/A'),
(20, 2017, 1, '22', '22'),
(20, 2017, 2, '6,635000229', '22'),
(20, 2017, 3, '1,10735321', '68'),
(20, 2017, 4, '1,431306005', '35'),
(20, 2017, 5, '0,616552353', '75'),
(20, 2017, 6, '0,437453747', '78'),
(20, 2017, 7, '0,111092761', '60'),
(20, 2017, 8, '0,162349895', '112'),
(20, 2017, 9, 'N/A', 'N/A'),
(20, 2018, 1, '28', '28'),
(20, 2018, 2, '6,419', '28'),
(20, 2018, 3, '0,986', '71'),
(20, 2018, 4, 'N/A', 'N/A'),
(20, 2018, 5, '0,675', '68'),
(20, 2018, 6, '0,493', '78'),
(20, 2018, 7, '0,088', '75'),
(20, 2018, 8, '0,11', '117'),
(20, 2018, 9, '1,474', '34'),
(20, 2019, 1, '32', '32'),
(20, 2019, 2, '6,3', '32'),
(20, 2019, 3, '1,004', '72'),
(20, 2019, 4, 'N/A', 'N/A'),
(20, 2019, 5, '0,802', '75'),
(20, 2019, 6, '0,39', '85'),
(20, 2019, 7, '0,086', '77'),
(20, 2019, 8, '0,099', '125'),
(20, 2019, 9, '1,439', '43'),
(21, 2015, 1, '134', '134'),
(21, 2015, 2, '4,218', '134'),
(21, 2015, 3, '1,01216', '64'),
(21, 2015, 4, '1,10614', '60'),
(21, 2015, 5, '0,76649', '52'),
(21, 2015, 6, '0,30587', '126'),
(21, 2015, 7, '0,00872', '155'),
(21, 2015, 8, '0,11921', '132'),
(21, 2015, 9, 'N/A', 'N/A'),
(21, 2016, 1, '129', '129'),
(21, 2016, 2, '4,217', '129'),
(21, 2016, 3, '1,11306', '65'),
(21, 2016, 4, '0,92542', '58'),
(21, 2016, 5, '0,67806', '52'),
(21, 2016, 6, '0,21219', '130'),
(21, 2016, 7, '0,00615', '155'),
(21, 2016, 8, '0,12793', '127'),
(21, 2016, 9, 'N/A', 'N/A'),
(21, 2017, 1, '104', '104'),
(21, 2017, 2, '4,714000225', '104'),
(21, 2017, 3, '1,161459088', '57'),
(21, 2017, 4, '1,434379458', '32'),
(21, 2017, 5, '0,70821768', '43'),
(21, 2017, 6, '0,289231718', '120'),
(21, 2017, 7, '0,011051531', '150'),
(21, 2017, 8, '0,113177694', '131'),
(21, 2017, 9, 'N/A', 'N/A'),
(21, 2018, 1, '100', '100'),
(21, 2018, 2, '4,933', '100'),
(21, 2018, 3, '1,054', '58'),
(21, 2018, 4, 'N/A', 'N/A'),
(21, 2018, 5, '0,712', '54'),
(21, 2018, 6, '0,359', '116'),
(21, 2018, 7, '0,009', '152'),
(21, 2018, 8, '0,064', '140'),
(21, 2018, 9, '1,515', '22'),
(21, 2019, 1, '97', '97'),
(21, 2019, 2, '5,011', '97'),
(21, 2019, 3, '1,092', '57'),
(21, 2019, 4, 'N/A', 'N/A'),
(21, 2019, 5, '0,815', '66'),
(21, 2019, 6, '0,311', '116'),
(21, 2019, 7, '0,004', '155'),
(21, 2019, 8, '0,081', '134'),
(21, 2019, 9, '1,513', '18'),
(22, 2015, 1, '152', '152'),
(22, 2015, 2, '3,587', '152'),
(22, 2015, 3, '0,25812', '143'),
(22, 2015, 4, '0,85188', '120'),
(22, 2015, 5, '0,27125', '142'),
(22, 2015, 6, '0,39493', '100'),
(22, 2015, 7, '0,12832', '66'),
(22, 2015, 8, '0,21747', '78'),
(22, 2015, 9, 'N/A', 'N/A'),
(22, 2016, 1, '145', '145'),
(22, 2016, 2, '3,739', '145'),
(22, 2016, 3, '0,31995', '144'),
(22, 2016, 4, '0,63054', '121'),
(22, 2016, 5, '0,21297', '140'),
(22, 2016, 6, '0,3337', '100'),
(22, 2016, 7, '0,12533', '63'),
(22, 2016, 8, '0,24353', '65'),
(22, 2016, 9, 'N/A', 'N/A'),
(22, 2017, 1, '133', '133'),
(22, 2017, 2, '4,032000065', '133'),
(22, 2017, 3, '0,350227714', '142'),
(22, 2017, 4, '1,043280005', '115'),
(22, 2017, 5, '0,215844259', '135'),
(22, 2017, 6, '0,324367851', '111'),
(22, 2017, 7, '0,120328106', '52'),
(22, 2017, 8, '0,250864685', '64'),
(22, 2017, 9, 'N/A', 'N/A'),
(22, 2018, 1, '121', '121'),
(22, 2018, 2, '4,424', '121'),
(22, 2018, 3, '0,314', '144'),
(22, 2018, 4, 'N/A', 'N/A'),
(22, 2018, 5, '0,254', '137'),
(22, 2018, 6, '0,312', '124'),
(22, 2018, 7, '0,128', '46'),
(22, 2018, 8, '0,175', '76'),
(22, 2018, 9, '1,097', '112'),
(22, 2019, 1, '115', '115'),
(22, 2019, 2, '4,587', '115'),
(22, 2019, 3, '0,331', '140'),
(22, 2019, 4, 'N/A', 'N/A'),
(22, 2019, 5, '0,38', '140'),
(22, 2019, 6, '0,255', '128'),
(22, 2019, 7, '0,113', '51'),
(22, 2019, 8, '0,177', '79'),
(22, 2019, 9, '1,056', '117'),
(23, 2015, 1, '157', '157'),
(23, 2015, 2, '2,905', '157'),
(23, 2015, 3, '0,0153', '157'),
(23, 2015, 4, '0,41587', '150'),
(23, 2015, 5, '0,22396', '146'),
(23, 2015, 6, '0,1185', '153'),
(23, 2015, 7, '0,10062', '85'),
(23, 2015, 8, '0,19727', '90'),
(23, 2015, 9, 'N/A', 'N/A'),
(23, 2016, 1, '157', '157'),
(23, 2016, 2, '2,905', '157'),
(23, 2016, 3, '0,06831', '155'),
(23, 2016, 4, '0,23442', '150'),
(23, 2016, 5, '0,15747', '150'),
(23, 2016, 6, '0,0432', '155'),
(23, 2016, 7, '0,09419', '85'),
(23, 2016, 8, '0,2029', '92'),
(23, 2016, 9, 'N/A', 'N/A'),
(23, 2017, 1, '153', '153'),
(23, 2017, 2, '2,904999971', '153'),
(23, 2017, 3, '0,091622569', '152'),
(23, 2017, 4, '0,629793584', '146'),
(23, 2017, 5, '0,151610792', '144'),
(23, 2017, 6, '0,059900753', '151'),
(23, 2017, 7, '0,084147945', '84'),
(23, 2017, 8, '0,204435185', '92'),
(23, 2017, 9, 'N/A', 'N/A'),
(23, 2018, 1, '156', '156'),
(23, 2018, 2, '2,905', '156'),
(23, 2018, 3, '0,091', '152'),
(23, 2018, 4, 'N/A', 'N/A'),
(23, 2018, 5, '0,145', '149'),
(23, 2018, 6, '0,065', '153'),
(23, 2018, 7, '0,076', '87'),
(23, 2018, 8, '0,149', '91'),
(23, 2018, 9, '0,627', '148'),
(23, 2019, 1, '145', '145'),
(23, 2019, 2, '3,775', '145'),
(23, 2019, 3, '0,046', '154'),
(23, 2019, 4, 'N/A', 'N/A'),
(23, 2019, 5, '0,38', '140'),
(23, 2019, 6, '0,22', '136'),
(23, 2019, 7, '0,18', '24'),
(23, 2019, 8, '0,176', '81'),
(23, 2019, 9, '0,447', '153'),
(24, 2015, 1, '145', '145'),
(24, 2015, 2, '3,819', '145'),
(24, 2015, 3, '0,46038', '124'),
(24, 2015, 4, '0,62736', '142'),
(24, 2015, 5, '0,61114', '100'),
(24, 2015, 6, '0,66246', '3'),
(24, 2015, 7, '0,07247', '109'),
(24, 2015, 8, '0,40359', '18'),
(24, 2015, 9, 'N/A', 'N/A'),
(24, 2016, 1, '140', '140'),
(24, 2016, 2, '3,907', '140'),
(24, 2016, 3, '0,55604', '125'),
(24, 2016, 4, '0,5375', '132'),
(24, 2016, 5, '0,42494', '114'),
(24, 2016, 6, '0,58852', '3'),
(24, 2016, 7, '0,08092', '100'),
(24, 2016, 8, '0,40339', '21'),
(24, 2016, 9, 'N/A', 'N/A'),
(24, 2017, 1, '128', '128'),
(24, 2017, 2, '4,168000221', '128'),
(24, 2017, 3, '0,601765096', '120'),
(24, 2017, 4, '1,006238341', '118'),
(24, 2017, 5, '0,429783404', '111'),
(24, 2017, 6, '0,633375823', '3'),
(24, 2017, 7, '0,068105951', '100'),
(24, 2017, 8, '0,385922968', '23'),
(24, 2017, 9, 'N/A', 'N/A'),
(24, 2018, 1, '120', '120'),
(24, 2018, 2, '4,433', '120'),
(24, 2018, 3, '0,549', '122'),
(24, 2018, 4, 'N/A', 'N/A'),
(24, 2018, 5, '0,457', '112'),
(24, 2018, 6, '0,696', '2'),
(24, 2018, 7, '0,065', '96'),
(24, 2018, 8, '0,256', '32'),
(24, 2018, 9, '1,088', '115'),
(24, 2019, 1, '109', '109'),
(24, 2019, 2, '4,7', '109'),
(24, 2019, 3, '0,574', '119'),
(24, 2019, 4, 'N/A', 'N/A'),
(24, 2019, 5, '0,637', '107'),
(24, 2019, 6, '0,609', '2'),
(24, 2019, 7, '0,062', '101'),
(24, 2019, 8, '0,232', '51'),
(24, 2019, 9, '1,122', '110'),
(25, 2015, 1, '133', '133'),
(25, 2015, 2, '4,252', '133'),
(25, 2015, 3, '0,4225', '127'),
(25, 2015, 4, '0,88767', '114'),
(25, 2015, 5, '0,23402', '144'),
(25, 2015, 6, '0,49309', '56'),
(25, 2015, 7, '0,05786', '124'),
(25, 2015, 8, '0,20618', '87'),
(25, 2015, 9, 'N/A', 'N/A'),
(25, 2016, 1, '114', '114'),
(25, 2016, 2, '4,513', '114'),
(25, 2016, 3, '0,52497', '128'),
(25, 2016, 4, '0,62542', '123'),
(25, 2016, 5, '0,12698', '151'),
(25, 2016, 6, '0,42736', '61'),
(25, 2016, 7, '0,06126', '118'),
(25, 2016, 8, '0,2268', '76'),
(25, 2016, 9, 'N/A', 'N/A'),
(25, 2017, 1, '106', '106'),
(25, 2017, 2, '4,695000172', '106'),
(25, 2017, 3, '0,564305365', '124'),
(25, 2017, 4, '0,946018219', '126'),
(25, 2017, 5, '0,132892117', '145'),
(25, 2017, 6, '0,430388749', '81'),
(25, 2017, 7, '0,051306631', '121'),
(25, 2017, 8, '0,236298457', '73'),
(25, 2017, 9, 'N/A', 'N/A'),
(25, 2018, 1, '99', '99'),
(25, 2018, 2, '4,975', '99'),
(25, 2018, 3, '0,535', '124'),
(25, 2018, 4, 'N/A', 'N/A'),
(25, 2018, 5, '0,182', '145'),
(25, 2018, 6, '0,454', '89'),
(25, 2018, 7, '0,043', '123'),
(25, 2018, 8, '0,183', '70'),
(25, 2018, 9, '0,891', '132'),
(25, 2019, 1, '96', '96'),
(25, 2019, 2, '5,044', '96'),
(25, 2019, 3, '0,549', '124'),
(25, 2019, 4, 'N/A', 'N/A'),
(25, 2019, 5, '0,331', '146'),
(25, 2019, 6, '0,381', '91'),
(25, 2019, 7, '0,037', '127'),
(25, 2019, 8, '0,187', '71'),
(25, 2019, 9, '0,91', '130'),
(26, 2015, 1, '5', '5'),
(26, 2015, 2, '7,427', '5'),
(26, 2015, 3, '1,32629', '18'),
(26, 2015, 4, '1,32261', '7'),
(26, 2015, 5, '0,90563', '18'),
(26, 2015, 6, '0,63297', '13'),
(26, 2015, 7, '0,32957', '16'),
(26, 2015, 8, '0,45811', '13'),
(26, 2015, 9, 'N/A', 'N/A'),
(26, 2016, 1, '6', '6'),
(26, 2016, 2, '7,404', '6'),
(26, 2016, 3, '1,44015', '19'),
(26, 2016, 4, '1,0961', '14'),
(26, 2016, 5, '0,8276', '17'),
(26, 2016, 6, '0,5737', '8'),
(26, 2016, 7, '0,31329', '16'),
(26, 2016, 8, '0,44834', '16'),
(26, 2016, 9, 'N/A', 'N/A'),
(26, 2017, 1, '7', '7'),
(26, 2017, 2, '7,315999985', '7'),
(26, 2017, 3, '1,479204416', '19'),
(26, 2017, 4, '1,481348991', '17'),
(26, 2017, 5, '0,834557652', '13'),
(26, 2017, 6, '0,611100912', '10'),
(26, 2017, 7, '0,287371516', '14'),
(26, 2017, 8, '0,435539722', '15'),
(26, 2017, 9, 'N/A', 'N/A'),
(26, 2018, 1, '7', '7'),
(26, 2018, 2, '7,328', '7'),
(26, 2018, 3, '1,33', '21'),
(26, 2018, 4, 'N/A', 'N/A'),
(26, 2018, 5, '0,896', '14'),
(26, 2018, 6, '0,653', '12'),
(26, 2018, 7, '0,291', '14'),
(26, 2018, 8, '0,321', '15'),
(26, 2018, 9, '1,532', '14'),
(26, 2019, 1, '9', '9'),
(26, 2019, 2, '7,278', '9'),
(26, 2019, 3, '1,365', '20'),
(26, 2019, 4, 'N/A', 'N/A'),
(26, 2019, 5, '1,039', '9'),
(26, 2019, 6, '0,584', '9'),
(26, 2019, 7, '0,308', '11'),
(26, 2019, 8, '0,285', '17'),
(26, 2019, 9, '1,505', '20'),
(27, 2015, 1, '148', '148'),
(27, 2015, 2, '3,678', '148'),
(27, 2015, 3, '0,0785', '153'),
(27, 2015, 4, '0', '158'),
(27, 2015, 5, '0,06699', '156'),
(27, 2015, 6, '0,48879', '59'),
(27, 2015, 7, '0,08289', '97'),
(27, 2015, 8, '0,23835', '64'),
(27, 2015, 9, 'N/A', 'N/A'),
(27, 2017, 1, '154', '154'),
(27, 2017, 2, '2,693000078', '154'),
(27, 2017, 3, '0', '154'),
(27, 2017, 4, '0', '154'),
(27, 2017, 5, '0,018772686', '152'),
(27, 2017, 6, '0,270842046', '124'),
(27, 2017, 7, '0,056565076', '118'),
(27, 2017, 8, '0,280876487', '53'),
(27, 2017, 9, 'N/A', 'N/A'),
(27, 2018, 1, '155', '155'),
(27, 2018, 2, '3,083', '155'),
(27, 2018, 3, '0,024', '155'),
(27, 2018, 4, 'N/A', 'N/A'),
(27, 2018, 5, '0,01', '155'),
(27, 2018, 6, '0,305', '128'),
(27, 2018, 7, '0,038', '127'),
(27, 2018, 8, '0,218', '46'),
(27, 2018, 9, '0', '156'),
(27, 2019, 1, '155', '155'),
(27, 2019, 2, '3,083', '155'),
(27, 2019, 3, '0,026', '155'),
(27, 2019, 4, 'N/A', 'N/A'),
(27, 2019, 5, '0,105', '155'),
(27, 2019, 6, '0,225', '134'),
(27, 2019, 7, '0,035', '129'),
(27, 2019, 8, '0,235', '48'),
(27, 2019, 9, '0', '156'),
(28, 2015, 1, '149', '149'),
(28, 2015, 2, '3,667', '149'),
(28, 2015, 3, '0,34193', '134'),
(28, 2015, 4, '0,76062', '132'),
(28, 2015, 5, '0,1501', '151'),
(28, 2015, 6, '0,23501', '140'),
(28, 2015, 7, '0,05269', '127'),
(28, 2015, 8, '0,18386', '99'),
(28, 2015, 9, 'N/A', 'N/A'),
(28, 2016, 1, '144', '144'),
(28, 2016, 2, '3,763', '144'),
(28, 2016, 3, '0,42214', '134'),
(28, 2016, 4, '0,63178', '120'),
(28, 2016, 5, '0,03824', '156'),
(28, 2016, 6, '0,12807', '149'),
(28, 2016, 7, '0,04952', '129'),
(28, 2016, 8, '0,18667', '99'),
(28, 2016, 9, 'N/A', 'N/A'),
(28, 2017, 1, '136', '136'),
(28, 2017, 2, '3,936000109', '136'),
(28, 2017, 3, '0,438012987', '132'),
(28, 2017, 4, '0,953855872', '125'),
(28, 2017, 5, '0,041134715', '151'),
(28, 2017, 6, '0,162342027', '143'),
(28, 2017, 7, '0,053581882', '120'),
(28, 2017, 8, '0,21611385', '85'),
(28, 2017, 9, 'N/A', 'N/A'),
(28, 2018, 1, '131', '131'),
(28, 2018, 2, '4,301', '131'),
(28, 2018, 3, '0,358', '136'),
(28, 2018, 4, 'N/A', 'N/A'),
(28, 2018, 5, '0,053', '153'),
(28, 2018, 6, '0,189', '144'),
(28, 2018, 7, '0,06', '105'),
(28, 2018, 8, '0,181', '72'),
(28, 2018, 9, '0,907', '127'),
(28, 2019, 1, '132', '132'),
(28, 2019, 2, '4,35', '132'),
(28, 2019, 3, '0,35', '136'),
(28, 2019, 4, 'N/A', 'N/A'),
(28, 2019, 5, '0,192', '153'),
(28, 2019, 6, '0,174', '143'),
(28, 2019, 7, '0,078', '86'),
(28, 2019, 8, '0,198', '65'),
(28, 2019, 9, '0,766', '142'),
(29, 2015, 1, '27', '27'),
(29, 2015, 2, '6,67', '27'),
(29, 2015, 3, '1,10715', '51'),
(29, 2015, 4, '1,12447', '57'),
(29, 2015, 5, '0,85857', '34'),
(29, 2015, 6, '0,44132', '77'),
(29, 2015, 7, '0,12869', '65'),
(29, 2015, 8, '0,33363', '31'),
(29, 2015, 9, 'N/A', 'N/A'),
(29, 2016, 1, '24', '24'),
(29, 2016, 2, '6,705', '24'),
(29, 2016, 3, '1,2167', '50'),
(29, 2016, 4, '0,90587', '61'),
(29, 2016, 5, '0,81883', '19'),
(29, 2016, 6, '0,37789', '86'),
(29, 2016, 7, '0,11451', '73'),
(29, 2016, 8, '0,31595', '37'),
(29, 2016, 9, 'N/A', 'N/A'),
(29, 2017, 1, '20', '20'),
(29, 2017, 2, '6,65199995', '20'),
(29, 2017, 3, '1,25278461', '48'),
(29, 2017, 4, '1,284024954', '65'),
(29, 2017, 5, '0,819479704', '17'),
(29, 2017, 6, '0,376895279', '100'),
(29, 2017, 7, '0,082287982', '85'),
(29, 2017, 8, '0,326662421', '36'),
(29, 2017, 9, 'N/A', 'N/A'),
(29, 2018, 1, '25', '25'),
(29, 2018, 2, '6,476', '25'),
(29, 2018, 3, '1,131', '50'),
(29, 2018, 4, 'N/A', 'N/A'),
(29, 2018, 5, '0,808', '35'),
(29, 2018, 6, '0,431', '97'),
(29, 2018, 7, '0,061', '102'),
(29, 2018, 8, '0,197', '60'),
(29, 2018, 9, '1,331', '64'),
(29, 2019, 1, '26', '26'),
(29, 2019, 2, '6,444', '26'),
(29, 2019, 3, '1,159', '51'),
(29, 2019, 4, 'N/A', 'N/A'),
(29, 2019, 5, '0,92', '32'),
(29, 2019, 6, '0,357', '99'),
(29, 2019, 7, '0,056', '105'),
(29, 2019, 8, '0,187', '71'),
(29, 2019, 9, '1,369', '58'),
(30, 2015, 1, '84', '84'),
(30, 2015, 2, '5,14', '84'),
(30, 2015, 3, '0,89012', '83'),
(30, 2015, 4, '0,94675', '101'),
(30, 2015, 5, '0,81658', '37'),
(30, 2015, 6, '0,51697', '50'),
(30, 2015, 7, '0,02781', '143'),
(30, 2015, 8, '0,08185', '146'),
(30, 2015, 9, 'N/A', 'N/A'),
(30, 2016, 1, '83', '83'),
(30, 2016, 2, '5,245', '83'),
(30, 2016, 3, '1,0278', '79'),
(30, 2016, 4, '0,79381', '89'),
(30, 2016, 5, '0,73561', '38'),
(30, 2016, 6, '0,44012', '55'),
(30, 2016, 7, '0,02745', '147'),
(30, 2016, 8, '0,04959', '150'),
(30, 2016, 9, 'N/A', 'N/A'),
(30, 2017, 1, '78', '78'),
(30, 2017, 2, '5,272999763', '78'),
(30, 2017, 3, '1,081165791', '72'),
(30, 2017, 4, '1,160837412', '96'),
(30, 2017, 5, '0,741415501', '35'),
(30, 2017, 6, '0,472787708', '58'),
(30, 2017, 7, '0,022794275', '146'),
(30, 2017, 8, '0,028806841', '152'),
(30, 2017, 9, 'N/A', 'N/A'),
(30, 2018, 1, '86', '86'),
(30, 2018, 2, '5,246', '86'),
(30, 2018, 3, '0,989', '70'),
(30, 2018, 4, 'N/A', 'N/A'),
(30, 2018, 5, '0,799', '36'),
(30, 2018, 6, '0,597', '30'),
(30, 2018, 7, '0,103', '61'),
(30, 2018, 8, '0,029', '153'),
(30, 2018, 9, '1,142', '107'),
(30, 2019, 1, '93', '93'),
(30, 2019, 2, '5,191', '93'),
(30, 2019, 3, '1,029', '70'),
(30, 2019, 4, 'N/A', 'N/A'),
(30, 2019, 5, '0,893', '37'),
(30, 2019, 6, '0,521', '32'),
(30, 2019, 7, '0,1', '58'),
(30, 2019, 8, '0,058', '147'),
(30, 2019, 9, '1,125', '108'),
(31, 2015, 1, '33', '33'),
(31, 2015, 2, '6,477', '33'),
(31, 2015, 3, '0,91861', '78'),
(31, 2015, 4, '1,24018', '31'),
(31, 2015, 5, '0,69077', '82'),
(31, 2015, 6, '0,53466', '46'),
(31, 2015, 7, '0,0512', '128'),
(31, 2015, 8, '0,18401', '98'),
(31, 2015, 9, 'N/A', 'N/A'),
(31, 2016, 1, '31', '31'),
(31, 2016, 2, '6,481', '31'),
(31, 2016, 3, '1,03032', '77'),
(31, 2016, 4, '1,02169', '39'),
(31, 2016, 5, '0,59659', '79'),
(31, 2016, 6, '0,44735', '52'),
(31, 2016, 7, '0,05399', '123'),
(31, 2016, 8, '0,15626', '117'),
(31, 2016, 9, 'N/A', 'N/A'),
(31, 2017, 1, '36', '36'),
(31, 2017, 2, '6,356999874', '36'),
(31, 2017, 3, '1,070622325', '75'),
(31, 2017, 4, '1,402182937', '43'),
(31, 2017, 5, '0,595027924', '81'),
(31, 2017, 6, '0,477487415', '55'),
(31, 2017, 7, '0,046668742', '124'),
(31, 2017, 8, '0,149014473', '119'),
(31, 2017, 9, 'N/A', 'N/A'),
(31, 2018, 1, '37', '37'),
(31, 2018, 2, '6,26', '37'),
(31, 2018, 3, '0,96', '77'),
(31, 2018, 4, 'N/A', 'N/A'),
(31, 2018, 5, '0,635', '81'),
(31, 2018, 6, '0,531', '59'),
(31, 2018, 7, '0,039', '125'),
(31, 2018, 8, '0,099', '122'),
(31, 2018, 9, '1,439', '47'),
(31, 2019, 1, '43', '43'),
(31, 2019, 2, '6,125', '43'),
(31, 2019, 3, '0,985', '76'),
(31, 2019, 4, 'N/A', 'N/A'),
(31, 2019, 5, '0,841', '54'),
(31, 2019, 6, '0,47', '56'),
(31, 2019, 7, '0,034', '130'),
(31, 2019, 8, '0,099', '125'),
(31, 2019, 9, '1,41', '51'),
(32, 2015, 1, '140', '140'),
(32, 2015, 2, '3,956', '140'),
(32, 2015, 3, '0,23906', '144'),
(32, 2015, 4, '0,79273', '126'),
(32, 2015, 5, '0,36315', '129'),
(32, 2015, 6, '0,22917', '142'),
(32, 2015, 7, '0,199', '33'),
(32, 2015, 8, '0,17441', '107'),
(32, 2015, 9, 'N/A', 'N/A'),
(32, 2016, 1, '138', '138'),
(32, 2016, 2, '3,956', '138'),
(32, 2016, 3, '0,27509', '149'),
(32, 2016, 4, '0,60323', '128'),
(32, 2016, 5, '0,29981', '129'),
(32, 2016, 6, '0,15412', '142'),
(32, 2016, 7, '0,18437', '34'),
(32, 2016, 8, '0,1827', '102'),
(32, 2016, 9, 'N/A', 'N/A'),
(32, 2019, 1, '142', '142'),
(32, 2019, 2, '3,973', '142'),
(32, 2019, 3, '0,274', '146'),
(32, 2019, 4, 'N/A', 'N/A'),
(32, 2019, 5, '0,505', '122'),
(32, 2019, 6, '0,142', '149'),
(32, 2019, 7, '0,078', '86'),
(32, 2019, 8, '0,275', '21'),
(32, 2019, 9, '0,757', '144'),
(33, 2015, 1, '139', '139'),
(33, 2015, 2, '3,989', '139'),
(33, 2015, 3, '0,67866', '106'),
(33, 2015, 4, '0,6629', '140'),
(33, 2015, 5, '0,31051', '136'),
(33, 2015, 6, '0,41466', '89'),
(33, 2015, 7, '0,11686', '75'),
(33, 2015, 8, '0,12388', '127'),
(33, 2015, 9, 'N/A', 'N/A'),
(33, 2016, 1, '127', '127'),
(33, 2016, 2, '4,236', '127'),
(33, 2016, 3, '0,77109', '107'),
(33, 2016, 4, '0,47799', '137'),
(33, 2016, 5, '0,28212', '134'),
(33, 2016, 6, '0,37938', '84'),
(33, 2016, 7, '0,09753', '84'),
(33, 2016, 8, '0,12077', '131'),
(33, 2016, 9, 'N/A', 'N/A'),
(33, 2017, 1, '123', '123'),
(33, 2017, 2, '4,290999889', '123'),
(33, 2017, 3, '0,808964252', '104'),
(33, 2017, 4, '0,832044363', '136'),
(33, 2017, 5, '0,289957434', '127'),
(33, 2017, 6, '0,435025871', '79'),
(33, 2017, 7, '0,079618134', '86'),
(33, 2017, 8, '0,120852128', '128'),
(33, 2017, 9, 'N/A', 'N/A'),
(33, 2018, 1, '114', '114'),
(33, 2018, 2, '4,559', '114'),
(33, 2018, 3, '0,682', '111'),
(33, 2018, 4, 'N/A', 'N/A'),
(33, 2018, 5, '0,343', '125'),
(33, 2018, 6, '0,514', '70'),
(33, 2018, 7, '0,077', '86'),
(33, 2018, 8, '0,091', '129'),
(33, 2018, 9, '0,811', '139'),
(33, 2019, 1, '103', '103'),
(33, 2019, 2, '4,812', '103'),
(33, 2019, 3, '0,673', '113'),
(33, 2019, 4, 'N/A', 'N/A'),
(33, 2019, 5, '0,508', '121'),
(33, 2019, 6, '0,372', '93'),
(33, 2019, 7, '0,093', '65'),
(33, 2019, 8, '0,105', '122'),
(33, 2019, 9, '0,799', '139'),
(34, 2015, 1, '120', '120'),
(34, 2015, 2, '4,517', '120'),
(34, 2015, 3, '0', '158'),
(34, 2015, 4, '1,0012', '89'),
(34, 2015, 5, '0,09806', '152'),
(34, 2015, 6, '0,22605', '144'),
(34, 2015, 7, '0,07625', '106'),
(34, 2015, 8, '0,24834', '59'),
(34, 2015, 9, 'N/A', 'N/A'),
(34, 2016, 1, '125', '125'),
(34, 2016, 2, '4,272', '125'),
(34, 2016, 3, '0,05661', '156'),
(34, 2016, 4, '0,80676', '88'),
(34, 2016, 5, '0,188', '144'),
(34, 2016, 6, '0,15602', '141'),
(34, 2016, 7, '0,06075', '119'),
(34, 2016, 8, '0,25458', '61'),
(34, 2016, 9, 'N/A', 'N/A'),
(34, 2017, 1, '125', '125'),
(34, 2017, 2, '4,28000021', '125'),
(34, 2017, 3, '0,092102349', '151'),
(34, 2017, 4, '1,229023457', '82'),
(34, 2017, 5, '0,191407025', '139'),
(34, 2017, 6, '0,235961348', '133'),
(34, 2017, 7, '0,060241356', '112'),
(34, 2017, 8, '0,246455833', '69'),
(34, 2017, 9, 'N/A', 'N/A'),
(34, 2018, 1, '132', '132'),
(34, 2018, 2, '4,245', '132'),
(34, 2018, 3, '0,069', '154'),
(34, 2018, 4, 'N/A', 'N/A'),
(34, 2018, 5, '0,204', '144'),
(34, 2018, 6, '0,312', '124'),
(34, 2018, 7, '0,052', '113'),
(34, 2018, 8, '0,197', '60'),
(34, 2018, 9, '1,136', '108'),
(34, 2019, 1, '127', '127'),
(34, 2019, 2, '4,418', '127'),
(34, 2019, 3, '0,094', '152'),
(34, 2019, 4, 'N/A', 'N/A'),
(34, 2019, 5, '0,357', '145'),
(34, 2019, 6, '0,269', '126'),
(34, 2019, 7, '0,053', '112'),
(34, 2019, 8, '0,212', '59'),
(34, 2019, 9, '1,125', '108'),
(35, 2015, 1, '12', '12'),
(35, 2015, 2, '7,226', '12'),
(35, 2015, 3, '0,95578', '74'),
(35, 2015, 4, '1,23788', '32'),
(35, 2015, 5, '0,86027', '33'),
(35, 2015, 6, '0,63376', '12'),
(35, 2015, 7, '0,10583', '81'),
(35, 2015, 8, '0,25497', '55'),
(35, 2015, 9, 'N/A', 'N/A'),
(35, 2016, 1, '14', '14'),
(35, 2016, 2, '7,087', '14'),
(35, 2016, 3, '1,06879', '73'),
(35, 2016, 4, '1,02152', '40'),
(35, 2016, 5, '0,76146', '37'),
(35, 2016, 6, '0,55225', '16'),
(35, 2016, 7, '0,10547', '79'),
(35, 2016, 8, '0,22553', '78'),
(35, 2016, 9, 'N/A', 'N/A'),
(35, 2017, 1, '12', '12'),
(35, 2017, 2, '7,078999996', '12'),
(35, 2017, 3, '1,109706283', '67'),
(35, 2017, 4, '1,416403651', '39'),
(35, 2017, 5, '0,759509265', '33'),
(35, 2017, 6, '0,58013165', '21'),
(35, 2017, 7, '0,100106589', '64'),
(35, 2017, 8, '0,214613229', '86'),
(35, 2017, 9, 'N/A', 'N/A'),
(35, 2018, 1, '13', '13'),
(35, 2018, 2, '7,072', '13'),
(35, 2018, 3, '1,01', '67'),
(35, 2018, 4, 'N/A', 'N/A'),
(35, 2018, 5, '0,817', '34'),
(35, 2018, 6, '0,632', '20'),
(35, 2018, 7, '0,101', '63'),
(35, 2018, 8, '0,143', '96'),
(35, 2018, 9, '1,459', '41'),
(35, 2019, 1, '12', '12'),
(35, 2019, 2, '7,167', '12'),
(35, 2019, 3, '1,034', '69'),
(35, 2019, 4, 'N/A', 'N/A'),
(35, 2019, 5, '0,963', '30'),
(35, 2019, 6, '0,558', '15'),
(35, 2019, 7, '0,093', '65'),
(35, 2019, 8, '0,144', '100'),
(35, 2019, 9, '1,441', '42'),
(36, 2015, 1, '62', '62'),
(36, 2015, 2, '5,759', '62'),
(36, 2015, 3, '1,08254', '52'),
(36, 2015, 4, '0,79624', '125'),
(36, 2015, 5, '0,78805', '47'),
(36, 2015, 6, '0,25883', '133'),
(36, 2015, 7, '0,0243', '148'),
(36, 2015, 8, '0,05444', '155'),
(36, 2015, 9, 'N/A', 'N/A'),
(36, 2016, 1, '74', '74'),
(36, 2016, 2, '5,488', '74'),
(36, 2016, 3, '1,18649', '51'),
(36, 2016, 4, '0,60809', '126'),
(36, 2016, 5, '0,70524', '46'),
(36, 2016, 6, '0,23907', '124'),
(36, 2016, 7, '0,04002', '136'),
(36, 2016, 8, '0,18434', '101'),
(36, 2016, 9, 'N/A', 'N/A'),
(36, 2017, 1, '76', '76'),
(36, 2017, 2, '5,293000221', '76'),
(36, 2017, 3, '1,222556233', '50'),
(36, 2017, 4, '0,967983007', '124'),
(36, 2017, 5, '0,701288521', '46'),
(36, 2017, 6, '0,255772293', '128'),
(36, 2017, 7, '0,04310311', '127'),
(36, 2017, 8, '0,248002976', '68'),
(36, 2017, 9, 'N/A', 'N/A'),
(36, 2018, 1, '82', '82'),
(36, 2018, 2, '5,321', '82'),
(36, 2018, 3, '1,115', '52'),
(36, 2018, 4, 'N/A', 'N/A'),
(36, 2018, 5, '0,737', '47'),
(36, 2018, 6, '0,38', '112'),
(36, 2018, 7, '0,039', '125'),
(36, 2018, 8, '0,12', '109'),
(36, 2018, 9, '1,161', '104'),
(36, 2019, 1, '75', '75'),
(36, 2019, 2, '5,432', '75'),
(36, 2019, 3, '1,155', '52'),
(36, 2019, 4, 'N/A', 'N/A'),
(36, 2019, 5, '0,914', '34'),
(36, 2019, 6, '0,296', '119'),
(36, 2019, 7, '0,022', '147'),
(36, 2019, 8, '0,119', '111'),
(36, 2019, 9, '1,266', '80'),
(37, 2015, 1, '67', '67'),
(37, 2015, 2, '5,689', '67'),
(37, 2015, 3, '1,20813', '34'),
(37, 2015, 4, '0,89318', '113'),
(37, 2015, 5, '0,92356', '11'),
(37, 2015, 6, '0,40672', '93'),
(37, 2015, 7, '0,06146', '119'),
(37, 2015, 8, '0,30638', '41'),
(37, 2015, 9, 'N/A', 'N/A'),
(37, 2016, 1, '69', '69'),
(37, 2016, 2, '5,546', '69'),
(37, 2016, 3, '1,31857', '34'),
(37, 2016, 4, '0,70697', '109'),
(37, 2016, 5, '0,8488', '11'),
(37, 2016, 6, '0,29507', '109'),
(37, 2016, 7, '0,05228', '126'),
(37, 2016, 8, '0,27906', '50'),
(37, 2016, 9, 'N/A', 'N/A'),
(37, 2017, 1, '65', '65'),
(37, 2017, 2, '5,620999813', '65'),
(37, 2017, 3, '1,355938077', '32'),
(37, 2017, 4, '1,131363273', '104'),
(37, 2017, 5, '0,844714701', '8'),
(37, 2017, 6, '0,355111539', '104'),
(37, 2017, 7, '0,041237976', '129'),
(37, 2017, 8, '0,271254301', '54'),
(37, 2017, 9, 'N/A', 'N/A'),
(37, 2018, 1, '61', '61'),
(37, 2018, 2, '5,762', '61'),
(37, 2018, 3, '1,229', '34'),
(37, 2018, 4, 'N/A', 'N/A'),
(37, 2018, 5, '0,909', '11'),
(37, 2018, 6, '0,423', '99'),
(37, 2018, 7, '0,035', '130'),
(37, 2018, 8, '0,202', '55'),
(37, 2018, 9, '1,191', '97'),
(37, 2019, 1, '49', '49'),
(37, 2019, 2, '6,046', '49'),
(37, 2019, 3, '1,263', '34'),
(37, 2019, 4, 'N/A', 'N/A'),
(37, 2019, 5, '1,042', '7'),
(37, 2019, 6, '0,406', '82'),
(37, 2019, 7, '0,041', '121'),
(37, 2019, 8, '0,19', '69'),
(37, 2019, 9, '1,223', '91'),
(38, 2015, 1, '31', '31'),
(38, 2015, 2, '6,505', '31'),
(38, 2015, 3, '1,17898', '38'),
(38, 2015, 4, '1,20643', '42'),
(38, 2015, 5, '0,84483', '35'),
(38, 2015, 6, '0,46364', '70'),
(38, 2015, 7, '0,02652', '146'),
(38, 2015, 8, '0,10686', '142'),
(38, 2015, 9, 'N/A', 'N/A'),
(38, 2016, 1, '27', '27'),
(38, 2016, 2, '6,596', '27'),
(38, 2016, 3, '1,30915', '36'),
(38, 2016, 4, '1,00793', '42'),
(38, 2016, 5, '0,76376', '35'),
(38, 2016, 6, '0,41418', '68'),
(38, 2016, 7, '0,03986', '137'),
(38, 2016, 8, '0,09929', '139'),
(38, 2016, 9, 'N/A', 'N/A'),
(38, 2017, 1, '23', '23'),
(38, 2017, 2, '6,609000206', '23'),
(38, 2017, 3, '1,352682352', '33'),
(38, 2017, 4, '1,433885217', '33'),
(38, 2017, 5, '0,754444003', '34'),
(38, 2017, 6, '0,490946174', '50'),
(38, 2017, 7, '0,036872927', '135'),
(38, 2017, 8, '0,088106759', '138'),
(38, 2017, 9, 'N/A', 'N/A'),
(38, 2018, 1, '21', '21'),
(38, 2018, 2, '6,711', '21'),
(38, 2018, 3, '1,233', '33'),
(38, 2018, 4, 'N/A', 'N/A'),
(38, 2018, 5, '0,854', '32'),
(38, 2018, 6, '0,543', '52'),
(38, 2018, 7, '0,034', '132'),
(38, 2018, 8, '0,064', '140'),
(38, 2018, 9, '1,489', '30'),
(38, 2019, 1, '20', '20'),
(38, 2019, 2, '6,852', '20'),
(38, 2019, 3, '1,269', '33'),
(38, 2019, 4, 'N/A', 'N/A'),
(38, 2019, 5, '0,92', '32'),
(38, 2019, 6, '0,457', '59'),
(38, 2019, 7, '0,036', '128'),
(38, 2019, 8, '0,046', '149'),
(38, 2019, 9, '1,487', '24'),
(39, 2015, 1, '3', '3'),
(39, 2015, 2, '7,527', '3'),
(39, 2015, 3, '1,32548', '19'),
(39, 2015, 4, '1,36058', '3'),
(39, 2015, 5, '0,87464', '30'),
(39, 2015, 6, '0,64938', '7'),
(39, 2015, 7, '0,48357', '4'),
(39, 2015, 8, '0,34139', '29'),
(39, 2015, 9, 'N/A', 'N/A'),
(39, 2016, 1, '1', '1'),
(39, 2016, 2, '7,526', '1'),
(39, 2016, 3, '1,44178', '17'),
(39, 2016, 4, '1,16374', '4'),
(39, 2016, 5, '0,79504', '30'),
(39, 2016, 6, '0,57941', '7'),
(39, 2016, 7, '0,44453', '4'),
(39, 2016, 8, '0,36171', '29'),
(39, 2016, 9, 'N/A', 'N/A'),
(39, 2017, 1, '2', '2'),
(39, 2017, 2, '7,521999836', '2'),
(39, 2017, 3, '1,482383013', '17'),
(39, 2017, 4, '1,551121593', '3'),
(39, 2017, 5, '0,792565525', '30'),
(39, 2017, 6, '0,626006722', '5'),
(39, 2017, 7, '0,400770068', '4'),
(39, 2017, 8, '0,355280489', '28'),
(39, 2017, 9, 'N/A', 'N/A'),
(39, 2018, 1, '3', '3'),
(39, 2018, 2, '7,555', '3'),
(39, 2018, 3, '1,351', '15'),
(39, 2018, 4, 'N/A', 'N/A'),
(39, 2018, 5, '0,868', '27'),
(39, 2018, 6, '0,683', '4'),
(39, 2018, 7, '0,408', '3'),
(39, 2018, 8, '0,284', '23'),
(39, 2018, 9, '1,59', '4'),
(39, 2019, 1, '2', '2'),
(39, 2019, 2, '7,6', '2'),
(39, 2019, 3, '1,383', '14'),
(39, 2019, 4, 'N/A', 'N/A'),
(39, 2019, 5, '0,996', '25'),
(39, 2019, 6, '0,592', '6'),
(39, 2019, 7, '0,41', '3'),
(39, 2019, 8, '0,252', '37'),
(39, 2019, 9, '1,573', '4'),
(40, 2015, 1, '126', '126'),
(40, 2015, 2, '4,369', '126'),
(40, 2015, 3, '0,44025', '126'),
(40, 2015, 4, '0,59207', '145'),
(40, 2015, 5, '0,36291', '130'),
(40, 2015, 6, '0,46074', '71'),
(40, 2015, 7, '0,28105', '25'),
(40, 2015, 8, '0,18093', '105'),
(40, 2015, 9, 'N/A', 'N/A'),
(41, 2015, 1, '98', '98'),
(41, 2015, 2, '4,885', '98'),
(41, 2015, 3, '0,89537', '82'),
(41, 2015, 4, '1,17202', '49'),
(41, 2015, 5, '0,66825', '87'),
(41, 2015, 6, '0,57672', '33'),
(41, 2015, 7, '0,14234', '59'),
(41, 2015, 8, '0,21684', '79'),
(41, 2015, 9, 'N/A', 'N/A');
INSERT INTO `avoir` (`Id_Pays`, `annee`, `Id_Score`, `valeur_score`, `rang`) VALUES
(41, 2016, 1, '89', '89'),
(41, 2016, 2, '5,155', '89'),
(41, 2016, 3, '1,02787', '78'),
(41, 2016, 4, '0,99496', '45'),
(41, 2016, 5, '0,57669', '89'),
(41, 2016, 6, '0,52259', '27'),
(41, 2016, 7, '0,12372', '64'),
(41, 2016, 8, '0,21286', '84'),
(41, 2016, 9, 'N/A', 'N/A'),
(41, 2017, 1, '85', '85'),
(41, 2017, 2, '5,230000019', '85'),
(41, 2017, 3, '1,079373837', '73'),
(41, 2017, 4, '1,402416706', '42'),
(41, 2017, 5, '0,574873745', '87'),
(41, 2017, 6, '0,552589834', '30'),
(41, 2017, 7, '0,113945253', '59'),
(41, 2017, 8, '0,18696785', '103'),
(41, 2017, 9, 'N/A', 'N/A'),
(41, 2018, 1, '83', '83'),
(41, 2018, 2, '5,302', '83'),
(41, 2018, 3, '0,982', '73'),
(41, 2018, 4, 'N/A', 'N/A'),
(41, 2018, 5, '0,614', '87'),
(41, 2018, 6, '0,578', '40'),
(41, 2018, 7, '0,106', '56'),
(41, 2018, 8, '0,12', '109'),
(41, 2018, 9, '1,441', '46'),
(41, 2019, 1, '77', '77'),
(41, 2019, 2, '5,425', '77'),
(41, 2019, 3, '1,015', '71'),
(41, 2019, 4, 'N/A', 'N/A'),
(41, 2019, 5, '0,779', '83'),
(41, 2019, 6, '0,497', '44'),
(41, 2019, 7, '0,101', '57'),
(41, 2019, 8, '0,113', '114'),
(41, 2019, 9, '1,401', '55'),
(42, 2015, 1, '48', '48'),
(42, 2015, 2, '5,975', '48'),
(42, 2015, 3, '0,86402', '87'),
(42, 2015, 4, '0,99903', '90'),
(42, 2015, 5, '0,79075', '45'),
(42, 2015, 6, '0,48574', '61'),
(42, 2015, 7, '0,1809', '39'),
(42, 2015, 8, '0,11541', '134'),
(42, 2015, 9, 'N/A', 'N/A'),
(42, 2016, 1, '51', '51'),
(42, 2016, 2, '5,976', '51'),
(42, 2016, 3, '0,97306', '87'),
(42, 2016, 4, '0,85974', '76'),
(42, 2016, 5, '0,68613', '50'),
(42, 2016, 6, '0,4027', '76'),
(42, 2016, 7, '0,18037', '36'),
(42, 2016, 8, '0,10074', '138'),
(42, 2016, 9, 'N/A', 'N/A'),
(42, 2017, 1, '44', '44'),
(42, 2017, 2, '6,007999897', '44'),
(42, 2017, 3, '1,000820398', '83'),
(42, 2017, 4, '1,286168814', '63'),
(42, 2017, 5, '0,685636222', '51'),
(42, 2017, 6, '0,455198199', '67'),
(42, 2017, 7, '0,140134647', '43'),
(42, 2017, 8, '0,150112465', '118'),
(42, 2017, 9, 'N/A', 'N/A'),
(42, 2018, 1, '48', '48'),
(42, 2018, 2, '5,973', '48'),
(42, 2018, 3, '0,889', '87'),
(42, 2018, 4, 'N/A', 'N/A'),
(42, 2018, 5, '0,736', '49'),
(42, 2018, 6, '0,556', '46'),
(42, 2018, 7, '0,12', '51'),
(42, 2018, 8, '0,114', '115'),
(42, 2018, 9, '1,33', '66'),
(42, 2019, 1, '50', '50'),
(42, 2019, 2, '6,028', '50'),
(42, 2019, 3, '0,912', '88'),
(42, 2019, 4, 'N/A', 'N/A'),
(42, 2019, 5, '0,868', '48'),
(42, 2019, 6, '0,498', '41'),
(42, 2019, 7, '0,087', '75'),
(42, 2019, 8, '0,126', '109'),
(42, 2019, 9, '1,312', '72'),
(43, 2015, 1, '135', '135'),
(43, 2015, 2, '4,194', '135'),
(43, 2015, 3, '0,8818', '84'),
(43, 2015, 4, '0,747', '133'),
(43, 2015, 5, '0,61712', '98'),
(43, 2015, 6, '0,17288', '150'),
(43, 2015, 7, '0,06324', '117'),
(43, 2015, 8, '0,11291', '136'),
(43, 2015, 9, 'N/A', 'N/A'),
(43, 2016, 1, '120', '120'),
(43, 2016, 2, '4,362', '120'),
(43, 2016, 3, '0,95395', '89'),
(43, 2016, 4, '0,49813', '135'),
(43, 2016, 5, '0,52116', '102'),
(43, 2016, 6, '0,18847', '136'),
(43, 2016, 7, '0,10393', '81'),
(43, 2016, 8, '0,12706', '128'),
(43, 2016, 9, 'N/A', 'N/A'),
(43, 2017, 1, '103', '103'),
(43, 2017, 2, '4,735000134', '103'),
(43, 2017, 3, '0,989701807', '87'),
(43, 2017, 4, '0,997471392', '120'),
(43, 2017, 5, '0,520187259', '97'),
(43, 2017, 6, '0,282110155', '123'),
(43, 2017, 7, '0,114381365', '58'),
(43, 2017, 8, '0,128631443', '125'),
(43, 2017, 9, 'N/A', 'N/A'),
(43, 2018, 1, '122', '122'),
(43, 2018, 2, '4,419', '122'),
(43, 2018, 3, '0,885', '88'),
(43, 2018, 4, 'N/A', 'N/A'),
(43, 2018, 5, '0,553', '100'),
(43, 2018, 6, '0,312', '124'),
(43, 2018, 7, '0,107', '55'),
(43, 2018, 8, '0,092', '126'),
(43, 2018, 9, '1,025', '121'),
(43, 2019, 1, '137', '137'),
(43, 2019, 2, '4,166', '137'),
(43, 2019, 3, '0,913', '87'),
(43, 2019, 4, 'N/A', 'N/A'),
(43, 2019, 5, '0,644', '106'),
(43, 2019, 6, '0,241', '130'),
(43, 2019, 7, '0,067', '96'),
(43, 2019, 8, '0,076', '137'),
(43, 2019, 9, '1,039', '119'),
(44, 2015, 1, '42', '42'),
(44, 2015, 2, '6,13', '42'),
(44, 2015, 3, '0,76454', '97'),
(44, 2015, 4, '1,02507', '81'),
(44, 2015, 5, '0,67737', '84'),
(44, 2015, 6, '0,4035', '96'),
(44, 2015, 7, '0,11776', '74'),
(44, 2015, 8, '0,10692', '141'),
(44, 2015, 9, 'N/A', 'N/A'),
(44, 2016, 1, '46', '46'),
(44, 2016, 2, '6,068', '46'),
(44, 2016, 3, '0,8737', '97'),
(44, 2016, 4, '0,80975', '87'),
(44, 2016, 5, '0,596', '80'),
(44, 2016, 6, '0,37269', '91'),
(44, 2016, 7, '0,10613', '77'),
(44, 2016, 8, '0,08877', '142'),
(44, 2016, 9, 'N/A', 'N/A'),
(44, 2017, 1, '45', '45'),
(44, 2017, 2, '6,002999783', '45'),
(44, 2017, 3, '0,909784496', '94'),
(44, 2017, 4, '1,182125092', '93'),
(44, 2017, 5, '0,596018553', '80'),
(44, 2017, 6, '0,43245253', '80'),
(44, 2017, 7, '0,08998096', '76'),
(44, 2017, 8, '0,078257985', '141'),
(44, 2017, 9, 'N/A', 'N/A'),
(44, 2018, 1, '40', '40'),
(44, 2018, 2, '6,167', '40'),
(44, 2018, 3, '0,806', '97'),
(44, 2018, 4, 'N/A', 'N/A'),
(44, 2018, 5, '0,639', '80'),
(44, 2018, 6, '0,461', '85'),
(44, 2018, 7, '0,082', '76'),
(44, 2018, 8, '0,065', '138'),
(44, 2018, 9, '1,231', '85'),
(44, 2019, 1, '35', '35'),
(44, 2019, 2, '6,253', '35'),
(44, 2019, 3, '0,794', '102'),
(44, 2019, 4, 'N/A', 'N/A'),
(44, 2019, 5, '0,789', '78'),
(44, 2019, 6, '0,43', '75'),
(44, 2019, 7, '0,074', '92'),
(44, 2019, 8, '0,093', '129'),
(44, 2019, 9, '1,242', '84'),
(45, 2015, 1, '73', '73'),
(45, 2015, 2, '5,429', '73'),
(45, 2015, 3, '1,15174', '42'),
(45, 2015, 4, '1,22791', '36'),
(45, 2015, 5, '0,77361', '50'),
(45, 2015, 6, '0,44888', '76'),
(45, 2015, 7, '0,15184', '52'),
(45, 2015, 8, '0,0868', '145'),
(45, 2015, 9, 'N/A', 'N/A'),
(45, 2016, 1, '72', '72'),
(45, 2016, 2, '5,517', '72'),
(45, 2016, 3, '1,27964', '40'),
(45, 2016, 4, '1,05163', '27'),
(45, 2016, 5, '0,68098', '51'),
(45, 2016, 6, '0,41511', '66'),
(45, 2016, 7, '0,18519', '33'),
(45, 2016, 8, '0,08423', '143'),
(45, 2016, 9, 'N/A', 'N/A'),
(45, 2017, 1, '66', '66'),
(45, 2017, 2, '5,611000061', '66'),
(45, 2017, 3, '1,32087934', '38'),
(45, 2017, 4, '1,4766711', '19'),
(45, 2017, 5, '0,695168316', '48'),
(45, 2017, 6, '0,47913143', '53'),
(45, 2017, 7, '0,183248922', '28'),
(45, 2017, 8, '0,098890811', '135'),
(45, 2017, 9, 'N/A', 'N/A'),
(45, 2018, 1, '63', '63'),
(45, 2018, 2, '5,739', '63'),
(45, 2018, 3, '1,2', '39'),
(45, 2018, 4, 'N/A', 'N/A'),
(45, 2018, 5, '0,737', '47'),
(45, 2018, 6, '0,553', '48'),
(45, 2018, 7, '0,174', '26'),
(45, 2018, 8, '0,086', '131'),
(45, 2018, 9, '1,532', '14'),
(45, 2019, 1, '55', '55'),
(45, 2019, 2, '5,893', '55'),
(45, 2019, 3, '1,237', '39'),
(45, 2019, 4, 'N/A', 'N/A'),
(45, 2019, 5, '0,874', '42'),
(45, 2019, 6, '0,495', '45'),
(45, 2019, 7, '0,161', '32'),
(45, 2019, 8, '0,103', '123'),
(45, 2019, 9, '1,528', '12'),
(46, 2015, 1, '122', '122'),
(46, 2015, 2, '4,512', '122'),
(46, 2015, 3, '0,19073', '149'),
(46, 2015, 4, '0,60406', '144'),
(46, 2015, 5, '0,44055', '118'),
(46, 2015, 6, '0,4345', '81'),
(46, 2015, 7, '0,15048', '54'),
(46, 2015, 8, '0,24325', '63'),
(46, 2015, 9, 'N/A', 'N/A'),
(46, 2016, 1, '115', '115'),
(46, 2016, 2, '4,508', '115'),
(46, 2016, 3, '0,29283', '146'),
(46, 2016, 4, '0,37932', '143'),
(46, 2016, 5, '0,34578', '124'),
(46, 2016, 6, '0,36703', '94'),
(46, 2016, 7, '0,1717', '44'),
(46, 2016, 8, '0,29522', '46'),
(46, 2016, 9, 'N/A', 'N/A'),
(46, 2017, 1, '118', '118'),
(46, 2017, 2, '4,460000038', '118'),
(46, 2017, 3, '0,339233845', '143'),
(46, 2017, 4, '0,864669204', '135'),
(46, 2017, 5, '0,353409708', '118'),
(46, 2017, 6, '0,408842742', '87'),
(46, 2017, 7, '0,165455714', '34'),
(46, 2017, 8, '0,31265074', '43'),
(46, 2017, 9, 'N/A', 'N/A'),
(46, 2018, 1, '127', '127'),
(46, 2018, 2, '4,35', '127'),
(46, 2018, 3, '0,308', '145'),
(46, 2018, 4, 'N/A', 'N/A'),
(46, 2018, 5, '0,391', '122'),
(46, 2018, 6, '0,452', '91'),
(46, 2018, 7, '0,146', '36'),
(46, 2018, 8, '0,22', '45'),
(46, 2018, 9, '0,95', '125'),
(46, 2019, 1, '134', '134'),
(46, 2019, 2, '4,286', '134'),
(46, 2019, 3, '0,336', '138'),
(46, 2019, 4, 'N/A', 'N/A'),
(46, 2019, 5, '0,532', '120'),
(46, 2019, 6, '0,344', '107'),
(46, 2019, 7, '0,1', '58'),
(46, 2019, 8, '0,209', '60'),
(46, 2019, 9, '1,033', '120'),
(47, 2015, 1, '6', '6'),
(47, 2015, 2, '7,406', '6'),
(47, 2015, 3, '1,29025', '24'),
(47, 2015, 4, '1,31826', '9'),
(47, 2015, 5, '0,88911', '24'),
(47, 2015, 6, '0,64169', '8'),
(47, 2015, 7, '0,41372', '8'),
(47, 2015, 8, '0,23351', '65'),
(47, 2015, 9, 'N/A', 'N/A'),
(47, 2016, 1, '5', '5'),
(47, 2016, 2, '7,413', '5'),
(47, 2016, 3, '1,40598', '22'),
(47, 2016, 4, '1,13464', '7'),
(47, 2016, 5, '0,81091', '23'),
(47, 2016, 6, '0,57104', '9'),
(47, 2016, 7, '0,41004', '7'),
(47, 2016, 8, '0,25492', '60'),
(47, 2016, 9, 'N/A', 'N/A'),
(47, 2017, 1, '5', '5'),
(47, 2017, 2, '7,468999863', '5'),
(47, 2017, 3, '1,443571925', '21'),
(47, 2017, 4, '1,540246725', '6'),
(47, 2017, 5, '0,80915767', '24'),
(47, 2017, 6, '0,617950857', '7'),
(47, 2017, 7, '0,382611543', '7'),
(47, 2017, 8, '0,245482773', '70'),
(47, 2017, 9, 'N/A', 'N/A'),
(47, 2018, 1, '1', '1'),
(47, 2018, 2, '7,632', '1'),
(47, 2018, 3, '1,305', '23'),
(47, 2018, 4, 'N/A', 'N/A'),
(47, 2018, 5, '0,874', '26'),
(47, 2018, 6, '0,681', '5'),
(47, 2018, 7, '0,393', '4'),
(47, 2018, 8, '0,202', '55'),
(47, 2018, 9, '1,592', '3'),
(47, 2019, 1, '1', '1'),
(47, 2019, 2, '7,769', '1'),
(47, 2019, 3, '1,34', '23'),
(47, 2019, 4, 'N/A', 'N/A'),
(47, 2019, 5, '0,986', '28'),
(47, 2019, 6, '0,596', '5'),
(47, 2019, 7, '0,393', '4'),
(47, 2019, 8, '0,153', '92'),
(47, 2019, 9, '1,587', '2'),
(48, 2015, 1, '29', '29'),
(48, 2015, 2, '6,575', '29'),
(48, 2015, 3, '1,27778', '25'),
(48, 2015, 4, '1,26038', '25'),
(48, 2015, 5, '0,94579', '8'),
(48, 2015, 6, '0,55011', '40'),
(48, 2015, 7, '0,20646', '32'),
(48, 2015, 8, '0,12332', '129'),
(48, 2015, 9, 'N/A', 'N/A'),
(48, 2016, 1, '32', '32'),
(48, 2016, 2, '6,478', '32'),
(48, 2016, 3, '1,39488', '25'),
(48, 2016, 4, '1,00508', '43'),
(48, 2016, 5, '0,83795', '14'),
(48, 2016, 6, '0,46562', '47'),
(48, 2016, 7, '0,17808', '39'),
(48, 2016, 8, '0,1216', '130'),
(48, 2016, 9, 'N/A', 'N/A'),
(48, 2017, 1, '31', '31'),
(48, 2017, 2, '6,441999912', '31'),
(48, 2017, 3, '1,430923462', '24'),
(48, 2017, 4, '1,387776852', '46'),
(48, 2017, 5, '0,844465852', '9'),
(48, 2017, 6, '0,470222116', '61'),
(48, 2017, 7, '0,172502428', '33'),
(48, 2017, 8, '0,129762307', '124'),
(48, 2017, 9, 'N/A', 'N/A'),
(48, 2018, 1, '23', '23'),
(48, 2018, 2, '6,489', '23'),
(48, 2018, 3, '1,293', '26'),
(48, 2018, 4, 'N/A', 'N/A'),
(48, 2018, 5, '0,908', '13'),
(48, 2018, 6, '0,52', '67'),
(48, 2018, 7, '0,176', '24'),
(48, 2018, 8, '0,098', '123'),
(48, 2018, 9, '1,466', '39'),
(48, 2019, 1, '24', '24'),
(48, 2019, 2, '6,592', '24'),
(48, 2019, 3, '1,324', '26'),
(48, 2019, 4, 'N/A', 'N/A'),
(48, 2019, 5, '1,045', '6'),
(48, 2019, 6, '0,436', '70'),
(48, 2019, 7, '0,183', '21'),
(48, 2019, 8, '0,111', '115'),
(48, 2019, 9, '1,472', '32'),
(49, 2015, 1, '143', '143'),
(49, 2015, 2, '3,896', '143'),
(49, 2015, 3, '1,06024', '56'),
(49, 2015, 4, '0,90528', '111'),
(49, 2015, 5, '0,43372', '121'),
(49, 2015, 6, '0,31914', '121'),
(49, 2015, 7, '0,11091', '76'),
(49, 2015, 8, '0,06822', '151'),
(49, 2015, 9, 'N/A', 'N/A'),
(49, 2016, 1, '134', '134'),
(49, 2016, 2, '4,121', '134'),
(49, 2016, 3, '1,15851', '56'),
(49, 2016, 4, '0,72368', '104'),
(49, 2016, 5, '0,3494', '121'),
(49, 2016, 6, '0,28098', '111'),
(49, 2016, 7, '0,09314', '86'),
(49, 2016, 8, '0,06244', '148'),
(49, 2016, 9, 'N/A', 'N/A'),
(49, 2017, 1, '117', '117'),
(49, 2017, 2, '4,465000153', '117'),
(49, 2017, 3, '1,198210239', '54'),
(49, 2017, 4, '1,155620217', '98'),
(49, 2017, 5, '0,356578588', '117'),
(49, 2017, 6, '0,312328577', '113'),
(49, 2017, 7, '0,076046787', '89'),
(49, 2017, 8, '0,043785378', '150'),
(49, 2017, 9, 'N/A', 'N/A'),
(49, 2018, 1, '103', '103'),
(49, 2018, 2, '4,758', '103'),
(49, 2018, 3, '1,036', '61'),
(49, 2018, 4, 'N/A', 'N/A'),
(49, 2018, 5, '0,404', '119'),
(49, 2018, 6, '0,356', '117'),
(49, 2018, 7, '0,052', '113'),
(49, 2018, 8, '0,032', '151'),
(49, 2018, 9, '1,164', '103'),
(49, 2019, 1, '104', '104'),
(49, 2019, 2, '4,799', '104'),
(49, 2019, 3, '1,057', '61'),
(49, 2019, 4, 'N/A', 'N/A'),
(49, 2019, 5, '0,571', '113'),
(49, 2019, 6, '0,295', '120'),
(49, 2019, 7, '0,055', '108'),
(49, 2019, 8, '0,043', '150'),
(49, 2019, 9, '1,183', '96'),
(50, 2019, 1, '120', '120'),
(50, 2019, 2, '4,516', '120'),
(50, 2019, 3, '0,308', '142'),
(50, 2019, 4, 'N/A', 'N/A'),
(50, 2019, 5, '0,428', '135'),
(50, 2019, 6, '0,382', '90'),
(50, 2019, 7, '0,167', '26'),
(50, 2019, 8, '0,269', '25'),
(50, 2019, 9, '0,939', '126'),
(51, 2015, 1, '130', '130'),
(51, 2015, 2, '4,297', '130'),
(51, 2015, 3, '0,7419', '101'),
(51, 2015, 4, '0,38562', '153'),
(51, 2015, 5, '0,72926', '67'),
(51, 2015, 6, '0,40577', '95'),
(51, 2015, 7, '0,38331', '11'),
(51, 2015, 8, '0,05547', '154'),
(51, 2015, 9, 'N/A', 'N/A'),
(51, 2016, 1, '126', '126'),
(51, 2016, 2, '4,252', '126'),
(51, 2016, 3, '0,83792', '103'),
(51, 2016, 4, '0,19249', '151'),
(51, 2016, 5, '0,64035', '66'),
(51, 2016, 6, '0,32461', '102'),
(51, 2016, 7, '0,3188', '14'),
(51, 2016, 8, '0,06786', '147'),
(51, 2016, 9, 'N/A', 'N/A'),
(51, 2017, 1, '124', '124'),
(51, 2017, 2, '4,285999775', '124'),
(51, 2017, 3, '0,950612664', '91'),
(51, 2017, 4, '0,570614934', '149'),
(51, 2017, 5, '0,649546981', '58'),
(51, 2017, 6, '0,309410036', '114'),
(51, 2017, 7, '0,251666635', '22'),
(51, 2017, 8, '0,054008815', '145'),
(51, 2017, 9, 'N/A', 'N/A'),
(51, 2018, 1, '128', '128'),
(51, 2018, 2, '4,34', '128'),
(51, 2018, 3, '0,853', '91'),
(51, 2018, 4, 'N/A', 'N/A'),
(51, 2018, 5, '0,643', '79'),
(51, 2018, 6, '0,375', '113'),
(51, 2018, 7, '0,215', '22'),
(51, 2018, 8, '0,038', '150'),
(51, 2018, 9, '0,592', '150'),
(51, 2019, 1, '119', '119'),
(51, 2019, 2, '4,519', '119'),
(51, 2019, 3, '0,886', '89'),
(51, 2019, 4, 'N/A', 'N/A'),
(51, 2019, 5, '0,752', '88'),
(51, 2019, 6, '0,346', '105'),
(51, 2019, 7, '0,164', '29'),
(51, 2019, 8, '0,043', '150'),
(51, 2019, 9, '0,666', '148'),
(52, 2015, 1, '26', '26'),
(52, 2015, 2, '6,75', '26'),
(52, 2015, 3, '1,32792', '17'),
(52, 2015, 4, '1,29937', '15'),
(52, 2015, 5, '0,89186', '22'),
(52, 2015, 6, '0,61477', '21'),
(52, 2015, 7, '0,21843', '30'),
(52, 2015, 8, '0,28214', '47'),
(52, 2015, 9, 'N/A', 'N/A'),
(52, 2016, 1, '16', '16'),
(52, 2016, 2, '6,994', '16'),
(52, 2016, 3, '1,44787', '15'),
(52, 2016, 4, '1,09774', '13'),
(52, 2016, 5, '0,81487', '20'),
(52, 2016, 6, '0,53466', '25'),
(52, 2016, 7, '0,28551', '21'),
(52, 2016, 8, '0,30452', '42'),
(52, 2016, 9, 'N/A', 'N/A'),
(52, 2017, 1, '16', '16'),
(52, 2017, 2, '6,951000214', '16'),
(52, 2017, 3, '1,487923384', '14'),
(52, 2017, 4, '1,472520351', '21'),
(52, 2017, 5, '0,798950732', '26'),
(52, 2017, 6, '0,562511384', '27'),
(52, 2017, 7, '0,276731938', '17'),
(52, 2017, 8, '0,33626917', '32'),
(52, 2017, 9, 'N/A', 'N/A'),
(52, 2018, 1, '15', '15'),
(52, 2018, 2, '6,965', '15'),
(52, 2018, 3, '1,34', '18'),
(52, 2018, 4, 'N/A', 'N/A'),
(52, 2018, 5, '0,861', '28'),
(52, 2018, 6, '0,586', '34'),
(52, 2018, 7, '0,28', '17'),
(52, 2018, 8, '0,273', '27'),
(52, 2018, 9, '1,474', '34'),
(52, 2019, 1, '17', '17'),
(52, 2019, 2, '6,985', '17'),
(52, 2019, 3, '1,373', '17'),
(52, 2019, 4, 'N/A', 'N/A'),
(52, 2019, 5, '0,987', '27'),
(52, 2019, 6, '0,495', '45'),
(52, 2019, 7, '0,265', '17'),
(52, 2019, 8, '0,261', '32'),
(52, 2019, 9, '1,454', '39'),
(53, 2015, 1, '114', '114'),
(53, 2015, 2, '4,633', '114'),
(53, 2015, 3, '0,54558', '119'),
(53, 2015, 4, '0,67954', '138'),
(53, 2015, 5, '0,40132', '124'),
(53, 2015, 6, '0,42342', '84'),
(53, 2015, 7, '0,04355', '131'),
(53, 2015, 8, '0,23087', '67'),
(53, 2015, 9, 'N/A', 'N/A'),
(53, 2016, 1, '124', '124'),
(53, 2016, 2, '4,276', '124'),
(53, 2016, 3, '0,63107', '119'),
(53, 2016, 4, '0,49353', '136'),
(53, 2016, 5, '0,29681', '131'),
(53, 2016, 6, '0,40973', '69'),
(53, 2016, 7, '0,0326', '142'),
(53, 2016, 8, '0,21203', '85'),
(53, 2016, 9, 'N/A', 'N/A'),
(53, 2017, 1, '130', '130'),
(53, 2017, 2, '4,119999886', '130'),
(53, 2017, 3, '0,667224824', '115'),
(53, 2017, 4, '0,873664737', '131'),
(53, 2017, 5, '0,295637727', '125'),
(53, 2017, 6, '0,423026294', '83'),
(53, 2017, 7, '0,02533637', '143'),
(53, 2017, 8, '0,256923944', '61'),
(53, 2017, 9, 'N/A', 'N/A'),
(53, 2018, 1, '108', '108'),
(53, 2018, 2, '4,657', '108'),
(53, 2018, 3, '0,592', '119'),
(53, 2018, 4, 'N/A', 'N/A'),
(53, 2018, 5, '0,337', '127'),
(53, 2018, 6, '0,499', '75'),
(53, 2018, 7, '0,029', '140'),
(53, 2018, 8, '0,212', '50'),
(53, 2018, 9, '0,896', '130'),
(53, 2019, 1, '98', '98'),
(53, 2019, 2, '4,996', '98'),
(53, 2019, 3, '0,611', '117'),
(53, 2019, 4, 'N/A', 'N/A'),
(53, 2019, 5, '0,486', '126'),
(53, 2019, 6, '0,381', '91'),
(53, 2019, 7, '0,04', '124'),
(53, 2019, 8, '0,245', '42'),
(53, 2019, 9, '0,868', '133'),
(54, 2015, 1, '102', '102'),
(54, 2015, 2, '4,857', '102'),
(54, 2015, 3, '1,15406', '41'),
(54, 2015, 4, '0,92933', '104'),
(54, 2015, 5, '0,88213', '27'),
(54, 2015, 6, '0,07699', '157'),
(54, 2015, 7, '0,01397', '151'),
(54, 2015, 8, '0', '158'),
(54, 2015, 9, 'N/A', 'N/A'),
(54, 2016, 1, '99', '99'),
(54, 2016, 2, '5,033', '99'),
(54, 2016, 3, '1,24886', '44'),
(54, 2016, 4, '0,75473', '101'),
(54, 2016, 5, '0,80029', '27'),
(54, 2016, 6, '0,05822', '154'),
(54, 2016, 7, '0,04127', '135'),
(54, 2016, 8, '0', '157'),
(54, 2016, 9, 'N/A', 'N/A'),
(54, 2017, 1, '86', '86'),
(54, 2017, 2, '5,227000237', '86'),
(54, 2017, 3, '1,289487481', '43'),
(54, 2017, 4, '1,239414573', '79'),
(54, 2017, 5, '0,810198903', '22'),
(54, 2017, 6, '0,095731251', '149'),
(54, 2017, 7, '0,043289777', '126'),
(54, 2017, 8, '0', '154'),
(54, 2017, 9, 'N/A', 'N/A'),
(54, 2018, 1, '79', '79'),
(54, 2018, 2, '5,358', '79'),
(54, 2018, 3, '1,154', '45'),
(54, 2018, 4, 'N/A', 'N/A'),
(54, 2018, 5, '0,879', '22'),
(54, 2018, 6, '0,131', '147'),
(54, 2018, 7, '0,044', '122'),
(54, 2018, 8, '0', '156'),
(54, 2018, 9, '1,202', '96'),
(54, 2019, 1, '82', '82'),
(54, 2019, 2, '5,287', '82'),
(54, 2019, 3, '1,181', '48'),
(54, 2019, 4, 'N/A', 'N/A'),
(54, 2019, 5, '0,999', '20'),
(54, 2019, 6, '0,067', '151'),
(54, 2019, 7, '0,034', '130'),
(54, 2019, 8, '0', '156'),
(54, 2019, 9, '1,156', '103'),
(55, 2015, 1, '43', '43'),
(55, 2015, 2, '6,123', '43'),
(55, 2015, 3, '0,74553', '100'),
(55, 2015, 4, '1,04356', '75'),
(55, 2015, 5, '0,64425', '91'),
(55, 2015, 6, '0,57733', '32'),
(55, 2015, 7, '0,09472', '87'),
(55, 2015, 8, '0,27489', '50'),
(55, 2015, 9, 'N/A', 'N/A'),
(55, 2016, 1, '39', '39'),
(55, 2016, 2, '6,324', '39'),
(55, 2016, 3, '0,83454', '104'),
(55, 2016, 4, '0,87119', '70'),
(55, 2016, 5, '0,54039', '95'),
(55, 2016, 6, '0,50379', '34'),
(55, 2016, 7, '0,08701', '91'),
(55, 2016, 8, '0,28808', '47'),
(55, 2016, 9, 'N/A', 'N/A'),
(55, 2017, 1, '29', '29'),
(55, 2017, 2, '6,453999996', '29'),
(55, 2017, 3, '0,872001946', '100'),
(55, 2017, 4, '1,255585194', '76'),
(55, 2017, 5, '0,54023999', '94'),
(55, 2017, 6, '0,531310618', '36'),
(55, 2017, 7, '0,077223279', '88'),
(55, 2017, 8, '0,283488393', '51'),
(55, 2017, 9, 'N/A', 'N/A'),
(55, 2018, 1, '30', '30'),
(55, 2018, 2, '6,382', '30'),
(55, 2018, 3, '0,781', '100'),
(55, 2018, 4, 'N/A', 'N/A'),
(55, 2018, 5, '0,608', '89'),
(55, 2018, 6, '0,604', '29'),
(55, 2018, 7, '0,071', '93'),
(55, 2018, 8, '0,179', '73'),
(55, 2018, 9, '1,268', '76'),
(55, 2019, 1, '27', '27'),
(55, 2019, 2, '6,436', '27'),
(55, 2019, 3, '0,8', '101'),
(55, 2019, 4, 'N/A', 'N/A'),
(55, 2019, 5, '0,746', '89'),
(55, 2019, 6, '0,535', '26'),
(55, 2019, 7, '0,078', '86'),
(55, 2019, 8, '0,175', '82'),
(55, 2019, 9, '1,269', '79'),
(56, 2015, 1, '150', '150'),
(56, 2015, 2, '3,656', '150'),
(56, 2015, 3, '0,17417', '151'),
(56, 2015, 4, '0,46475', '148'),
(56, 2015, 5, '0,24009', '143'),
(56, 2015, 6, '0,37725', '104'),
(56, 2015, 7, '0,12139', '73'),
(56, 2015, 8, '0,28657', '45'),
(56, 2015, 9, 'N/A', 'N/A'),
(56, 2016, 1, '151', '151'),
(56, 2016, 2, '3,607', '151'),
(56, 2016, 3, '0,22415', '151'),
(56, 2016, 4, '0,3109', '145'),
(56, 2016, 5, '0,18829', '143'),
(56, 2016, 6, '0,30953', '107'),
(56, 2016, 7, '0,1192', '67'),
(56, 2016, 8, '0,29914', '43'),
(56, 2016, 9, 'N/A', 'N/A'),
(56, 2017, 1, '148', '148'),
(56, 2017, 2, '3,506999969', '148'),
(56, 2017, 3, '0,24454993', '146'),
(56, 2017, 4, '0,791244686', '138'),
(56, 2017, 5, '0,194129139', '138'),
(56, 2017, 6, '0,348587513', '105'),
(56, 2017, 7, '0,110937618', '61'),
(56, 2017, 8, '0,264815092', '58'),
(56, 2017, 9, 'N/A', 'N/A'),
(56, 2018, 1, '140', '140'),
(56, 2018, 2, '3,964', '140'),
(56, 2018, 3, '0,344', '138'),
(56, 2018, 4, 'N/A', 'N/A'),
(56, 2018, 5, '0,211', '143'),
(56, 2018, 6, '0,394', '109'),
(56, 2018, 7, '0,094', '70'),
(56, 2018, 8, '0,185', '69'),
(56, 2018, 9, '0,792', '142'),
(56, 2019, 1, '118', '118'),
(56, 2019, 2, '4,534', '118'),
(56, 2019, 3, '0,38', '133'),
(56, 2019, 4, 'N/A', 'N/A'),
(56, 2019, 5, '0,375', '142'),
(56, 2019, 6, '0,332', '110'),
(56, 2019, 7, '0,086', '77'),
(56, 2019, 8, '0,207', '61'),
(56, 2019, 9, '0,829', '137'),
(57, 2015, 1, '119', '119'),
(57, 2015, 2, '4,518', '119'),
(57, 2015, 3, '0,26673', '141'),
(57, 2015, 4, '0,74302', '134'),
(57, 2015, 5, '0,38847', '126'),
(57, 2015, 6, '0,24425', '138'),
(57, 2015, 7, '0,17175', '45'),
(57, 2015, 8, '0,46187', '11'),
(57, 2015, 9, 'N/A', 'N/A'),
(57, 2016, 1, '136', '136'),
(57, 2016, 2, '4,028', '136'),
(57, 2016, 3, '0,34097', '142'),
(57, 2016, 4, '0,29561', '146'),
(57, 2016, 5, '0,27494', '135'),
(57, 2016, 6, '0,12072', '151'),
(57, 2016, 7, '0,14476', '52'),
(57, 2016, 8, '0,47958', '10'),
(57, 2016, 9, 'N/A', 'N/A'),
(57, 2017, 1, '144', '144'),
(57, 2017, 2, '3,602999926', '144'),
(57, 2017, 3, '0,368610263', '139'),
(57, 2017, 4, '0,640449822', '145'),
(57, 2017, 5, '0,27732113', '129'),
(57, 2017, 6, '0,030369857', '152'),
(57, 2017, 7, '0,09987215', '65'),
(57, 2017, 8, '0,489203781', '9'),
(57, 2017, 9, 'N/A', 'N/A'),
(57, 2018, 1, '148', '148'),
(57, 2018, 2, '3,582', '148'),
(57, 2018, 3, '0,315', '143'),
(57, 2018, 4, 'N/A', 'N/A'),
(57, 2018, 5, '0,289', '133'),
(57, 2018, 6, '0,025', '154'),
(57, 2018, 7, '0,104', '60'),
(57, 2018, 8, '0,392', '3'),
(57, 2018, 9, '0,714', '146'),
(57, 2019, 1, '147', '147'),
(57, 2019, 2, '3,597', '147'),
(57, 2019, 3, '0,323', '141'),
(57, 2019, 4, 'N/A', 'N/A'),
(57, 2019, 5, '0,449', '130'),
(57, 2019, 6, '0,026', '153'),
(57, 2019, 7, '0,11', '52'),
(57, 2019, 8, '0,419', '3'),
(57, 2019, 9, '0,688', '147'),
(58, 2015, 1, '105', '105'),
(58, 2015, 2, '4,788', '105'),
(58, 2015, 3, '0,59532', '114'),
(58, 2015, 4, '0,95348', '99'),
(58, 2015, 5, '0,6951', '81'),
(58, 2015, 6, '0,40148', '97'),
(58, 2015, 7, '0,06825', '112'),
(58, 2015, 8, '0,23027', '68'),
(58, 2015, 9, 'N/A', 'N/A'),
(58, 2016, 1, '104', '104'),
(58, 2016, 2, '4,871', '104'),
(58, 2016, 3, '0,69429', '113'),
(58, 2016, 4, '0,75596', '100'),
(58, 2016, 5, '0,58383', '87'),
(58, 2016, 6, '0,26755', '116'),
(58, 2016, 7, '0,06906', '111'),
(58, 2016, 8, '0,2044', '89'),
(58, 2016, 9, 'N/A', 'N/A'),
(58, 2017, 1, '90', '90'),
(58, 2017, 2, '5,181000233', '90'),
(58, 2017, 3, '0,730573118', '111'),
(58, 2017, 4, '1,143944979', '102'),
(58, 2017, 5, '0,58256948', '84'),
(58, 2017, 6, '0,34807986', '106'),
(58, 2017, 7, '0,073345453', '92'),
(58, 2017, 8, '0,236188874', '74'),
(58, 2017, 9, 'N/A', 'N/A'),
(58, 2018, 1, '72', '72'),
(58, 2018, 2, '5,504', '72'),
(58, 2018, 3, '0,62', '117'),
(58, 2018, 4, 'N/A', 'N/A'),
(58, 2018, 5, '0,622', '84'),
(58, 2018, 6, '0,459', '87'),
(58, 2018, 7, '0,074', '89'),
(58, 2018, 8, '0,197', '60'),
(58, 2018, 9, '1,205', '94'),
(58, 2019, 1, '59', '59'),
(58, 2019, 2, '5,86', '59'),
(58, 2019, 3, '0,642', '115'),
(58, 2019, 4, 'N/A', 'N/A'),
(58, 2019, 5, '0,828', '59'),
(58, 2019, 6, '0,507', '40'),
(58, 2019, 7, '0,078', '86'),
(58, 2019, 8, '0,246', '41'),
(58, 2019, 9, '1,236', '85'),
(59, 2015, 1, '72', '72'),
(59, 2015, 2, '5,474', '72'),
(59, 2015, 3, '1,38604', '10'),
(59, 2015, 4, '1,05818', '73'),
(59, 2015, 5, '1,01328', '2'),
(59, 2015, 6, '0,59608', '27'),
(59, 2015, 7, '0,37124', '13'),
(59, 2015, 8, '0,39478', '20'),
(59, 2015, 9, 'N/A', 'N/A'),
(59, 2016, 1, '75', '75'),
(59, 2016, 2, '5,458', '75'),
(59, 2016, 3, '1,5107', '8'),
(59, 2016, 4, '0,87021', '72'),
(59, 2016, 5, '0,95277', '1'),
(59, 2016, 6, '0,48079', '42'),
(59, 2016, 7, '0,31647', '15'),
(59, 2016, 8, '0,40097', '22'),
(59, 2016, 9, 'N/A', 'N/A'),
(59, 2018, 1, '76', '76'),
(59, 2018, 2, '5,43', '76'),
(59, 2018, 3, '1,405', '9'),
(59, 2018, 4, 'N/A', 'N/A'),
(59, 2018, 5, '1,03', '1'),
(59, 2018, 6, '0,524', '66'),
(59, 2018, 7, '0,291', '14'),
(59, 2018, 8, '0,246', '36'),
(59, 2018, 9, '1,29', '73'),
(59, 2019, 1, '76', '76'),
(59, 2019, 2, '5,43', '76'),
(59, 2019, 3, '1,438', '9'),
(59, 2019, 4, 'N/A', 'N/A'),
(59, 2019, 5, '1,122', '2'),
(59, 2019, 6, '0,44', '67'),
(59, 2019, 7, '0,287', '14'),
(59, 2019, 8, '0,258', '35'),
(59, 2019, 9, '1,277', '77'),
(60, 2015, 1, '104', '104'),
(60, 2015, 2, '4,8', '104'),
(60, 2015, 3, '1,12094', '49'),
(60, 2015, 4, '1,20215', '44'),
(60, 2015, 5, '0,75905', '54'),
(60, 2015, 6, '0,32112', '120'),
(60, 2015, 7, '0,02758', '144'),
(60, 2015, 8, '0,128', '126'),
(60, 2015, 9, 'N/A', 'N/A'),
(60, 2016, 1, '91', '91'),
(60, 2016, 2, '5,145', '91'),
(60, 2016, 3, '1,24142', '46'),
(60, 2016, 4, '0,93164', '56'),
(60, 2016, 5, '0,67608', '53'),
(60, 2016, 6, '0,1977', '133'),
(60, 2016, 7, '0,04472', '132'),
(60, 2016, 8, '0,099', '140'),
(60, 2016, 9, 'N/A', 'N/A'),
(60, 2017, 1, '74', '74'),
(60, 2017, 2, '5,323999882', '74'),
(60, 2017, 3, '1,286011934', '44'),
(60, 2017, 4, '1,343133092', '57'),
(60, 2017, 5, '0,687763453', '50'),
(60, 2017, 6, '0,175863519', '142'),
(60, 2017, 7, '0,036636937', '136'),
(60, 2017, 8, '0,078401662', '140'),
(60, 2017, 9, 'N/A', 'N/A'),
(60, 2018, 1, '69', '69'),
(60, 2018, 2, '5,62', '69'),
(60, 2018, 3, '1,171', '43'),
(60, 2018, 4, 'N/A', 'N/A'),
(60, 2018, 5, '0,732', '50'),
(60, 2018, 6, '0,259', '138'),
(60, 2018, 7, '0,022', '146'),
(60, 2018, 8, '0,061', '143'),
(60, 2018, 9, '1,401', '56'),
(60, 2019, 1, '62', '62'),
(60, 2019, 2, '5,758', '62'),
(60, 2019, 3, '1,201', '44'),
(60, 2019, 4, 'N/A', 'N/A'),
(60, 2019, 5, '0,828', '59'),
(60, 2019, 6, '0,199', '139'),
(60, 2019, 7, '0,02', '148'),
(60, 2019, 8, '0,081', '134'),
(60, 2019, 9, '1,41', '51'),
(61, 2015, 1, '2', '2'),
(61, 2015, 2, '7,561', '2'),
(61, 2015, 3, '1,30232', '22'),
(61, 2015, 4, '1,40223', '1'),
(61, 2015, 5, '0,94784', '7'),
(61, 2015, 6, '0,62877', '15'),
(61, 2015, 7, '0,14145', '60'),
(61, 2015, 8, '0,4363', '14'),
(61, 2015, 9, 'N/A', 'N/A'),
(61, 2016, 1, '3', '3'),
(61, 2016, 2, '7,501', '3'),
(61, 2016, 3, '1,42666', '20'),
(61, 2016, 4, '1,18326', '1'),
(61, 2016, 5, '0,86733', '6'),
(61, 2016, 6, '0,56624', '13'),
(61, 2016, 7, '0,14975', '50'),
(61, 2016, 8, '0,47678', '11'),
(61, 2016, 9, 'N/A', 'N/A'),
(61, 2017, 1, '3', '3'),
(61, 2017, 2, '7,504000187', '3'),
(61, 2017, 3, '1,48063302', '18'),
(61, 2017, 4, '1,610574007', '1'),
(61, 2017, 5, '0,833552122', '14'),
(61, 2017, 6, '0,627162635', '4'),
(61, 2017, 7, '0,153526559', '38'),
(61, 2017, 8, '0,475540221', '11'),
(61, 2017, 9, 'N/A', 'N/A'),
(61, 2018, 1, '4', '4'),
(61, 2018, 2, '7,495', '4'),
(61, 2018, 3, '1,343', '16'),
(61, 2018, 4, 'N/A', 'N/A'),
(61, 2018, 5, '0,914', '8'),
(61, 2018, 6, '0,677', '6'),
(61, 2018, 7, '0,138', '40'),
(61, 2018, 8, '0,353', '11'),
(61, 2018, 9, '1,644', '1'),
(61, 2019, 1, '4', '4'),
(61, 2019, 2, '7,494', '4'),
(61, 2019, 3, '1,38', '15'),
(61, 2019, 4, 'N/A', 'N/A'),
(61, 2019, 5, '1,026', '15'),
(61, 2019, 6, '0,591', '7'),
(61, 2019, 7, '0,118', '49'),
(61, 2019, 8, '0,354', '8'),
(61, 2019, 9, '1,624', '1'),
(62, 2015, 1, '117', '117'),
(62, 2015, 2, '4,565', '117'),
(62, 2015, 3, '0,64499', '109'),
(62, 2015, 4, '0,38174', '154'),
(62, 2015, 5, '0,51529', '114'),
(62, 2015, 6, '0,39786', '98'),
(62, 2015, 7, '0,08492', '94'),
(62, 2015, 8, '0,26475', '52'),
(62, 2015, 9, 'N/A', 'N/A'),
(62, 2016, 1, '118', '118'),
(62, 2016, 2, '4,404', '118'),
(62, 2016, 3, '0,74036', '111'),
(62, 2016, 4, '0,29247', '147'),
(62, 2016, 5, '0,45091', '112'),
(62, 2016, 6, '0,40285', '75'),
(62, 2016, 7, '0,08722', '90'),
(62, 2016, 8, '0,25028', '64'),
(62, 2016, 9, 'N/A', 'N/A'),
(62, 2017, 1, '121', '121'),
(62, 2017, 2, '4,315000057', '121'),
(62, 2017, 3, '0,792221248', '105'),
(62, 2017, 4, '0,754372597', '140'),
(62, 2017, 5, '0,455427617', '108'),
(62, 2017, 6, '0,469987005', '62'),
(62, 2017, 7, '0,092226885', '74'),
(62, 2017, 8, '0,231538489', '77'),
(62, 2017, 9, 'N/A', 'N/A'),
(62, 2018, 1, '133', '133'),
(62, 2018, 2, '4,19', '133'),
(62, 2018, 3, '0,721', '105'),
(62, 2018, 4, 'N/A', 'N/A'),
(62, 2018, 5, '0,485', '110'),
(62, 2018, 6, '0,539', '56'),
(62, 2018, 7, '0,093', '71'),
(62, 2018, 8, '0,172', '80'),
(62, 2018, 9, '0,747', '145'),
(62, 2019, 1, '140', '140'),
(62, 2019, 2, '4,015', '140'),
(62, 2019, 3, '0,755', '105'),
(62, 2019, 4, 'N/A', 'N/A'),
(62, 2019, 5, '0,588', '110'),
(62, 2019, 6, '0,498', '41'),
(62, 2019, 7, '0,085', '79'),
(62, 2019, 8, '0,2', '63'),
(62, 2019, 9, '0,765', '143'),
(63, 2015, 1, '74', '74'),
(63, 2015, 2, '5,399', '74'),
(63, 2015, 3, '0,82827', '90'),
(63, 2015, 4, '1,08708', '64'),
(63, 2015, 5, '0,63793', '94'),
(63, 2015, 6, '0,46611', '68'),
(63, 2015, 7, '0', '158'),
(63, 2015, 8, '0,51535', '5'),
(63, 2015, 9, 'N/A', 'N/A'),
(63, 2016, 1, '79', '79'),
(63, 2016, 2, '5,314', '79'),
(63, 2016, 3, '0,95104', '90'),
(63, 2016, 4, '0,87625', '69'),
(63, 2016, 5, '0,49374', '108'),
(63, 2016, 6, '0,39237', '80'),
(63, 2016, 7, '0,00322', '156'),
(63, 2016, 8, '0,56521', '3'),
(63, 2016, 9, 'N/A', 'N/A'),
(63, 2017, 1, '80', '80'),
(63, 2017, 2, '5,262000084', '80'),
(63, 2017, 3, '0,995538592', '85'),
(63, 2017, 4, '1,274444699', '68'),
(63, 2017, 5, '0,492345721', '105'),
(63, 2017, 6, '0,443323463', '74'),
(63, 2017, 7, '0,015317135', '148'),
(63, 2017, 8, '0,611704588', '2'),
(63, 2017, 9, 'N/A', 'N/A'),
(63, 2018, 1, '96', '96'),
(63, 2018, 2, '5,093', '96'),
(63, 2018, 3, '0,899', '86'),
(63, 2018, 4, 'N/A', 'N/A'),
(63, 2018, 5, '0,522', '106'),
(63, 2018, 6, '0,538', '57'),
(63, 2018, 7, '0,018', '148'),
(63, 2018, 8, '0,484', '2'),
(63, 2018, 9, '1,215', '91'),
(63, 2019, 1, '92', '92'),
(63, 2019, 2, '5,192', '92'),
(63, 2019, 3, '0,931', '85'),
(63, 2019, 4, 'N/A', 'N/A'),
(63, 2019, 5, '0,66', '103'),
(63, 2019, 6, '0,491', '49'),
(63, 2019, 7, '0,028', '136'),
(63, 2019, 8, '0,498', '2'),
(63, 2019, 9, '1,203', '95'),
(64, 2015, 1, '110', '110'),
(64, 2015, 2, '4,686', '110'),
(64, 2015, 3, '1,0088', '65'),
(64, 2015, 4, '0,54447', '146'),
(64, 2015, 5, '0,69805', '78'),
(64, 2015, 6, '0,30033', '127'),
(64, 2015, 7, '0,05863', '122'),
(64, 2015, 8, '0,38086', '21'),
(64, 2015, 9, 'N/A', 'N/A'),
(64, 2016, 1, '105', '105'),
(64, 2016, 2, '4,813', '105'),
(64, 2016, 3, '1,11758', '63'),
(64, 2016, 4, '0,38857', '141'),
(64, 2016, 5, '0,64232', '64'),
(64, 2016, 6, '0,22544', '129'),
(64, 2016, 7, '0,0557', '121'),
(64, 2016, 8, '0,38538', '23'),
(64, 2016, 9, 'N/A', 'N/A'),
(64, 2017, 1, '107', '107'),
(64, 2017, 2, '4,691999912', '107'),
(64, 2017, 3, '1,156873107', '58'),
(64, 2017, 4, '0,711551249', '143'),
(64, 2017, 5, '0,639333189', '62'),
(64, 2017, 6, '0,249322608', '131'),
(64, 2017, 7, '0,048761073', '122'),
(64, 2017, 8, '0,387242913', '22'),
(64, 2017, 9, 'N/A', 'N/A'),
(64, 2018, 1, '106', '106'),
(64, 2018, 2, '4,707', '106'),
(64, 2018, 3, '1,059', '57'),
(64, 2018, 4, 'N/A', 'N/A'),
(64, 2018, 5, '0,691', '61'),
(64, 2018, 6, '0,459', '87'),
(64, 2018, 7, '0,129', '45'),
(64, 2018, 8, '0,282', '24'),
(64, 2018, 9, '0,771', '144'),
(64, 2019, 1, '117', '117'),
(64, 2019, 2, '4,548', '117'),
(64, 2019, 3, '1,1', '56'),
(64, 2019, 4, 'N/A', 'N/A'),
(64, 2019, 5, '0,785', '80'),
(64, 2019, 6, '0,305', '118'),
(64, 2019, 7, '0,125', '48'),
(64, 2019, 8, '0,27', '24'),
(64, 2019, 9, '0,842', '135'),
(65, 2015, 1, '112', '112'),
(65, 2015, 2, '4,677', '112'),
(65, 2015, 3, '0,98549', '69'),
(65, 2015, 4, '0,81889', '121'),
(65, 2015, 5, '0,60237', '104'),
(65, 2015, 6, '0', '158'),
(65, 2015, 7, '0,13788', '61'),
(65, 2015, 8, '0,17922', '106'),
(65, 2015, 9, 'N/A', 'N/A'),
(65, 2016, 1, '112', '112'),
(65, 2016, 2, '4,575', '112'),
(65, 2016, 3, '1,07474', '72'),
(65, 2016, 4, '0,59205', '129'),
(65, 2016, 5, '0,51076', '103'),
(65, 2016, 6, '0,24856', '123'),
(65, 2016, 7, '0,13636', '56'),
(65, 2016, 8, '0,19589', '95'),
(65, 2016, 9, 'N/A', 'N/A'),
(65, 2017, 1, '116', '116'),
(65, 2017, 2, '4,497000217', '116'),
(65, 2017, 3, '1,102710485', '69'),
(65, 2017, 4, '0,978613198', '123'),
(65, 2017, 5, '0,50118047', '101'),
(65, 2017, 6, '0,288555533', '121'),
(65, 2017, 7, '0,107215755', '62'),
(65, 2017, 8, '0,199637264', '97'),
(65, 2017, 9, 'N/A', 'N/A'),
(65, 2018, 1, '117', '117'),
(65, 2018, 2, '4,456', '117'),
(65, 2018, 3, '1,01', '67'),
(65, 2018, 4, 'N/A', 'N/A'),
(65, 2018, 5, '0,536', '104'),
(65, 2018, 6, '0,304', '129'),
(65, 2018, 7, '0,095', '68'),
(65, 2018, 8, '0,148', '93'),
(65, 2018, 9, '0,971', '124'),
(65, 2019, 1, '126', '126'),
(65, 2019, 2, '4,437', '126'),
(65, 2019, 3, '1,043', '66'),
(65, 2019, 4, 'N/A', 'N/A'),
(65, 2019, 5, '0,574', '112'),
(65, 2019, 6, '0,241', '130'),
(65, 2019, 7, '0,089', '70'),
(65, 2019, 8, '0,148', '97'),
(65, 2019, 9, '0,98', '125'),
(66, 2015, 1, '18', '18'),
(66, 2015, 2, '6,94', '18'),
(66, 2015, 3, '1,33596', '13'),
(66, 2015, 4, '1,36948', '2'),
(66, 2015, 5, '0,89533', '20'),
(66, 2015, 6, '0,61777', '18'),
(66, 2015, 7, '0,28703', '24'),
(66, 2015, 8, '0,45901', '12'),
(66, 2015, 9, 'N/A', 'N/A'),
(66, 2016, 1, '19', '19'),
(66, 2016, 2, '6,907', '19'),
(66, 2016, 3, '1,48341', '11'),
(66, 2016, 4, '1,16157', '5'),
(66, 2016, 5, '0,81455', '21'),
(66, 2016, 6, '0,54008', '24'),
(66, 2016, 7, '0,29754', '20'),
(66, 2016, 8, '0,44963', '15'),
(66, 2016, 9, 'N/A', 'N/A'),
(66, 2017, 1, '15', '15'),
(66, 2017, 2, '6,977000237', '15'),
(66, 2017, 3, '1,535706639', '9'),
(66, 2017, 4, '1,558231115', '2'),
(66, 2017, 5, '0,809782624', '23'),
(66, 2017, 6, '0,573110342', '23'),
(66, 2017, 7, '0,298388153', '13'),
(66, 2017, 8, '0,427858323', '17'),
(66, 2017, 9, 'N/A', 'N/A'),
(66, 2018, 1, '14', '14'),
(66, 2018, 2, '6,977', '14'),
(66, 2018, 3, '1,448', '7'),
(66, 2018, 4, 'N/A', 'N/A'),
(66, 2018, 5, '0,876', '24'),
(66, 2018, 6, '0,614', '27'),
(66, 2018, 7, '0,306', '11'),
(66, 2018, 8, '0,307', '17'),
(66, 2018, 9, '1,583', '6'),
(66, 2019, 1, '16', '16'),
(66, 2019, 2, '7,021', '16'),
(66, 2019, 3, '1,499', '6'),
(66, 2019, 4, 'N/A', 'N/A'),
(66, 2019, 5, '0,999', '20'),
(66, 2019, 6, '0,516', '33'),
(66, 2019, 7, '0,31', '10'),
(66, 2019, 8, '0,298', '16'),
(66, 2019, 9, '1,553', '6'),
(67, 2015, 1, '11', '11'),
(67, 2015, 2, '7,278', '11'),
(67, 2015, 3, '1,22857', '32'),
(67, 2015, 4, '1,22393', '38'),
(67, 2015, 5, '0,91387', '14'),
(67, 2015, 6, '0,41319', '90'),
(67, 2015, 7, '0,07785', '105'),
(67, 2015, 8, '0,33172', '33'),
(67, 2015, 9, 'N/A', 'N/A'),
(67, 2016, 1, '11', '11'),
(67, 2016, 2, '7,267', '11'),
(67, 2016, 3, '1,33766', '32'),
(67, 2016, 4, '0,99537', '44'),
(67, 2016, 5, '0,84917', '10'),
(67, 2016, 6, '0,36432', '95'),
(67, 2016, 7, '0,08728', '89'),
(67, 2016, 8, '0,32288', '35'),
(67, 2016, 9, 'N/A', 'N/A'),
(67, 2017, 1, '11', '11'),
(67, 2017, 2, '7,212999821', '11'),
(67, 2017, 3, '1,375382423', '30'),
(67, 2017, 4, '1,376289964', '51'),
(67, 2017, 5, '0,838404', '11'),
(67, 2017, 6, '0,405988604', '90'),
(67, 2017, 7, '0,0852421', '83'),
(67, 2017, 8, '0,330082655', '34'),
(67, 2017, 9, 'N/A', 'N/A'),
(67, 2018, 1, '19', '19'),
(67, 2018, 2, '6,814', '19'),
(67, 2018, 3, '1,301', '24'),
(67, 2018, 4, 'N/A', 'N/A'),
(67, 2018, 5, '0,883', '21'),
(67, 2018, 6, '0,533', '58'),
(67, 2018, 7, '0,272', '18'),
(67, 2018, 8, '0,354', '10'),
(67, 2018, 9, '1,559', '9'),
(67, 2019, 1, '13', '13'),
(67, 2019, 2, '7,139', '13'),
(67, 2019, 3, '1,276', '32'),
(67, 2019, 4, 'N/A', 'N/A'),
(67, 2019, 5, '1,029', '13'),
(67, 2019, 6, '0,371', '94'),
(67, 2019, 7, '0,082', '81'),
(67, 2019, 8, '0,261', '32'),
(67, 2019, 9, '1,455', '38'),
(68, 2015, 1, '50', '50'),
(68, 2015, 2, '5,948', '50'),
(68, 2015, 3, '1,25114', '28'),
(68, 2015, 4, '1,19777', '46'),
(68, 2015, 5, '0,95446', '6'),
(68, 2015, 6, '0,26236', '132'),
(68, 2015, 7, '0,02901', '142'),
(68, 2015, 8, '0,22823', '71'),
(68, 2015, 9, 'N/A', 'N/A'),
(68, 2016, 1, '50', '50'),
(68, 2016, 2, '5,977', '50'),
(68, 2016, 3, '1,35495', '30'),
(68, 2016, 4, '1,04167', '32'),
(68, 2016, 5, '0,85102', '9'),
(68, 2016, 6, '0,18827', '137'),
(68, 2016, 7, '0,02556', '148'),
(68, 2016, 8, '0,16684', '113'),
(68, 2016, 9, 'N/A', 'N/A'),
(68, 2017, 1, '48', '48'),
(68, 2017, 2, '5,964000225', '48'),
(68, 2017, 3, '1,395066619', '28'),
(68, 2017, 4, '1,444923282', '29'),
(68, 2017, 5, '0,853144348', '6'),
(68, 2017, 6, '0,256450713', '127'),
(68, 2017, 7, '0,028028091', '140'),
(68, 2017, 8, '0,172789648', '108'),
(68, 2017, 9, 'N/A', 'N/A'),
(68, 2018, 1, '47', '47'),
(68, 2018, 2, '6', '47'),
(68, 2018, 3, '1,264', '30'),
(68, 2018, 4, 'N/A', 'N/A'),
(68, 2018, 5, '0,946', '6'),
(68, 2018, 6, '0,281', '133'),
(68, 2018, 7, '0,028', '142'),
(68, 2018, 8, '0,137', '101'),
(68, 2018, 9, '1,501', '25'),
(68, 2019, 1, '36', '36'),
(68, 2019, 2, '6,223', '36'),
(68, 2019, 3, '1,294', '30'),
(68, 2019, 4, 'N/A', 'N/A'),
(68, 2019, 5, '1,039', '9'),
(68, 2019, 6, '0,231', '133'),
(68, 2019, 7, '0,03', '135'),
(68, 2019, 8, '0,158', '89'),
(68, 2019, 9, '1,488', '23'),
(69, 2015, 1, '151', '151'),
(69, 2015, 2, '3,655', '151'),
(69, 2015, 3, '0,46534', '123'),
(69, 2015, 4, '0,77115', '131'),
(69, 2015, 5, '0,15185', '150'),
(69, 2015, 6, '0,46866', '67'),
(69, 2015, 7, '0,17922', '41'),
(69, 2015, 8, '0,20165', '89'),
(69, 2015, 9, 'N/A', 'N/A'),
(69, 2016, 1, '139', '139'),
(69, 2016, 2, '3,916', '139'),
(69, 2016, 3, '0,55507', '126'),
(69, 2016, 4, '0,57576', '130'),
(69, 2016, 5, '0,04476', '155'),
(69, 2016, 6, '0,40663', '71'),
(69, 2016, 7, '0,1553', '49'),
(69, 2016, 8, '0,20338', '91'),
(69, 2016, 9, 'N/A', 'N/A'),
(69, 2017, 1, '127', '127'),
(69, 2017, 2, '4,179999828', '127'),
(69, 2017, 3, '0,603048921', '119'),
(69, 2017, 4, '0,90478003', '130'),
(69, 2017, 5, '0,04864217', '150'),
(69, 2017, 6, '0,447706193', '72'),
(69, 2017, 7, '0,130061775', '49'),
(69, 2017, 8, '0,20123747', '96'),
(69, 2017, 9, 'N/A', 'N/A'),
(69, 2018, 1, '107', '107'),
(69, 2018, 2, '4,671', '107'),
(69, 2018, 3, '0,541', '123'),
(69, 2018, 4, 'N/A', 'N/A'),
(69, 2018, 5, '0,08', '151'),
(69, 2018, 6, '0,467', '82'),
(69, 2018, 7, '0,103', '61'),
(69, 2018, 8, '0,146', '95'),
(69, 2018, 9, '0,872', '133'),
(69, 2019, 1, '99', '99'),
(69, 2019, 2, '4,944', '99'),
(69, 2019, 3, '0,569', '121'),
(69, 2019, 4, 'N/A', 'N/A'),
(69, 2019, 5, '0,232', '152'),
(69, 2019, 6, '0,352', '101'),
(69, 2019, 7, '0,09', '69'),
(69, 2019, 8, '0,154', '91'),
(69, 2019, 9, '0,808', '138'),
(70, 2015, 1, '65', '65'),
(70, 2015, 2, '5,709', '65'),
(70, 2015, 3, '0,81038', '92'),
(70, 2015, 4, '1,15102', '52'),
(70, 2015, 5, '0,68741', '83'),
(70, 2015, 6, '0,50442', '53'),
(70, 2015, 7, '0,02299', '149'),
(70, 2015, 8, '0,2123', '83'),
(70, 2015, 9, 'N/A', 'N/A'),
(70, 2016, 1, '73', '73'),
(70, 2016, 2, '5,51', '73'),
(70, 2016, 3, '0,89333', '95'),
(70, 2016, 4, '0,96372', '48'),
(70, 2016, 5, '0,59469', '83'),
(70, 2016, 6, '0,43597', '57'),
(70, 2016, 7, '0,04294', '134'),
(70, 2016, 8, '0,22245', '79'),
(70, 2016, 9, 'N/A', 'N/A'),
(70, 2017, 1, '75', '75'),
(70, 2017, 2, '5,31099987', '75'),
(70, 2017, 3, '0,925579309', '93'),
(70, 2017, 4, '1,368218064', '53'),
(70, 2017, 5, '0,641022384', '61'),
(70, 2017, 6, '0,474307239', '56'),
(70, 2017, 7, '0,055267781', '119'),
(70, 2017, 8, '0,233818337', '76'),
(70, 2017, 9, 'N/A', 'N/A'),
(70, 2018, 1, '56', '56'),
(70, 2018, 2, '5,89', '56'),
(70, 2018, 3, '0,819', '94'),
(70, 2018, 4, 'N/A', 'N/A'),
(70, 2018, 5, '0,693', '60'),
(70, 2018, 6, '0,575', '41'),
(70, 2018, 7, '0,031', '138'),
(70, 2018, 8, '0,096', '125'),
(70, 2018, 9, '1,493', '28'),
(70, 2019, 1, '56', '56'),
(70, 2019, 2, '5,89', '56'),
(70, 2019, 3, '0,831', '95'),
(70, 2019, 4, 'N/A', 'N/A'),
(70, 2019, 5, '0,831', '57'),
(70, 2019, 6, '0,49', '50'),
(70, 2019, 7, '0,028', '136'),
(70, 2019, 8, '0,107', '119'),
(70, 2019, 9, '1,478', '28'),
(71, 2015, 1, '46', '46'),
(71, 2015, 2, '5,987', '46'),
(71, 2015, 3, '1,27074', '26'),
(71, 2015, 4, '1,25712', '27'),
(71, 2015, 5, '0,99111', '3'),
(71, 2015, 6, '0,49615', '54'),
(71, 2015, 7, '0,1806', '40'),
(71, 2015, 8, '0,10705', '140'),
(71, 2015, 9, 'N/A', 'N/A'),
(71, 2016, 1, '53', '53'),
(71, 2016, 2, '5,921', '53'),
(71, 2016, 3, '1,38007', '26'),
(71, 2016, 4, '1,06054', '23'),
(71, 2016, 5, '0,91491', '3'),
(71, 2016, 6, '0,46761', '45'),
(71, 2016, 7, '0,18985', '32'),
(71, 2016, 8, '0,10224', '137'),
(71, 2016, 9, 'N/A', 'N/A'),
(71, 2017, 1, '51', '51'),
(71, 2017, 2, '5,920000076', '51'),
(71, 2017, 3, '1,416915178', '25'),
(71, 2017, 4, '1,436337829', '31'),
(71, 2017, 5, '0,913475871', '2'),
(71, 2017, 6, '0,505625546', '43'),
(71, 2017, 7, '0,163760737', '35'),
(71, 2017, 8, '0,120572768', '129'),
(71, 2017, 9, 'N/A', 'N/A'),
(71, 2018, 1, '54', '54'),
(71, 2018, 2, '5,915', '54'),
(71, 2018, 3, '1,294', '25'),
(71, 2018, 4, 'N/A', 'N/A'),
(71, 2018, 5, '0,988', '3'),
(71, 2018, 6, '0,553', '48'),
(71, 2018, 7, '0,15', '34'),
(71, 2018, 8, '0,079', '134'),
(71, 2018, 9, '1,462', '40'),
(71, 2019, 1, '58', '58'),
(71, 2019, 2, '5,886', '58'),
(71, 2019, 3, '1,327', '25'),
(71, 2019, 4, 'N/A', 'N/A'),
(71, 2019, 5, '1,088', '3'),
(71, 2019, 6, '0,445', '65'),
(71, 2019, 7, '0,14', '41'),
(71, 2019, 8, '0,069', '143'),
(71, 2019, 9, '1,419', '50'),
(72, 2015, 1, '82', '82'),
(72, 2015, 2, '5,192', '82'),
(72, 2015, 3, '0,90198', '80'),
(72, 2015, 4, '1,05392', '74'),
(72, 2015, 5, '0,69639', '80'),
(72, 2015, 6, '0,40661', '94'),
(72, 2015, 7, '0,14293', '57'),
(72, 2015, 8, '0,11053', '138'),
(72, 2015, 9, 'N/A', 'N/A'),
(72, 2016, 1, '80', '80'),
(72, 2016, 2, '5,303', '80'),
(72, 2016, 3, '0,99673', '82'),
(72, 2016, 4, '0,86216', '75'),
(72, 2016, 5, '0,60712', '78'),
(72, 2016, 6, '0,36023', '96'),
(72, 2016, 7, '0,13297', '58'),
(72, 2016, 8, '0,14262', '122'),
(72, 2016, 9, 'N/A', 'N/A'),
(72, 2017, 1, '73', '73'),
(72, 2017, 2, '5,335999966', '73'),
(72, 2017, 3, '0,991012394', '86'),
(72, 2017, 4, '1,239088893', '80'),
(72, 2017, 5, '0,604590058', '78'),
(72, 2017, 6, '0,418421149', '84'),
(72, 2017, 7, '0,119803272', '53'),
(72, 2017, 8, '0,17217046', '111'),
(72, 2017, 9, 'N/A', 'N/A'),
(72, 2018, 1, '90', '90'),
(72, 2018, 2, '5,161', '90'),
(72, 2018, 3, '0,822', '93'),
(72, 2018, 4, 'N/A', 'N/A'),
(72, 2018, 5, '0,645', '78'),
(72, 2018, 6, '0,468', '81'),
(72, 2018, 7, '0,134', '43'),
(72, 2018, 8, '0,13', '106'),
(72, 2018, 9, '1,265', '77'),
(72, 2019, 1, '101', '101'),
(72, 2019, 2, '4,906', '101'),
(72, 2019, 3, '0,837', '94'),
(72, 2019, 4, 'N/A', 'N/A'),
(72, 2019, 5, '0,815', '66'),
(72, 2019, 6, '0,383', '88'),
(72, 2019, 7, '0,13', '45'),
(72, 2019, 8, '0,11', '116'),
(72, 2019, 9, '1,225', '89'),
(73, 2015, 1, '54', '54'),
(73, 2015, 2, '5,855', '54'),
(73, 2015, 3, '1,12254', '48'),
(73, 2015, 4, '1,12241', '58'),
(73, 2015, 5, '0,64368', '92'),
(73, 2015, 6, '0,51649', '51'),
(73, 2015, 7, '0,08454', '96'),
(73, 2015, 8, '0,11827', '133'),
(73, 2015, 9, 'N/A', 'N/A'),
(73, 2016, 1, '54', '54'),
(73, 2016, 2, '5,919', '54'),
(73, 2016, 3, '1,22943', '48'),
(73, 2016, 4, '0,95544', '50'),
(73, 2016, 5, '0,57386', '90'),
(73, 2016, 6, '0,4052', '73'),
(73, 2016, 7, '0,11132', '74'),
(73, 2016, 8, '0,15011', '119'),
(73, 2016, 9, 'N/A', 'N/A'),
(73, 2017, 1, '60', '60'),
(73, 2017, 2, '5,818999767', '60'),
(73, 2017, 3, '1,28455627', '45'),
(73, 2017, 4, '1,384369016', '49'),
(73, 2017, 5, '0,606041551', '77'),
(73, 2017, 6, '0,437454283', '77'),
(73, 2017, 7, '0,119282886', '54'),
(73, 2017, 8, '0,201964423', '93'),
(73, 2017, 9, 'N/A', 'N/A'),
(73, 2018, 1, '60', '60'),
(73, 2018, 2, '5,79', '60'),
(73, 2018, 3, '1,143', '49'),
(73, 2018, 4, 'N/A', 'N/A'),
(73, 2018, 5, '0,631', '83'),
(73, 2018, 6, '0,454', '89'),
(73, 2018, 7, '0,121', '50'),
(73, 2018, 8, '0,148', '93'),
(73, 2018, 9, '1,516', '21'),
(73, 2019, 1, '60', '60'),
(73, 2019, 2, '5,809', '60'),
(73, 2019, 3, '1,173', '49'),
(73, 2019, 4, 'N/A', 'N/A'),
(73, 2019, 5, '0,729', '92'),
(73, 2019, 6, '0,41', '81'),
(73, 2019, 7, '0,096', '64'),
(73, 2019, 8, '0,146', '99'),
(73, 2019, 9, '1,508', '19'),
(74, 2015, 1, '125', '125'),
(74, 2015, 2, '4,419', '125'),
(74, 2015, 3, '0,36471', '132'),
(74, 2015, 4, '0,99876', '91'),
(74, 2015, 5, '0,41435', '123'),
(74, 2015, 6, '0,42215', '85'),
(74, 2015, 7, '0,05839', '123'),
(74, 2015, 8, '0,37542', '23'),
(74, 2015, 9, 'N/A', 'N/A'),
(74, 2016, 1, '122', '122'),
(74, 2016, 2, '4,356', '122'),
(74, 2016, 3, '0,52267', '129'),
(74, 2016, 4, '0,7624', '95'),
(74, 2016, 5, '0,30147', '128'),
(74, 2016, 6, '0,40576', '72'),
(74, 2016, 7, '0,06686', '112'),
(74, 2016, 8, '0,41328', '19'),
(74, 2016, 9, 'N/A', 'N/A'),
(74, 2017, 1, '111', '111'),
(74, 2017, 2, '4,552999973', '111'),
(74, 2017, 3, '0,560479462', '125'),
(74, 2017, 4, '1,067950726', '114'),
(74, 2017, 5, '0,30998835', '124'),
(74, 2017, 6, '0,452763766', '69'),
(74, 2017, 7, '0,064641319', '104'),
(74, 2017, 8, '0,444860309', '14'),
(74, 2017, 9, 'N/A', 'N/A'),
(74, 2018, 1, '124', '124'),
(74, 2018, 2, '4,41', '124'),
(74, 2018, 3, '0,493', '127'),
(74, 2018, 4, 'N/A', 'N/A'),
(74, 2018, 5, '0,454', '113'),
(74, 2018, 6, '0,504', '72'),
(74, 2018, 7, '0,055', '109'),
(74, 2018, 8, '0,352', '12'),
(74, 2018, 9, '1,048', '118'),
(74, 2019, 1, '121', '121'),
(74, 2019, 2, '4,509', '121'),
(74, 2019, 3, '0,512', '125'),
(74, 2019, 4, 'N/A', 'N/A'),
(74, 2019, 5, '0,581', '111'),
(74, 2019, 6, '0,431', '73'),
(74, 2019, 7, '0,053', '112'),
(74, 2019, 8, '0,372', '5'),
(74, 2019, 9, '0,983', '124'),
(75, 2015, 1, '69', '69'),
(75, 2015, 2, '5,589', '69'),
(75, 2015, 3, '0,80148', '93'),
(75, 2015, 4, '0,81198', '122'),
(75, 2015, 5, '0,63132', '95'),
(75, 2015, 6, '0,24749', '136'),
(75, 2015, 7, '0,04741', '129'),
(75, 2015, 8, '0,2831', '46'),
(75, 2015, 9, 'N/A', 'N/A'),
(75, 2016, 1, '77', '77'),
(75, 2016, 2, '5,401', '77'),
(75, 2016, 3, '0,90145', '93'),
(75, 2016, 4, '0,66062', '115'),
(75, 2016, 5, '0,54', '96'),
(75, 2016, 6, '0,14396', '145'),
(75, 2016, 7, '0,06547', '115'),
(75, 2016, 8, '0,27992', '49'),
(75, 2016, 9, 'N/A', 'N/A'),
(75, 2017, 1, '77', '77'),
(75, 2017, 2, '5,278999805', '77'),
(75, 2017, 3, '0,951484382', '90'),
(75, 2017, 4, '1,137853503', '103'),
(75, 2017, 5, '0,54145205', '92'),
(75, 2017, 6, '0,260287941', '125'),
(75, 2017, 7, '0,057471618', '115'),
(75, 2017, 8, '0,319931448', '40'),
(75, 2017, 9, 'N/A', 'N/A'),
(75, 2018, 1, '66', '66'),
(75, 2018, 2, '5,662', '66'),
(75, 2018, 3, '0,855', '90'),
(75, 2018, 4, 'N/A', 'N/A'),
(75, 2018, 5, '0,578', '97'),
(75, 2018, 6, '0,448', '94'),
(75, 2018, 7, '0,023', '145'),
(75, 2018, 8, '0,274', '26'),
(75, 2018, 9, '1,23', '86'),
(75, 2019, 1, '46', '46'),
(75, 2019, 2, '6,1', '46'),
(75, 2019, 3, '0,882', '90'),
(75, 2019, 4, 'N/A', 'N/A'),
(75, 2019, 5, '0,758', '86'),
(75, 2019, 6, '0,489', '51'),
(75, 2019, 7, '0,006', '152'),
(75, 2019, 8, '0,262', '30'),
(75, 2019, 9, '1,232', '86'),
(76, 2015, 1, '39', '39'),
(76, 2015, 2, '6,295', '39'),
(76, 2015, 3, '1,55422', '3'),
(76, 2015, 4, '1,16594', '50'),
(76, 2015, 5, '0,72492', '69'),
(76, 2015, 6, '0,55499', '38'),
(76, 2015, 7, '0,25609', '26'),
(76, 2015, 8, '0,16228', '116'),
(76, 2015, 9, 'N/A', 'N/A'),
(76, 2016, 1, '41', '41'),
(76, 2016, 2, '6,239', '41'),
(76, 2016, 3, '1,61714', '4'),
(76, 2016, 4, '0,87758', '67'),
(76, 2016, 5, '0,63569', '68'),
(76, 2016, 6, '0,43166', '60'),
(76, 2016, 7, '0,23669', '27'),
(76, 2016, 8, '0,15965', '115'),
(76, 2016, 9, 'N/A', 'N/A'),
(76, 2017, 1, '39', '39'),
(76, 2017, 2, '6,105000019', '39'),
(76, 2017, 3, '1,632952452', '4'),
(76, 2017, 4, '1,259698749', '74'),
(76, 2017, 5, '0,632105708', '68'),
(76, 2017, 6, '0,496337593', '47'),
(76, 2017, 7, '0,21515955', '26'),
(76, 2017, 8, '0,228289798', '81'),
(76, 2017, 9, 'N/A', 'N/A'),
(76, 2018, 1, '45', '45'),
(76, 2018, 2, '6,083', '45'),
(76, 2018, 3, '1,474', '5'),
(76, 2018, 4, 'N/A', 'N/A'),
(76, 2018, 5, '0,675', '68'),
(76, 2018, 6, '0,554', '47'),
(76, 2018, 7, '0,106', '56'),
(76, 2018, 8, '0,167', '83'),
(76, 2018, 9, '1,301', '71'),
(76, 2019, 1, '51', '51'),
(76, 2019, 2, '6,021', '51'),
(76, 2019, 3, '1,5', '5'),
(76, 2019, 4, 'N/A', 'N/A'),
(76, 2019, 5, '0,808', '72'),
(76, 2019, 6, '0,493', '48'),
(76, 2019, 7, '0,097', '62'),
(76, 2019, 8, '0,142', '102'),
(76, 2019, 9, '1,319', '69'),
(77, 2015, 1, '77', '77'),
(77, 2015, 2, '5,286', '77'),
(77, 2015, 3, '0,47428', '121'),
(77, 2015, 4, '1,15115', '51'),
(77, 2015, 5, '0,65088', '90'),
(77, 2015, 6, '0,43477', '80'),
(77, 2015, 7, '0,04232', '132'),
(77, 2015, 8, '0,3003', '42'),
(77, 2015, 9, 'N/A', 'N/A'),
(77, 2016, 1, '85', '85'),
(77, 2016, 2, '5,185', '85'),
(77, 2016, 3, '0,56044', '124'),
(77, 2016, 4, '0,95434', '51'),
(77, 2016, 5, '0,55449', '93'),
(77, 2016, 6, '0,40212', '77'),
(77, 2016, 7, '0,04762', '131'),
(77, 2016, 8, '0,38432', '24'),
(77, 2016, 9, 'N/A', 'N/A'),
(77, 2017, 1, '97', '97'),
(77, 2017, 2, '5,004000187', '97'),
(77, 2017, 3, '0,596220076', '121'),
(77, 2017, 4, '1,394238591', '45'),
(77, 2017, 5, '0,553457797', '90'),
(77, 2017, 6, '0,454943389', '68'),
(77, 2017, 7, '0,039439179', '132'),
(77, 2017, 8, '0,428580374', '16'),
(77, 2017, 9, 'N/A', 'N/A'),
(77, 2018, 1, '92', '92'),
(77, 2018, 2, '5,131', '92'),
(77, 2018, 3, '0,53', '126'),
(77, 2018, 4, 'N/A', 'N/A'),
(77, 2018, 5, '0,594', '95'),
(77, 2018, 6, '0,54', '55'),
(77, 2018, 7, '0,035', '130'),
(77, 2018, 8, '0,281', '25'),
(77, 2018, 9, '1,416', '53'),
(77, 2019, 1, '86', '86'),
(77, 2019, 2, '5,261', '86'),
(77, 2019, 3, '0,551', '123'),
(77, 2019, 4, 'N/A', 'N/A'),
(77, 2019, 5, '0,723', '94'),
(77, 2019, 6, '0,508', '37'),
(77, 2019, 7, '0,023', '146'),
(77, 2019, 8, '0,3', '15'),
(77, 2019, 9, '1,438', '44'),
(78, 2015, 1, '99', '99'),
(78, 2015, 2, '4,876', '99'),
(78, 2015, 3, '0,59066', '117'),
(78, 2015, 4, '0,73803', '135'),
(78, 2015, 5, '0,54909', '111'),
(78, 2015, 6, '0,59591', '28'),
(78, 2015, 7, '0,24249', '28'),
(78, 2015, 8, '0,42192', '16'),
(78, 2015, 9, 'N/A', 'N/A'),
(78, 2016, 1, '102', '102'),
(78, 2016, 2, '4,876', '102'),
(78, 2016, 3, '0,68042', '117'),
(78, 2016, 4, '0,5497', '131'),
(78, 2016, 5, '0,38291', '118'),
(78, 2016, 6, '0,52168', '29'),
(78, 2016, 7, '0,22423', '28'),
(78, 2016, 8, '0,43079', '17'),
(78, 2016, 9, 'N/A', 'N/A'),
(78, 2018, 1, '110', '110'),
(78, 2018, 2, '4,623', '110'),
(78, 2018, 3, '0,72', '106'),
(78, 2018, 4, 'N/A', 'N/A'),
(78, 2018, 5, '0,441', '114'),
(78, 2018, 6, '0,626', '23'),
(78, 2018, 7, '0,174', '26'),
(78, 2018, 8, '0,23', '42'),
(78, 2018, 9, '1,034', '120'),
(78, 2019, 1, '105', '105'),
(78, 2019, 2, '4,796', '105'),
(78, 2019, 3, '0,764', '104'),
(78, 2019, 4, 'N/A', 'N/A'),
(78, 2019, 5, '0,551', '117'),
(78, 2019, 6, '0,547', '23'),
(78, 2019, 7, '0,164', '29'),
(78, 2019, 8, '0,266', '27'),
(78, 2019, 9, '1,03', '121'),
(79, 2015, 1, '89', '89'),
(79, 2015, 2, '5,098', '89'),
(79, 2015, 3, '1,11312', '50'),
(79, 2015, 4, '1,09562', '63'),
(79, 2015, 5, '0,72437', '70'),
(79, 2015, 6, '0,29671', '128'),
(79, 2015, 7, '0,06332', '116'),
(79, 2015, 8, '0,18226', '104'),
(79, 2015, 9, 'N/A', 'N/A'),
(79, 2016, 1, '68', '68'),
(79, 2016, 2, '5,56', '68'),
(79, 2016, 3, '1,21788', '49'),
(79, 2016, 4, '0,95025', '53'),
(79, 2016, 5, '0,63952', '67'),
(79, 2016, 6, '0,27996', '112'),
(79, 2016, 7, '0,0889', '88'),
(79, 2016, 8, '0,17445', '108'),
(79, 2016, 9, 'N/A', 'N/A'),
(79, 2017, 1, '54', '54'),
(79, 2017, 2, '5,849999905', '54'),
(79, 2017, 3, '1,260748625', '47'),
(79, 2017, 4, '1,404714942', '41'),
(79, 2017, 5, '0,638566971', '63'),
(79, 2017, 6, '0,325707912', '110'),
(79, 2017, 7, '0,073842727', '90'),
(79, 2017, 8, '0,153074786', '116'),
(79, 2017, 9, 'N/A', 'N/A'),
(79, 2018, 1, '53', '53'),
(79, 2018, 2, '5,933', '53'),
(79, 2018, 3, '1,148', '47'),
(79, 2018, 4, 'N/A', 'N/A'),
(79, 2018, 5, '0,671', '72'),
(79, 2018, 6, '0,363', '115'),
(79, 2018, 7, '0,066', '95'),
(79, 2018, 8, '0,092', '126'),
(79, 2018, 9, '1,454', '43'),
(79, 2019, 1, '53', '53'),
(79, 2019, 2, '5,94', '53'),
(79, 2019, 3, '1,187', '45'),
(79, 2019, 4, 'N/A', 'N/A'),
(79, 2019, 5, '0,812', '71'),
(79, 2019, 6, '0,264', '127'),
(79, 2019, 7, '0,064', '98'),
(79, 2019, 8, '0,075', '138'),
(79, 2019, 9, '1,465', '33'),
(80, 2015, 1, '103', '103'),
(80, 2015, 2, '4,839', '103'),
(80, 2015, 3, '1,02564', '61'),
(80, 2015, 4, '0,80001', '124'),
(80, 2015, 5, '0,83947', '36'),
(80, 2015, 6, '0,33916', '114'),
(80, 2015, 7, '0,04582', '130'),
(80, 2015, 8, '0,21854', '77'),
(80, 2015, 9, 'N/A', 'N/A'),
(80, 2016, 1, '93', '93'),
(80, 2016, 2, '5,129', '93'),
(80, 2016, 3, '1,12268', '62'),
(80, 2016, 4, '0,64184', '118'),
(80, 2016, 5, '0,76171', '36'),
(80, 2016, 6, '0,26228', '117'),
(80, 2016, 7, '0,03061', '143'),
(80, 2016, 8, '0,23693', '70'),
(80, 2016, 9, 'N/A', 'N/A'),
(80, 2017, 1, '87', '87'),
(80, 2017, 2, '5,224999905', '87');
INSERT INTO `avoir` (`Id_Pays`, `annee`, `Id_Score`, `valeur_score`, `rang`) VALUES
(80, 2017, 3, '1,074987531', '74'),
(80, 2017, 4, '1,129624248', '106'),
(80, 2017, 5, '0,735081077', '36'),
(80, 2017, 6, '0,288515985', '122'),
(80, 2017, 7, '0,03751383', '134'),
(80, 2017, 8, '0,264450759', '59'),
(80, 2017, 9, 'N/A', 'N/A'),
(80, 2018, 1, '80', '80'),
(80, 2018, 2, '5,358', '80'),
(80, 2018, 3, '0,965', '76'),
(80, 2018, 4, 'N/A', 'N/A'),
(80, 2018, 5, '0,785', '38'),
(80, 2018, 6, '0,503', '73'),
(80, 2018, 7, '0,136', '41'),
(80, 2018, 8, '0,214', '49'),
(80, 2018, 9, '1,179', '98'),
(80, 2019, 1, '91', '91'),
(80, 2019, 2, '5,197', '91'),
(80, 2019, 3, '0,987', '75'),
(80, 2019, 4, 'N/A', 'N/A'),
(80, 2019, 5, '0,815', '66'),
(80, 2019, 6, '0,216', '137'),
(80, 2019, 7, '0,027', '140'),
(80, 2019, 8, '0,166', '86'),
(80, 2019, 9, '1,224', '90'),
(81, 2015, 1, '97', '97'),
(81, 2015, 2, '4,898', '97'),
(81, 2015, 3, '0,37545', '130'),
(81, 2015, 4, '1,04103', '76'),
(81, 2015, 5, '0,07612', '154'),
(81, 2015, 6, '0,31767', '122'),
(81, 2015, 7, '0,12504', '68'),
(81, 2015, 8, '0,16388', '115'),
(81, 2015, 9, 'N/A', 'N/A'),
(81, 2017, 1, '138', '138'),
(81, 2017, 2, '3,808000088', '138'),
(81, 2017, 3, '0,521021247', '127'),
(81, 2017, 4, '1,190095186', '91'),
(81, 2017, 5, '0', '154'),
(81, 2017, 6, '0,390661299', '95'),
(81, 2017, 7, '0,11909464', '55'),
(81, 2017, 8, '0,157497272', '114'),
(81, 2017, 9, 'N/A', 'N/A'),
(81, 2018, 1, '141', '141'),
(81, 2018, 2, '3,808', '141'),
(81, 2018, 3, '0,472', '129'),
(81, 2018, 4, 'N/A', 'N/A'),
(81, 2018, 5, '0,079', '152'),
(81, 2018, 6, '0,423', '99'),
(81, 2018, 7, '0,112', '53'),
(81, 2018, 8, '0,116', '113'),
(81, 2018, 9, '1,215', '91'),
(81, 2019, 1, '144', '144'),
(81, 2019, 2, '3,802', '144'),
(81, 2019, 3, '0,489', '127'),
(81, 2019, 4, 'N/A', 'N/A'),
(81, 2019, 5, '0,168', '154'),
(81, 2019, 6, '0,359', '98'),
(81, 2019, 7, '0,093', '65'),
(81, 2019, 8, '0,107', '119'),
(81, 2019, 9, '1,169', '99'),
(82, 2015, 1, '116', '116'),
(82, 2015, 2, '4,571', '116'),
(82, 2015, 3, '0,0712', '154'),
(82, 2015, 4, '0,78968', '127'),
(82, 2015, 5, '0,34201', '132'),
(82, 2015, 6, '0,28531', '130'),
(82, 2015, 7, '0,06232', '118'),
(82, 2015, 8, '0,24362', '62'),
(82, 2015, 9, 'N/A', 'N/A'),
(82, 2016, 1, '150', '150'),
(82, 2016, 2, '3,622', '150'),
(82, 2016, 3, '0,10706', '153'),
(82, 2016, 4, '0,50353', '133'),
(82, 2016, 5, '0,23165', '139'),
(82, 2016, 6, '0,25748', '118'),
(82, 2016, 7, '0,04852', '130'),
(82, 2016, 8, '0,24063', '68'),
(82, 2016, 9, 'N/A', 'N/A'),
(82, 2017, 1, '147', '147'),
(82, 2017, 2, '3,532999992', '147'),
(82, 2017, 3, '0,119041793', '150'),
(82, 2017, 4, '0,872117937', '132'),
(82, 2017, 5, '0,229918197', '133'),
(82, 2017, 6, '0,332881182', '108'),
(82, 2017, 7, '0,038948249', '133'),
(82, 2017, 8, '0,266549885', '57'),
(82, 2017, 9, 'N/A', 'N/A'),
(82, 2018, 1, '149', '149'),
(82, 2018, 2, '3,495', '149'),
(82, 2018, 3, '0,076', '153'),
(82, 2018, 4, 'N/A', 'N/A'),
(82, 2018, 5, '0,267', '135'),
(82, 2018, 6, '0,419', '101'),
(82, 2018, 7, '0,03', '139'),
(82, 2018, 8, '0,206', '53'),
(82, 2018, 9, '0,858', '135'),
(82, 2019, 1, '141', '141'),
(82, 2019, 2, '3,975', '141'),
(82, 2019, 3, '0,073', '153'),
(82, 2019, 4, 'N/A', 'N/A'),
(82, 2019, 5, '0,443', '131'),
(82, 2019, 6, '0,37', '95'),
(82, 2019, 7, '0,033', '133'),
(82, 2019, 8, '0,233', '50'),
(82, 2019, 9, '0,922', '128'),
(83, 2015, 1, '63', '63'),
(83, 2015, 2, '5,754', '63'),
(83, 2015, 3, '1,13145', '45'),
(83, 2015, 4, '1,11862', '59'),
(83, 2015, 5, '0,7038', '77'),
(83, 2015, 6, '0,41668', '87'),
(83, 2015, 7, '0,11023', '78'),
(83, 2015, 8, '0,18295', '100'),
(83, 2015, 9, 'N/A', 'N/A'),
(83, 2016, 1, '67', '67'),
(83, 2016, 2, '5,615', '67'),
(83, 2016, 3, '1,06688', '74'),
(83, 2016, 4, '0,95076', '52'),
(83, 2016, 5, '0,52304', '101'),
(83, 2016, 6, '0,40672', '70'),
(83, 2016, 7, '0,10339', '82'),
(83, 2016, 8, '0,17087', '111'),
(83, 2016, 9, 'N/A', 'N/A'),
(83, 2017, 1, '68', '68'),
(83, 2017, 2, '5,525000095', '68'),
(83, 2017, 3, '1,101803064', '70'),
(83, 2017, 4, '1,35756433', '55'),
(83, 2017, 5, '0,52016902', '98'),
(83, 2017, 6, '0,46573323', '64'),
(83, 2017, 7, '0,09261021', '73'),
(83, 2017, 8, '0,152073666', '117'),
(83, 2017, 9, 'N/A', 'N/A'),
(83, 2018, 1, '70', '70'),
(83, 2018, 2, '5,566', '70'),
(83, 2018, 3, '0,985', '72'),
(83, 2018, 4, 'N/A', 'N/A'),
(83, 2018, 5, '0,553', '100'),
(83, 2018, 6, '0,496', '76'),
(83, 2018, 7, '0,148', '35'),
(83, 2018, 8, '0,116', '113'),
(83, 2018, 9, '1,35', '62'),
(83, 2019, 1, '72', '72'),
(83, 2019, 2, '5,525', '72'),
(83, 2019, 3, '1,044', '65'),
(83, 2019, 4, 'N/A', 'N/A'),
(83, 2019, 5, '0,673', '100'),
(83, 2019, 6, '0,416', '80'),
(83, 2019, 7, '0,152', '33'),
(83, 2019, 8, '0,133', '106'),
(83, 2019, 9, '1,303', '74'),
(84, 2015, 1, '56', '56'),
(84, 2015, 2, '5,833', '56'),
(84, 2015, 3, '1,14723', '43'),
(84, 2015, 4, '1,25745', '26'),
(84, 2015, 5, '0,73128', '64'),
(84, 2015, 6, '0,21342', '145'),
(84, 2015, 7, '0,01031', '154'),
(84, 2015, 8, '0,02641', '156'),
(84, 2015, 9, 'N/A', 'N/A'),
(84, 2016, 1, '60', '60'),
(84, 2016, 2, '5,813', '60'),
(84, 2016, 3, '1,2692', '42'),
(84, 2016, 4, '1,06411', '22'),
(84, 2016, 5, '0,64674', '62'),
(84, 2016, 6, '0,18929', '135'),
(84, 2016, 7, '0,0182', '151'),
(84, 2016, 8, '0,02025', '156'),
(84, 2016, 9, 'N/A', 'N/A'),
(84, 2017, 1, '52', '52'),
(84, 2017, 2, '5,90199995', '52'),
(84, 2017, 3, '1,314582348', '40'),
(84, 2017, 4, '1,473516107', '20'),
(84, 2017, 5, '0,62894994', '70'),
(84, 2017, 6, '0,234231785', '135'),
(84, 2017, 7, '0,011865643', '149'),
(84, 2017, 8, '0,010164657', '153'),
(84, 2017, 9, 'N/A', 'N/A'),
(84, 2018, 1, '50', '50'),
(84, 2018, 2, '5,952', '50'),
(84, 2018, 3, '1,197', '40'),
(84, 2018, 4, 'N/A', 'N/A'),
(84, 2018, 5, '0,716', '53'),
(84, 2018, 6, '0,35', '121'),
(84, 2018, 7, '0,006', '153'),
(84, 2018, 8, '0,026', '154'),
(84, 2018, 9, '1,527', '16'),
(84, 2019, 1, '42', '42'),
(84, 2019, 2, '6,149', '42'),
(84, 2019, 3, '1,238', '38'),
(84, 2019, 4, 'N/A', 'N/A'),
(84, 2019, 5, '0,818', '65'),
(84, 2019, 6, '0,291', '123'),
(84, 2019, 7, '0,042', '120'),
(84, 2019, 8, '0,043', '150'),
(84, 2019, 9, '1,515', '17'),
(85, 2015, 1, '17', '17'),
(85, 2015, 2, '6,946', '17'),
(85, 2015, 3, '1,56391', '2'),
(85, 2015, 4, '1,21963', '39'),
(85, 2015, 5, '0,91894', '13'),
(85, 2015, 6, '0,61583', '19'),
(85, 2015, 7, '0,37798', '12'),
(85, 2015, 8, '0,28034', '48'),
(85, 2015, 9, 'N/A', 'N/A'),
(85, 2016, 1, '20', '20'),
(85, 2016, 2, '6,871', '20'),
(85, 2016, 3, '1,69752', '2'),
(85, 2016, 4, '1,03999', '33'),
(85, 2016, 5, '0,84542', '12'),
(85, 2016, 6, '0,5487', '19'),
(85, 2016, 7, '0,35329', '12'),
(85, 2016, 8, '0,27571', '51'),
(85, 2016, 9, 'N/A', 'N/A'),
(85, 2017, 1, '18', '18'),
(85, 2017, 2, '6,862999916', '18'),
(85, 2017, 3, '1,741943598', '2'),
(85, 2017, 4, '1,457583666', '25'),
(85, 2017, 5, '0,845089495', '7'),
(85, 2017, 6, '0,596627891', '15'),
(85, 2017, 7, '0,318834424', '10'),
(85, 2017, 8, '0,283180982', '52'),
(85, 2017, 9, 'N/A', 'N/A'),
(85, 2018, 1, '17', '17'),
(85, 2018, 2, '6,91', '17'),
(85, 2018, 3, '1,576', '3'),
(85, 2018, 4, 'N/A', 'N/A'),
(85, 2018, 5, '0,896', '14'),
(85, 2018, 6, '0,632', '20'),
(85, 2018, 7, '0,321', '9'),
(85, 2018, 8, '0,196', '63'),
(85, 2018, 9, '1,52', '19'),
(85, 2019, 1, '14', '14'),
(85, 2019, 2, '7,09', '14'),
(85, 2019, 3, '1,609', '2'),
(85, 2019, 4, 'N/A', 'N/A'),
(85, 2019, 5, '1,012', '18'),
(85, 2019, 6, '0,526', '29'),
(85, 2019, 7, '0,316', '9'),
(85, 2019, 8, '0,194', '67'),
(85, 2019, 9, '1,479', '27'),
(86, 2015, 1, '93', '93'),
(86, 2015, 2, '5,007', '93'),
(86, 2015, 3, '0,91851', '79'),
(86, 2015, 4, '1,00232', '88'),
(86, 2015, 5, '0,73545', '62'),
(86, 2015, 6, '0,33457', '115'),
(86, 2015, 7, '0,05327', '126'),
(86, 2015, 8, '0,22359', '73'),
(86, 2015, 9, 'N/A', 'N/A'),
(86, 2016, 1, '95', '95'),
(86, 2016, 2, '5,121', '95'),
(86, 2016, 3, '1,0193', '81'),
(86, 2016, 4, '0,78236', '91'),
(86, 2016, 5, '0,64738', '60'),
(86, 2016, 6, '0,27668', '114'),
(86, 2016, 7, '0,07047', '109'),
(86, 2016, 8, '0,23507', '73'),
(86, 2016, 9, 'N/A', 'N/A'),
(86, 2017, 1, '91', '91'),
(86, 2017, 2, '5,175000191', '91'),
(86, 2017, 3, '1,064577937', '77'),
(86, 2017, 4, '1,207893014', '90'),
(86, 2017, 5, '0,644948184', '60'),
(86, 2017, 6, '0,325905979', '109'),
(86, 2017, 7, '0,060277794', '111'),
(86, 2017, 8, '0,253760964', '62'),
(86, 2017, 9, 'N/A', 'N/A'),
(86, 2018, 1, '89', '89'),
(86, 2018, 2, '5,185', '89'),
(86, 2018, 3, '0,959', '78'),
(86, 2018, 4, 'N/A', 'N/A'),
(86, 2018, 5, '0,691', '61'),
(86, 2018, 6, '0,394', '109'),
(86, 2018, 7, '0,052', '113'),
(86, 2018, 8, '0,173', '79'),
(86, 2018, 9, '1,239', '83'),
(87, 2015, 1, '147', '147'),
(87, 2015, 2, '3,681', '147'),
(87, 2015, 3, '0,20824', '148'),
(87, 2015, 4, '0,66801', '139'),
(87, 2015, 5, '0,46721', '117'),
(87, 2015, 6, '0,19184', '148'),
(87, 2015, 7, '0,08124', '100'),
(87, 2015, 8, '0,21333', '82'),
(87, 2015, 9, 'N/A', 'N/A'),
(87, 2016, 1, '148', '148'),
(87, 2016, 2, '3,695', '148'),
(87, 2016, 3, '0,27954', '148'),
(87, 2016, 4, '0,46115', '139'),
(87, 2016, 5, '0,37109', '119'),
(87, 2016, 6, '0,13684', '147'),
(87, 2016, 7, '0,07506', '105'),
(87, 2016, 8, '0,2204', '81'),
(87, 2016, 9, 'N/A', 'N/A'),
(87, 2017, 1, '143', '143'),
(87, 2017, 2, '3,644000053', '143'),
(87, 2017, 3, '0,305808693', '144'),
(87, 2017, 4, '0,913020372', '129'),
(87, 2017, 5, '0,375223309', '115'),
(87, 2017, 6, '0,189196765', '141'),
(87, 2017, 7, '0,067231975', '101'),
(87, 2017, 8, '0,20873253', '89'),
(87, 2017, 9, 'N/A', 'N/A'),
(87, 2018, 1, '143', '143'),
(87, 2018, 2, '3,774', '143'),
(87, 2018, 3, '0,262', '146'),
(87, 2018, 4, 'N/A', 'N/A'),
(87, 2018, 5, '0,402', '120'),
(87, 2018, 6, '0,221', '143'),
(87, 2018, 7, '0,049', '121'),
(87, 2018, 8, '0,155', '88'),
(87, 2018, 9, '0,908', '126'),
(87, 2019, 1, '143', '143'),
(87, 2019, 2, '3,933', '143'),
(87, 2019, 3, '0,274', '146'),
(87, 2019, 4, 'N/A', 'N/A'),
(87, 2019, 5, '0,555', '115'),
(87, 2019, 6, '0,148', '147'),
(87, 2019, 7, '0,041', '121'),
(87, 2019, 8, '0,169', '85'),
(87, 2019, 9, '0,916', '129'),
(88, 2015, 1, '131', '131'),
(88, 2015, 2, '4,292', '131'),
(88, 2015, 3, '0,01604', '156'),
(88, 2015, 4, '0,41134', '152'),
(88, 2015, 5, '0,22562', '145'),
(88, 2015, 6, '0,43054', '82'),
(88, 2015, 7, '0,06977', '111'),
(88, 2015, 8, '0,33128', '34'),
(88, 2015, 9, 'N/A', 'N/A'),
(88, 2016, 1, '132', '132'),
(88, 2016, 2, '4,156', '132'),
(88, 2016, 3, '0,08709', '154'),
(88, 2016, 4, '0,147', '154'),
(88, 2016, 5, '0,29364', '132'),
(88, 2016, 6, '0,4143', '67'),
(88, 2016, 7, '0,07564', '104'),
(88, 2016, 8, '0,30968', '41'),
(88, 2016, 9, 'N/A', 'N/A'),
(88, 2017, 1, '135', '135'),
(88, 2017, 2, '3,970000029', '135'),
(88, 2017, 3, '0,233442038', '148'),
(88, 2017, 4, '0,512568831', '150'),
(88, 2017, 5, '0,315089583', '122'),
(88, 2017, 6, '0,466914654', '63'),
(88, 2017, 7, '0,072711654', '94'),
(88, 2017, 8, '0,28717047', '49'),
(88, 2017, 9, 'N/A', 'N/A'),
(88, 2018, 1, '147', '147'),
(88, 2018, 2, '3,587', '147'),
(88, 2018, 3, '0,186', '150'),
(88, 2018, 4, 'N/A', 'N/A'),
(88, 2018, 5, '0,306', '130'),
(88, 2018, 6, '0,531', '59'),
(88, 2018, 7, '0,08', '82'),
(88, 2018, 8, '0,21', '51'),
(88, 2018, 9, '0,541', '151'),
(88, 2019, 1, '150', '150'),
(88, 2019, 2, '3,41', '150'),
(88, 2019, 3, '0,191', '150'),
(88, 2019, 4, 'N/A', 'N/A'),
(88, 2019, 5, '0,495', '124'),
(88, 2019, 6, '0,443', '66'),
(88, 2019, 7, '0,089', '70'),
(88, 2019, 8, '0,218', '55'),
(88, 2019, 9, '0,56', '151'),
(89, 2015, 1, '61', '61'),
(89, 2015, 2, '5,77', '61'),
(89, 2015, 3, '1,12486', '47'),
(89, 2015, 4, '1,07023', '71'),
(89, 2015, 5, '0,72394', '71'),
(89, 2015, 6, '0,53024', '49'),
(89, 2015, 7, '0,10501', '82'),
(89, 2015, 8, '0,33075', '36'),
(89, 2015, 9, 'N/A', 'N/A'),
(89, 2016, 1, '47', '47'),
(89, 2016, 2, '6,005', '47'),
(89, 2016, 3, '1,25142', '43'),
(89, 2016, 4, '0,88025', '64'),
(89, 2016, 5, '0,62366', '73'),
(89, 2016, 6, '0,39031', '82'),
(89, 2016, 7, '0,09081', '87'),
(89, 2016, 8, '0,41474', '18'),
(89, 2016, 9, 'N/A', 'N/A'),
(89, 2017, 1, '42', '42'),
(89, 2017, 2, '6,084000111', '42'),
(89, 2017, 3, '1,29121542', '42'),
(89, 2017, 4, '1,284646034', '64'),
(89, 2017, 5, '0,618784428', '72'),
(89, 2017, 6, '0,402264982', '91'),
(89, 2017, 7, '0,065600708', '103'),
(89, 2017, 8, '0,41660893', '18'),
(89, 2017, 9, 'N/A', 'N/A'),
(89, 2018, 1, '35', '35'),
(89, 2018, 2, '6,322', '35'),
(89, 2018, 3, '1,161', '44'),
(89, 2018, 4, 'N/A', 'N/A'),
(89, 2018, 5, '0,669', '74'),
(89, 2018, 6, '0,356', '117'),
(89, 2018, 7, '0,059', '106'),
(89, 2018, 8, '0,311', '16'),
(89, 2018, 9, '1,258', '78'),
(89, 2019, 1, '80', '80'),
(89, 2019, 2, '5,339', '80'),
(89, 2019, 3, '1,221', '41'),
(89, 2019, 4, 'N/A', 'N/A'),
(89, 2019, 5, '0,828', '59'),
(89, 2019, 6, '0,508', '37'),
(89, 2019, 7, '0,024', '145'),
(89, 2019, 8, '0,26', '34'),
(89, 2019, 9, '1,171', '98'),
(90, 2015, 1, '138', '138'),
(90, 2015, 2, '3,995', '138'),
(90, 2015, 3, '0,26074', '142'),
(90, 2015, 4, '1,03526', '77'),
(90, 2015, 5, '0,20583', '147'),
(90, 2015, 6, '0,38857', '101'),
(90, 2015, 7, '0,12352', '71'),
(90, 2015, 8, '0,18798', '96'),
(90, 2015, 9, 'N/A', 'N/A'),
(90, 2016, 1, '135', '135'),
(90, 2016, 2, '4,073', '135'),
(90, 2016, 3, '0,31292', '145'),
(90, 2016, 4, '0,86333', '74'),
(90, 2016, 5, '0,16347', '147'),
(90, 2016, 6, '0,27544', '115'),
(90, 2016, 7, '0,13647', '55'),
(90, 2016, 8, '0,21064', '86'),
(90, 2016, 9, 'N/A', 'N/A'),
(90, 2017, 1, '126', '126'),
(90, 2017, 2, '4,190000057', '126'),
(90, 2017, 3, '0,476180494', '131'),
(90, 2017, 4, '1,281473398', '66'),
(90, 2017, 5, '0,169365674', '142'),
(90, 2017, 6, '0,306613743', '115'),
(90, 2017, 7, '0,104970247', '63'),
(90, 2017, 8, '0,183354199', '105'),
(90, 2017, 9, 'N/A', 'N/A'),
(90, 2018, 1, '118', '118'),
(90, 2018, 2, '4,447', '118'),
(90, 2018, 3, '0,37', '135'),
(90, 2018, 4, 'N/A', 'N/A'),
(90, 2018, 5, '0,152', '148'),
(90, 2018, 6, '0,367', '114'),
(90, 2018, 7, '0,056', '107'),
(90, 2018, 8, '0,139', '99'),
(90, 2018, 9, '1,233', '84'),
(90, 2019, 1, '128', '128'),
(90, 2019, 2, '4,39', '128'),
(90, 2019, 3, '0,385', '132'),
(90, 2019, 4, 'N/A', 'N/A'),
(90, 2019, 5, '0,308', '147'),
(90, 2019, 6, '0,327', '111'),
(90, 2019, 7, '0,052', '114'),
(90, 2019, 8, '0,153', '92'),
(90, 2019, 9, '1,105', '113'),
(91, 2015, 1, '37', '37'),
(91, 2015, 2, '6,302', '37'),
(91, 2015, 3, '1,2074', '36'),
(91, 2015, 4, '1,30203', '13'),
(91, 2015, 5, '0,88721', '25'),
(91, 2015, 6, '0,60365', '23'),
(91, 2015, 7, '0,13586', '63'),
(91, 2015, 8, '0,51752', '4'),
(91, 2015, 9, 'N/A', 'N/A'),
(91, 2016, 1, '30', '30'),
(91, 2016, 2, '6,488', '30'),
(91, 2016, 3, '1,30782', '37'),
(91, 2016, 4, '1,09879', '12'),
(91, 2016, 5, '0,80315', '26'),
(91, 2016, 6, '0,54994', '18'),
(91, 2016, 7, '0,17554', '40'),
(91, 2016, 8, '0,56237', '4'),
(91, 2016, 9, 'N/A', 'N/A'),
(91, 2017, 1, '27', '27'),
(91, 2017, 2, '6,52699995', '27'),
(91, 2017, 3, '1,343279839', '35'),
(91, 2017, 4, '1,488411665', '16'),
(91, 2017, 5, '0,821944237', '16'),
(91, 2017, 6, '0,588767052', '16'),
(91, 2017, 7, '0,153066069', '39'),
(91, 2017, 8, '0,574730575', '3'),
(91, 2017, 9, 'N/A', 'N/A'),
(91, 2018, 1, '22', '22'),
(91, 2018, 2, '6,627', '22'),
(91, 2018, 3, '1,27', '27'),
(91, 2018, 4, 'N/A', 'N/A'),
(91, 2018, 5, '0,884', '19'),
(91, 2018, 6, '0,645', '14'),
(91, 2018, 7, '0,142', '39'),
(91, 2018, 8, '0,376', '4'),
(91, 2018, 9, '1,525', '17'),
(91, 2019, 1, '22', '22'),
(91, 2019, 2, '6,726', '22'),
(91, 2019, 3, '1,3', '29'),
(91, 2019, 4, 'N/A', 'N/A'),
(91, 2019, 5, '0,999', '20'),
(91, 2019, 6, '0,564', '12'),
(91, 2019, 7, '0,151', '34'),
(91, 2019, 8, '0,375', '4'),
(91, 2019, 9, '1,52', '16'),
(92, 2015, 1, '124', '124'),
(92, 2015, 2, '4,436', '124'),
(92, 2015, 3, '0,45407', '125'),
(92, 2015, 4, '0,86908', '116'),
(92, 2015, 5, '0,35874', '131'),
(92, 2015, 6, '0,24232', '139'),
(92, 2015, 7, '0,17461', '43'),
(92, 2015, 8, '0,219', '76'),
(92, 2015, 9, 'N/A', 'N/A'),
(92, 2016, 1, '130', '130'),
(92, 2016, 2, '4,201', '130'),
(92, 2016, 3, '0,61391', '121'),
(92, 2016, 4, '0,84142', '79'),
(92, 2016, 5, '0,28639', '133'),
(92, 2016, 6, '0,1268', '150'),
(92, 2016, 7, '0,17955', '37'),
(92, 2016, 8, '0,22686', '75'),
(92, 2016, 9, 'N/A', 'N/A'),
(92, 2017, 1, '122', '122'),
(92, 2017, 2, '4,291999817', '122'),
(92, 2017, 3, '0,648457289', '117'),
(92, 2017, 4, '1,27203083', '70'),
(92, 2017, 5, '0,28534928', '128'),
(92, 2017, 6, '0,096098043', '148'),
(92, 2017, 7, '0,136957005', '45'),
(92, 2017, 8, '0,201870024', '94'),
(92, 2017, 9, 'N/A', 'N/A'),
(92, 2018, 1, '126', '126'),
(92, 2018, 2, '4,356', '126'),
(92, 2018, 3, '0,557', '121'),
(92, 2018, 4, 'N/A', 'N/A'),
(92, 2018, 5, '0,292', '132'),
(92, 2018, 6, '0,129', '148'),
(92, 2018, 7, '0,093', '71'),
(92, 2018, 8, '0,134', '102'),
(92, 2018, 9, '1,245', '81'),
(92, 2019, 1, '122', '122'),
(92, 2019, 2, '4,49', '122'),
(92, 2019, 3, '0,57', '120'),
(92, 2019, 4, 'N/A', 'N/A'),
(92, 2019, 5, '0,489', '125'),
(92, 2019, 6, '0,066', '152'),
(92, 2019, 7, '0,088', '74'),
(92, 2019, 8, '0,106', '121'),
(92, 2019, 9, '1,167', '100'),
(93, 2015, 1, '71', '71'),
(93, 2015, 2, '5,477', '71'),
(93, 2015, 3, '1,00761', '66'),
(93, 2015, 4, '0,98521', '92'),
(93, 2015, 5, '0,7095', '75'),
(93, 2015, 6, '0,56066', '35'),
(93, 2015, 7, '0,07521', '107'),
(93, 2015, 8, '0,37744', '22'),
(93, 2015, 9, 'N/A', 'N/A'),
(93, 2016, 1, '66', '66'),
(93, 2016, 2, '5,648', '66'),
(93, 2016, 3, '1,14372', '58'),
(93, 2016, 4, '0,75695', '98'),
(93, 2016, 5, '0,66189', '55'),
(93, 2016, 6, '0,46145', '49'),
(93, 2016, 7, '0,05203', '127'),
(93, 2016, 8, '0,36951', '28'),
(93, 2016, 9, 'N/A', 'N/A'),
(93, 2017, 1, '64', '64'),
(93, 2017, 2, '5,629000187', '64'),
(93, 2017, 3, '1,189395547', '55'),
(93, 2017, 4, '1,20956099', '89'),
(93, 2017, 5, '0,638007462', '64'),
(93, 2017, 6, '0,491247326', '49'),
(93, 2017, 7, '0,042181555', '128'),
(93, 2017, 8, '0,360933751', '27'),
(93, 2017, 9, 'N/A', 'N/A'),
(93, 2018, 1, '55', '55'),
(93, 2018, 2, '5,891', '55'),
(93, 2018, 3, '1,09', '55'),
(93, 2018, 4, 'N/A', 'N/A'),
(93, 2018, 5, '0,684', '67'),
(93, 2018, 6, '0,584', '36'),
(93, 2018, 7, '0,05', '119'),
(93, 2018, 8, '0,245', '37'),
(93, 2018, 9, '1,387', '57'),
(93, 2019, 1, '57', '57'),
(93, 2019, 2, '5,888', '57'),
(93, 2019, 3, '1,12', '55'),
(93, 2019, 4, 'N/A', 'N/A'),
(93, 2019, 5, '0,798', '76'),
(93, 2019, 6, '0,498', '41'),
(93, 2019, 7, '0,06', '102'),
(93, 2019, 8, '0,215', '57'),
(93, 2019, 9, '1,402', '54'),
(94, 2015, 1, '14', '14'),
(94, 2015, 2, '7,187', '14'),
(94, 2015, 3, '1,02054', '63'),
(94, 2015, 4, '0,91451', '108'),
(94, 2015, 5, '0,81444', '38'),
(94, 2015, 6, '0,48181', '63'),
(94, 2015, 7, '0,21312', '31'),
(94, 2015, 8, '0,14074', '122'),
(94, 2015, 9, 'N/A', 'N/A'),
(94, 2016, 1, '21', '21'),
(94, 2016, 2, '6,778', '21'),
(94, 2016, 3, '1,11508', '64'),
(94, 2016, 4, '0,7146', '108'),
(94, 2016, 5, '0,71143', '43'),
(94, 2016, 6, '0,37709', '87'),
(94, 2016, 7, '0,18355', '35'),
(94, 2016, 8, '0,11735', '133'),
(94, 2016, 9, 'N/A', 'N/A'),
(94, 2017, 1, '25', '25'),
(94, 2017, 2, '6,578000069', '25'),
(94, 2017, 3, '1,153183818', '61'),
(94, 2017, 4, '1,21086216', '88'),
(94, 2017, 5, '0,709978998', '42'),
(94, 2017, 6, '0,412730008', '86'),
(94, 2017, 7, '0,132774115', '47'),
(94, 2017, 8, '0,120990433', '127'),
(94, 2017, 9, 'N/A', 'N/A'),
(94, 2018, 1, '24', '24'),
(94, 2018, 2, '6,488', '24'),
(94, 2018, 3, '1,038', '60'),
(94, 2018, 4, 'N/A', 'N/A'),
(94, 2018, 5, '0,761', '42'),
(94, 2018, 6, '0,479', '80'),
(94, 2018, 7, '0,095', '68'),
(94, 2018, 8, '0,069', '137'),
(94, 2018, 9, '1,252', '79'),
(94, 2019, 1, '23', '23'),
(94, 2019, 2, '6,595', '23'),
(94, 2019, 3, '1,07', '59'),
(94, 2019, 4, 'N/A', 'N/A'),
(94, 2019, 5, '0,861', '49'),
(94, 2019, 6, '0,433', '72'),
(94, 2019, 7, '0,073', '93'),
(94, 2019, 8, '0,074', '139'),
(94, 2019, 9, '1,323', '67'),
(95, 2015, 1, '52', '52'),
(95, 2015, 2, '5,889', '52'),
(95, 2015, 3, '0,59448', '115'),
(95, 2015, 4, '1,01528', '84'),
(95, 2015, 5, '0,61826', '96'),
(95, 2015, 6, '0,32818', '119'),
(95, 2015, 7, '0,01615', '150'),
(95, 2015, 8, '0,20951', '85'),
(95, 2015, 9, 'N/A', 'N/A'),
(95, 2016, 1, '55', '55'),
(95, 2016, 2, '5,897', '55'),
(95, 2016, 3, '0,69177', '115'),
(95, 2016, 4, '0,83132', '82'),
(95, 2016, 5, '0,52309', '100'),
(95, 2016, 6, '0,25202', '121'),
(95, 2016, 7, '0,01903', '149'),
(95, 2016, 8, '0,19997', '94'),
(95, 2016, 9, 'N/A', 'N/A'),
(95, 2017, 1, '56', '56'),
(95, 2017, 2, '5,837999821', '56'),
(95, 2017, 3, '0,72887063', '112'),
(95, 2017, 4, '1,251825571', '78'),
(95, 2017, 5, '0,589465201', '83'),
(95, 2017, 6, '0,240729049', '132'),
(95, 2017, 7, '0,010091286', '151'),
(95, 2017, 8, '0,208779126', '88'),
(95, 2017, 9, 'N/A', 'N/A'),
(95, 2018, 1, '67', '67'),
(95, 2018, 2, '5,64', '67'),
(95, 2018, 3, '0,657', '114'),
(95, 2018, 4, 'N/A', 'N/A'),
(95, 2018, 5, '0,62', '85'),
(95, 2018, 6, '0,232', '142'),
(95, 2018, 7, '0', '155'),
(95, 2018, 8, '0,171', '81'),
(95, 2018, 9, '1,301', '71'),
(95, 2019, 1, '71', '71'),
(95, 2019, 2, '5,529', '71'),
(95, 2019, 3, '0,685', '111'),
(95, 2019, 4, 'N/A', 'N/A'),
(95, 2019, 5, '0,739', '90'),
(95, 2019, 6, '0,245', '129'),
(95, 2019, 7, '0', '156'),
(95, 2019, 8, '0,181', '77'),
(95, 2019, 9, '1,328', '65'),
(96, 2015, 1, '100', '100'),
(96, 2015, 2, '4,874', '100'),
(96, 2015, 3, '0,82819', '91'),
(96, 2015, 4, '1,3006', '14'),
(96, 2015, 5, '0,60268', '103'),
(96, 2015, 6, '0,43626', '79'),
(96, 2015, 7, '0,02666', '145'),
(96, 2015, 8, '0,3323', '32'),
(96, 2015, 9, 'N/A', 'N/A'),
(96, 2016, 1, '101', '101'),
(96, 2016, 2, '4,907', '101'),
(96, 2016, 3, '0,98853', '84'),
(96, 2016, 4, '1,08983', '15'),
(96, 2016, 5, '0,55469', '92'),
(96, 2016, 6, '0,35972', '97'),
(96, 2016, 7, '0,03285', '141'),
(96, 2016, 8, '0,34539', '30'),
(96, 2016, 9, 'N/A', 'N/A'),
(96, 2017, 1, '99', '99'),
(96, 2017, 2, '4,954999924', '99'),
(96, 2017, 3, '1,027235866', '80'),
(96, 2017, 4, '1,493011236', '15'),
(96, 2017, 5, '0,557783484', '89'),
(96, 2017, 6, '0,394143969', '94'),
(96, 2017, 7, '0,032902289', '138'),
(96, 2017, 8, '0,33846423', '31'),
(96, 2017, 9, 'N/A', 'N/A'),
(96, 2018, 1, '94', '94'),
(96, 2018, 2, '5,125', '94'),
(96, 2018, 3, '0,914', '84'),
(96, 2018, 4, 'N/A', 'N/A'),
(96, 2018, 5, '0,575', '98'),
(96, 2018, 6, '0,395', '108'),
(96, 2018, 7, '0,032', '135'),
(96, 2018, 8, '0,253', '35'),
(96, 2018, 9, '1,517', '20'),
(96, 2019, 1, '83', '83'),
(96, 2019, 2, '5,285', '83'),
(96, 2019, 3, '0,948', '82'),
(96, 2019, 4, 'N/A', 'N/A'),
(96, 2019, 5, '0,667', '102'),
(96, 2019, 6, '0,317', '113'),
(96, 2019, 7, '0,038', '126'),
(96, 2019, 8, '0,235', '48'),
(96, 2019, 9, '1,531', '10'),
(97, 2015, 1, '82', '82'),
(97, 2015, 2, '5,192', '82'),
(97, 2015, 3, '0,97438', '71'),
(97, 2015, 4, '0,90557', '110'),
(97, 2015, 5, '0,72521', '68'),
(97, 2015, 6, '0,1826', '149'),
(97, 2015, 7, '0,14296', '56'),
(97, 2015, 8, '0,1614', '117'),
(97, 2015, 9, 'N/A', 'N/A'),
(97, 2016, 1, '88', '88'),
(97, 2016, 2, '5,161', '88'),
(97, 2016, 3, '1,07838', '71'),
(97, 2016, 4, '0,74173', '102'),
(97, 2016, 5, '0,63533', '69'),
(97, 2016, 6, '0,15111', '143'),
(97, 2016, 7, '0,12721', '60'),
(97, 2016, 8, '0,17191', '109'),
(97, 2016, 9, 'N/A', 'N/A'),
(97, 2017, 1, '82', '82'),
(97, 2017, 2, '5,236999989', '82'),
(97, 2017, 3, '1,121129036', '66'),
(97, 2017, 4, '1,238376498', '81'),
(97, 2017, 5, '0,667464674', '53'),
(97, 2017, 6, '0,194989055', '140'),
(97, 2017, 7, '0,088174194', '79'),
(97, 2017, 8, '0,197911024', '98'),
(97, 2017, 9, 'N/A', 'N/A'),
(97, 2018, 1, '81', '81'),
(97, 2018, 2, '5,347', '81'),
(97, 2018, 3, '1,017', '63'),
(97, 2018, 4, 'N/A', 'N/A'),
(97, 2018, 5, '0,729', '51'),
(97, 2018, 6, '0,259', '138'),
(97, 2018, 7, '0,081', '81'),
(97, 2018, 8, '0,111', '116'),
(97, 2018, 9, '1,279', '75'),
(97, 2019, 1, '73', '73'),
(97, 2019, 2, '5,523', '73'),
(97, 2019, 3, '1,051', '63'),
(97, 2019, 4, 'N/A', 'N/A'),
(97, 2019, 5, '0,871', '45'),
(97, 2019, 6, '0,197', '140'),
(97, 2019, 7, '0,08', '83'),
(97, 2019, 8, '0,142', '102'),
(97, 2019, 9, '1,361', '60'),
(98, 2015, 1, '92', '92'),
(98, 2015, 2, '5,013', '92'),
(98, 2015, 3, '0,73479', '102'),
(98, 2015, 4, '0,64095', '141'),
(98, 2015, 5, '0,60954', '101'),
(98, 2015, 6, '0,41691', '86'),
(98, 2015, 7, '0,08546', '93'),
(98, 2015, 8, '0,07172', '150'),
(98, 2015, 9, 'N/A', 'N/A'),
(98, 2016, 1, '90', '90'),
(98, 2016, 2, '5,151', '90'),
(98, 2016, 3, '0,84058', '102'),
(98, 2016, 4, '0,38595', '142'),
(98, 2016, 5, '0,59471', '82'),
(98, 2016, 6, '0,25646', '119'),
(98, 2016, 7, '0,08404', '96'),
(98, 2016, 8, '0,04053', '153'),
(98, 2016, 9, 'N/A', 'N/A'),
(98, 2017, 1, '83', '83'),
(98, 2017, 2, '5,235000134', '83'),
(98, 2017, 3, '0,878114581', '99'),
(98, 2017, 4, '0,774864435', '139'),
(98, 2017, 5, '0,597710669', '79'),
(98, 2017, 6, '0,408158332', '89'),
(98, 2017, 7, '0,087763183', '80'),
(98, 2017, 8, '0,032209955', '151'),
(98, 2017, 9, 'N/A', 'N/A'),
(98, 2018, 1, '85', '85'),
(98, 2018, 2, '5,254', '85'),
(98, 2018, 3, '0,779', '101'),
(98, 2018, 4, 'N/A', 'N/A'),
(98, 2018, 5, '0,669', '74'),
(98, 2018, 6, '0,46', '86'),
(98, 2018, 7, '0,074', '89'),
(98, 2018, 8, '0,026', '154'),
(98, 2018, 9, '0,797', '141'),
(98, 2019, 1, '89', '89'),
(98, 2019, 2, '5,208', '89'),
(98, 2019, 3, '0,801', '100'),
(98, 2019, 4, 'N/A', 'N/A'),
(98, 2019, 5, '0,782', '82'),
(98, 2019, 6, '0,418', '77'),
(98, 2019, 7, '0,076', '91'),
(98, 2019, 8, '0,036', '153'),
(98, 2019, 9, '0,782', '140'),
(99, 2015, 1, '94', '94'),
(99, 2015, 2, '4,971', '94'),
(99, 2015, 3, '0,08308', '152'),
(99, 2015, 4, '1,02626', '80'),
(99, 2015, 5, '0,09131', '153'),
(99, 2015, 6, '0,34037', '113'),
(99, 2015, 7, '0,15603', '50'),
(99, 2015, 8, '0,22269', '74'),
(99, 2015, 9, 'N/A', 'N/A'),
(99, 2017, 1, '112', '112'),
(99, 2017, 2, '4,550000191', '112'),
(99, 2017, 3, '0,23430565', '147'),
(99, 2017, 4, '0,870701015', '133'),
(99, 2017, 5, '0,106654435', '147'),
(99, 2017, 6, '0,480791092', '51'),
(99, 2017, 7, '0,179436386', '30'),
(99, 2017, 8, '0,322228104', '39'),
(99, 2017, 9, 'N/A', 'N/A'),
(99, 2018, 1, '123', '123'),
(99, 2018, 2, '4,417', '123'),
(99, 2018, 3, '0,198', '149'),
(99, 2018, 4, 'N/A', 'N/A'),
(99, 2018, 5, '0,173', '147'),
(99, 2018, 6, '0,531', '59'),
(99, 2018, 7, '0,158', '30'),
(99, 2018, 8, '0,206', '53'),
(99, 2018, 9, '0,902', '129'),
(99, 2019, 1, '123', '123'),
(99, 2019, 2, '4,466', '123'),
(99, 2019, 3, '0,204', '149'),
(99, 2019, 4, 'N/A', 'N/A'),
(99, 2019, 5, '0,39', '139'),
(99, 2019, 6, '0,494', '47'),
(99, 2019, 7, '0,138', '42'),
(99, 2019, 8, '0,197', '66'),
(99, 2019, 9, '0,986', '123'),
(100, 2015, 1, '129', '129'),
(100, 2015, 2, '4,307', '129'),
(100, 2015, 3, '0,27108', '139'),
(100, 2015, 4, '0,70905', '136'),
(100, 2015, 5, '0,48246', '116'),
(100, 2015, 6, '0,44017', '78'),
(100, 2015, 7, '0,19034', '36'),
(100, 2015, 8, '0,79588', '1'),
(100, 2015, 9, 'N/A', 'N/A'),
(100, 2016, 1, '119', '119'),
(100, 2016, 2, '4,395', '119'),
(100, 2016, 3, '0,34112', '141'),
(100, 2016, 4, '0,69981', '111'),
(100, 2016, 5, '0,3988', '117'),
(100, 2016, 6, '0,42692', '62'),
(100, 2016, 7, '0,20243', '31'),
(100, 2016, 8, '0,81971', '1'),
(100, 2016, 9, 'N/A', 'N/A'),
(100, 2017, 1, '113', '113'),
(100, 2017, 2, '4,545000076', '113'),
(100, 2017, 3, '0,36711055', '141'),
(100, 2017, 4, '1,123235941', '108'),
(100, 2017, 5, '0,397522569', '114'),
(100, 2017, 6, '0,514492035', '40'),
(100, 2017, 7, '0,188816205', '27'),
(100, 2017, 8, '0,838075161', '1'),
(100, 2017, 9, 'N/A', 'N/A'),
(100, 2018, 1, '130', '130'),
(100, 2018, 2, '4,308', '130'),
(100, 2018, 3, '0,682', '111'),
(100, 2018, 4, 'N/A', 'N/A'),
(100, 2018, 5, '0,429', '116'),
(100, 2018, 6, '0,58', '38'),
(100, 2018, 7, '0,178', '23'),
(100, 2018, 8, '0,598', '1'),
(100, 2018, 9, '1,174', '99'),
(100, 2019, 1, '131', '131'),
(100, 2019, 2, '4,36', '131'),
(100, 2019, 3, '0,71', '108'),
(100, 2019, 4, 'N/A', 'N/A'),
(100, 2019, 5, '0,555', '115'),
(100, 2019, 6, '0,525', '30'),
(100, 2019, 7, '0,172', '25'),
(100, 2019, 8, '0,566', '1'),
(100, 2019, 9, '1,181', '97'),
(101, 2016, 1, '113', '113'),
(101, 2016, 2, '4,574', '113'),
(101, 2016, 3, '0,93287', '92'),
(101, 2016, 4, '0,70362', '110'),
(101, 2016, 5, '0,34745', '123'),
(101, 2016, 6, '0,48614', '39'),
(101, 2016, 7, '0,10398', '80'),
(101, 2016, 8, '0,07795', '144'),
(101, 2016, 9, 'N/A', 'N/A'),
(101, 2017, 1, '110', '110'),
(101, 2017, 2, '4,573999882', '110'),
(101, 2017, 3, '0,964434326', '89'),
(101, 2017, 4, '1,098470807', '110'),
(101, 2017, 5, '0,338611811', '120'),
(101, 2017, 6, '0,520303547', '38'),
(101, 2017, 7, '0,093146972', '72'),
(101, 2017, 8, '0,077133745', '142'),
(101, 2017, 9, 'N/A', 'N/A'),
(101, 2018, 1, '119', '119'),
(101, 2018, 2, '4,441', '119'),
(101, 2018, 3, '0,874', '89'),
(101, 2018, 4, 'N/A', 'N/A'),
(101, 2018, 5, '0,365', '124'),
(101, 2018, 6, '0,519', '68'),
(101, 2018, 7, '0,064', '97'),
(101, 2018, 8, '0,051', '147'),
(101, 2018, 9, '1,281', '74'),
(101, 2019, 1, '113', '113'),
(101, 2019, 2, '4,639', '113'),
(101, 2019, 3, '0,879', '91'),
(101, 2019, 4, 'N/A', 'N/A'),
(101, 2019, 5, '0,477', '127'),
(101, 2019, 6, '0,401', '83'),
(101, 2019, 7, '0,056', '105'),
(101, 2019, 8, '0,07', '142'),
(101, 2019, 9, '1,313', '70'),
(102, 2015, 1, '121', '121'),
(102, 2015, 2, '4,514', '121'),
(102, 2015, 3, '0,35997', '133'),
(102, 2015, 4, '0,86449', '117'),
(102, 2015, 5, '0,56874', '110'),
(102, 2015, 6, '0,38282', '102'),
(102, 2015, 7, '0,05907', '121'),
(102, 2015, 8, '0,32296', '38'),
(102, 2015, 9, 'N/A', 'N/A'),
(102, 2016, 1, '107', '107'),
(102, 2016, 2, '4,793', '107'),
(102, 2016, 3, '0,44626', '132'),
(102, 2016, 4, '0,69699', '112'),
(102, 2016, 5, '0,50073', '106'),
(102, 2016, 6, '0,37012', '92'),
(102, 2016, 7, '0,07008', '110'),
(102, 2016, 8, '0,3816', '26'),
(102, 2016, 9, 'N/A', 'N/A'),
(102, 2017, 1, '98', '98'),
(102, 2017, 2, '4,961999893', '98'),
(102, 2017, 3, '0,479820192', '129'),
(102, 2017, 4, '1,179283261', '95'),
(102, 2017, 5, '0,504130781', '100'),
(102, 2017, 6, '0,440305948', '76'),
(102, 2017, 7, '0,072975546', '93'),
(102, 2017, 8, '0,394096166', '20'),
(102, 2017, 9, 'N/A', 'N/A'),
(102, 2018, 1, '101', '101'),
(102, 2018, 2, '4,88', '101'),
(102, 2018, 3, '0,425', '133'),
(102, 2018, 4, 'N/A', 'N/A'),
(102, 2018, 5, '0,539', '102'),
(102, 2018, 6, '0,526', '65'),
(102, 2018, 7, '0,078', '84'),
(102, 2018, 8, '0,302', '19'),
(102, 2018, 9, '1,228', '87'),
(102, 2019, 1, '100', '100'),
(102, 2019, 2, '4,913', '100'),
(102, 2019, 3, '0,446', '130'),
(102, 2019, 4, 'N/A', 'N/A'),
(102, 2019, 5, '0,677', '99'),
(102, 2019, 6, '0,439', '68'),
(102, 2019, 7, '0,089', '70'),
(102, 2019, 8, '0,285', '17'),
(102, 2019, 9, '1,226', '88'),
(103, 2015, 1, '7', '7'),
(103, 2015, 2, '7,378', '7'),
(103, 2015, 3, '1,32944', '16'),
(103, 2015, 4, '1,28017', '20'),
(103, 2015, 5, '0,89284', '21'),
(103, 2015, 6, '0,61576', '20'),
(103, 2015, 7, '0,31814', '20'),
(103, 2015, 8, '0,4761', '8'),
(103, 2015, 9, 'N/A', 'N/A'),
(103, 2016, 1, '7', '7'),
(103, 2016, 2, '7,339', '7'),
(103, 2016, 3, '1,46468', '12'),
(103, 2016, 4, '1,02912', '38'),
(103, 2016, 5, '0,81231', '22'),
(103, 2016, 6, '0,55211', '17'),
(103, 2016, 7, '0,29927', '19'),
(103, 2016, 8, '0,47416', '12'),
(103, 2016, 9, 'N/A', 'N/A'),
(103, 2017, 1, '6', '6'),
(103, 2017, 2, '7,376999855', '6'),
(103, 2017, 3, '1,503944635', '11'),
(103, 2017, 4, '1,428939223', '36'),
(103, 2017, 5, '0,810696125', '21'),
(103, 2017, 6, '0,585384488', '17'),
(103, 2017, 7, '0,282661825', '15'),
(103, 2017, 8, '0,47048983', '13'),
(103, 2017, 9, 'N/A', 'N/A'),
(103, 2018, 1, '6', '6'),
(103, 2018, 2, '7,441', '6'),
(103, 2018, 3, '1,361', '13'),
(103, 2018, 4, 'N/A', 'N/A'),
(103, 2018, 5, '0,878', '23'),
(103, 2018, 6, '0,638', '16'),
(103, 2018, 7, '0,295', '13'),
(103, 2018, 8, '0,333', '13'),
(103, 2018, 9, '1,488', '31'),
(103, 2019, 1, '5', '5'),
(103, 2019, 2, '7,488', '5'),
(103, 2019, 3, '1,396', '12'),
(103, 2019, 4, 'N/A', 'N/A'),
(103, 2019, 5, '0,999', '20'),
(103, 2019, 6, '0,557', '17'),
(103, 2019, 7, '0,298', '12'),
(103, 2019, 8, '0,322', '13'),
(103, 2019, 9, '1,522', '15'),
(104, 2015, 1, '9', '9'),
(104, 2015, 2, '7,286', '9'),
(104, 2015, 3, '1,25018', '29'),
(104, 2015, 4, '1,31967', '8'),
(104, 2015, 5, '0,90837', '17'),
(104, 2015, 6, '0,63938', '11'),
(104, 2015, 7, '0,42922', '6'),
(104, 2015, 8, '0,47501', '9'),
(104, 2015, 9, 'N/A', 'N/A'),
(104, 2016, 1, '8', '8'),
(104, 2016, 2, '7,334', '8'),
(104, 2016, 3, '1,36066', '27'),
(104, 2016, 4, '1,17278', '2'),
(104, 2016, 5, '0,83096', '16'),
(104, 2016, 6, '0,58147', '6'),
(104, 2016, 7, '0,41904', '5'),
(104, 2016, 8, '0,49401', '7'),
(104, 2016, 9, 'N/A', 'N/A'),
(104, 2017, 1, '8', '8'),
(104, 2017, 2, '7,31400013', '8'),
(104, 2017, 3, '1,405706048', '26'),
(104, 2017, 4, '1,548195124', '5'),
(104, 2017, 5, '0,816759706', '19'),
(104, 2017, 6, '0,61406213', '8'),
(104, 2017, 7, '0,382816702', '6'),
(104, 2017, 8, '0,500005126', '5'),
(104, 2017, 9, 'N/A', 'N/A'),
(104, 2018, 1, '8', '8'),
(104, 2018, 2, '7,324', '8'),
(104, 2018, 3, '1,268', '28'),
(104, 2018, 4, 'N/A', 'N/A'),
(104, 2018, 5, '0,876', '24'),
(104, 2018, 6, '0,669', '8'),
(104, 2018, 7, '0,389', '5'),
(104, 2018, 8, '0,365', '6'),
(104, 2018, 9, '1,601', '2'),
(104, 2019, 1, '8', '8'),
(104, 2019, 2, '7,307', '8'),
(104, 2019, 3, '1,303', '27'),
(104, 2019, 4, 'N/A', 'N/A'),
(104, 2019, 5, '1,026', '15'),
(104, 2019, 6, '0,585', '8'),
(104, 2019, 7, '0,38', '5'),
(104, 2019, 8, '0,33', '12'),
(104, 2019, 9, '1,557', '5'),
(105, 2015, 1, '57', '57'),
(105, 2015, 2, '5,828', '57'),
(105, 2015, 3, '0,59325', '116'),
(105, 2015, 4, '1,14184', '53'),
(105, 2015, 5, '0,74314', '58'),
(105, 2015, 6, '0,55475', '39'),
(105, 2015, 7, '0,19317', '34'),
(105, 2015, 8, '0,27815', '49'),
(105, 2015, 9, 'N/A', 'N/A'),
(105, 2016, 1, '48', '48'),
(105, 2016, 2, '5,992', '48'),
(105, 2016, 3, '0,69384', '114'),
(105, 2016, 4, '0,89521', '62'),
(105, 2016, 5, '0,65213', '58'),
(105, 2016, 6, '0,46582', '46'),
(105, 2016, 7, '0,16292', '46'),
(105, 2016, 8, '0,29773', '45'),
(105, 2016, 9, 'N/A', 'N/A'),
(105, 2017, 1, '43', '43'),
(105, 2017, 2, '6,071000099', '43'),
(105, 2017, 3, '0,737299204', '110'),
(105, 2017, 4, '1,28721571', '61'),
(105, 2017, 5, '0,653095961', '55'),
(105, 2017, 6, '0,447551847', '73'),
(105, 2017, 7, '0,130687982', '48'),
(105, 2017, 8, '0,301674217', '45'),
(105, 2017, 9, 'N/A', 'N/A'),
(105, 2018, 1, '41', '41'),
(105, 2018, 2, '6,141', '41'),
(105, 2018, 3, '0,668', '113'),
(105, 2018, 4, 'N/A', 'N/A'),
(105, 2018, 5, '0,7', '57'),
(105, 2018, 6, '0,527', '64'),
(105, 2018, 7, '0,128', '46'),
(105, 2018, 8, '0,208', '52'),
(105, 2018, 9, '1,319', '67'),
(105, 2019, 1, '45', '45'),
(105, 2019, 2, '6,105', '45'),
(105, 2019, 3, '0,694', '110'),
(105, 2019, 4, 'N/A', 'N/A'),
(105, 2019, 5, '0,835', '56'),
(105, 2019, 6, '0,435', '71'),
(105, 2019, 7, '0,127', '47'),
(105, 2019, 8, '0,2', '63'),
(105, 2019, 9, '1,325', '66'),
(106, 2015, 1, '144', '144'),
(106, 2015, 2, '3,845', '144'),
(106, 2015, 3, '0,0694', '155'),
(106, 2015, 4, '0,77265', '130'),
(106, 2015, 5, '0,29707', '139'),
(106, 2015, 6, '0,47692', '64'),
(106, 2015, 7, '0,15639', '49'),
(106, 2015, 8, '0,19387', '92'),
(106, 2015, 9, 'N/A', 'N/A'),
(106, 2016, 1, '142', '142'),
(106, 2016, 2, '3,856', '142'),
(106, 2016, 3, '0,1327', '152'),
(106, 2016, 4, '0,6053', '127'),
(106, 2016, 5, '0,26162', '136'),
(106, 2016, 6, '0,38041', '83'),
(106, 2016, 7, '0,17176', '43'),
(106, 2016, 8, '0,2097', '87'),
(106, 2016, 9, 'N/A', 'N/A'),
(106, 2017, 1, '134', '134'),
(106, 2017, 2, '4,027999878', '134'),
(106, 2017, 3, '0,161925331', '149'),
(106, 2017, 4, '0,993025005', '121'),
(106, 2017, 5, '0,268505007', '130'),
(106, 2017, 6, '0,363658696', '102'),
(106, 2017, 7, '0,138572946', '44'),
(106, 2017, 8, '0,228673846', '80'),
(106, 2017, 9, 'N/A', 'N/A'),
(106, 2018, 1, '134', '134'),
(106, 2018, 2, '4,166', '134'),
(106, 2018, 3, '0,131', '151'),
(106, 2018, 4, 'N/A', 'N/A'),
(106, 2018, 5, '0,221', '142'),
(106, 2018, 6, '0,39', '111'),
(106, 2018, 7, '0,099', '65'),
(106, 2018, 8, '0,175', '76'),
(106, 2018, 9, '0,867', '134'),
(106, 2019, 1, '114', '114'),
(106, 2019, 2, '4,628', '114'),
(106, 2019, 3, '0,138', '151'),
(106, 2019, 4, 'N/A', 'N/A'),
(106, 2019, 5, '0,366', '143'),
(106, 2019, 6, '0,318', '112'),
(106, 2019, 7, '0,102', '56'),
(106, 2019, 8, '0,188', '70'),
(106, 2019, 9, '0,774', '141'),
(107, 2015, 1, '78', '78'),
(107, 2015, 2, '5,268', '78'),
(107, 2015, 3, '0,65435', '108'),
(107, 2015, 4, '0,90432', '112'),
(107, 2015, 5, '0,16007', '149'),
(107, 2015, 6, '0,34334', '112'),
(107, 2015, 7, '0,0403', '134'),
(107, 2015, 8, '0,27233', '51'),
(107, 2015, 9, 'N/A', 'N/A'),
(107, 2016, 1, '103', '103'),
(107, 2016, 2, '4,875', '103'),
(107, 2016, 3, '0,75216', '108'),
(107, 2016, 4, '0,64498', '116'),
(107, 2016, 5, '0,05108', '153'),
(107, 2016, 6, '0,27854', '113'),
(107, 2016, 7, '0,0305', '144'),
(107, 2016, 8, '0,23219', '74'),
(107, 2016, 9, 'N/A', 'N/A'),
(107, 2017, 1, '94', '94'),
(107, 2017, 2, '5,073999882', '94'),
(107, 2017, 3, '0,783756256', '108'),
(107, 2017, 4, '1,215770483', '86'),
(107, 2017, 5, '0,05691573', '148'),
(107, 2017, 6, '0,394952565', '93'),
(107, 2017, 7, '0,026121566', '142'),
(107, 2017, 8, '0,230947196', '79'),
(107, 2017, 9, 'N/A', 'N/A'),
(107, 2018, 1, '91', '91'),
(107, 2018, 2, '5,155', '91'),
(107, 2018, 3, '0,689', '109'),
(107, 2018, 4, 'N/A', 'N/A'),
(107, 2018, 5, '0,048', '154'),
(107, 2018, 6, '0,462', '84'),
(107, 2018, 7, '0,032', '135'),
(107, 2018, 8, '0,201', '57'),
(107, 2018, 9, '1,172', '101'),
(107, 2019, 1, '85', '85'),
(107, 2019, 2, '5,265', '85'),
(107, 2019, 3, '0,696', '109'),
(107, 2019, 4, 'N/A', 'N/A'),
(107, 2019, 5, '0,245', '150'),
(107, 2019, 6, '0,426', '76'),
(107, 2019, 7, '0,041', '121'),
(107, 2019, 8, '0,215', '57'),
(107, 2019, 9, '1,111', '112'),
(108, 2015, 1, '66', '66'),
(108, 2015, 2, '5,695', '66'),
(108, 2015, 3, '1,20806', '35'),
(108, 2015, 4, '1,07008', '72'),
(108, 2015, 5, '0,92356', '11'),
(108, 2015, 6, '0,49027', '58'),
(108, 2015, 7, '0,1428', '58'),
(108, 2015, 8, '0,26169', '54'),
(108, 2015, 9, 'N/A', 'N/A'),
(108, 2016, 1, '62', '62'),
(108, 2016, 2, '5,771', '62'),
(108, 2016, 3, '1,31141', '35'),
(108, 2016, 4, '0,81826', '84'),
(108, 2016, 5, '0,84142', '13'),
(108, 2016, 6, '0,43596', '58'),
(108, 2016, 7, '0,16578', '45'),
(108, 2016, 8, '0,26322', '55'),
(108, 2016, 9, 'N/A', 'N/A'),
(108, 2017, 1, '61', '61'),
(108, 2017, 2, '5,809999943', '61'),
(108, 2017, 3, '1,346911311', '34'),
(108, 2017, 4, '1,186303377', '92'),
(108, 2017, 5, '0,834647238', '12'),
(108, 2017, 6, '0,471203625', '60'),
(108, 2017, 7, '0,155353352', '37'),
(108, 2017, 8, '0,266845703', '56'),
(108, 2017, 9, 'N/A', 'N/A'),
(109, 2019, 1, '84', '84'),
(109, 2019, 2, '5,274', '84'),
(109, 2019, 3, '0,983', '77'),
(109, 2019, 4, 'N/A', 'N/A'),
(109, 2019, 5, '0,838', '55'),
(109, 2019, 6, '0,345', '106'),
(109, 2019, 7, '0,034', '130'),
(109, 2019, 8, '0,185', '74'),
(109, 2019, 9, '1,294', '75'),
(110, 2018, 1, '58', '58'),
(110, 2018, 2, '5,835', '58'),
(110, 2018, 3, '1,229', '34'),
(110, 2018, 4, 'N/A', 'N/A'),
(110, 2018, 5, '0,909', '11'),
(110, 2018, 6, '0,495', '77'),
(110, 2018, 7, '0,154', '32'),
(110, 2018, 8, '0,179', '73'),
(110, 2018, 9, '1,211', '93'),
(110, 2019, 1, '64', '64'),
(110, 2019, 2, '5,718', '64'),
(110, 2019, 3, '1,263', '34'),
(110, 2019, 4, 'N/A', 'N/A'),
(110, 2019, 5, '1,042', '7'),
(110, 2019, 6, '0,417', '78'),
(110, 2019, 7, '0,162', '31'),
(110, 2019, 8, '0,191', '68'),
(110, 2019, 9, '1,252', '82'),
(111, 2015, 1, '4', '4'),
(111, 2015, 2, '7,522', '4'),
(111, 2015, 3, '1,459', '5'),
(111, 2015, 4, '1,33095', '6'),
(111, 2015, 5, '0,88521', '26'),
(111, 2015, 6, '0,66973', '1'),
(111, 2015, 7, '0,36503', '14'),
(111, 2015, 8, '0,34699', '26'),
(111, 2015, 9, 'N/A', 'N/A'),
(111, 2016, 1, '4', '4'),
(111, 2016, 2, '7,498', '4'),
(111, 2016, 3, '1,57744', '5'),
(111, 2016, 4, '1,1269', '9'),
(111, 2016, 5, '0,79579', '28'),
(111, 2016, 6, '0,59609', '2'),
(111, 2016, 7, '0,35776', '10'),
(111, 2016, 8, '0,37895', '27'),
(111, 2016, 9, 'N/A', 'N/A'),
(111, 2017, 1, '1', '1'),
(111, 2017, 2, '7,537000179', '1'),
(111, 2017, 3, '1,616463184', '6'),
(111, 2017, 4, '1,53352356', '7'),
(111, 2017, 5, '0,796666503', '27'),
(111, 2017, 6, '0,635422587', '2'),
(111, 2017, 7, '0,315963835', '11'),
(111, 2017, 8, '0,362012237', '25'),
(111, 2017, 9, 'N/A', 'N/A'),
(111, 2018, 1, '2', '2'),
(111, 2018, 2, '7,594', '2'),
(111, 2018, 3, '1,456', '6'),
(111, 2018, 4, 'N/A', 'N/A'),
(111, 2018, 5, '0,861', '28'),
(111, 2018, 6, '0,686', '3'),
(111, 2018, 7, '0,34', '8'),
(111, 2018, 8, '0,286', '21'),
(111, 2018, 9, '1,582', '7'),
(111, 2019, 1, '3', '3'),
(111, 2019, 2, '7,554', '3'),
(111, 2019, 3, '1,488', '7'),
(111, 2019, 4, 'N/A', 'N/A'),
(111, 2019, 5, '1,028', '14'),
(111, 2019, 6, '0,603', '3'),
(111, 2019, 7, '0,341', '8'),
(111, 2019, 8, '0,271', '22'),
(111, 2019, 9, '1,582', '3'),
(112, 2015, 1, '22', '22'),
(112, 2015, 2, '6,853', '22'),
(112, 2015, 3, '1,36011', '11'),
(112, 2015, 4, '1,08182', '66'),
(112, 2015, 5, '0,76276', '53'),
(112, 2015, 6, '0,63274', '14'),
(112, 2015, 7, '0,32524', '17'),
(112, 2015, 8, '0,21542', '80'),
(112, 2015, 9, 'N/A', 'N/A'),
(113, 2015, 1, '81', '81'),
(113, 2015, 2, '5,194', '81'),
(113, 2015, 3, '0,59543', '113'),
(113, 2015, 4, '0,41411', '151'),
(113, 2015, 5, '0,51466', '115'),
(113, 2015, 6, '0,12102', '152'),
(113, 2015, 7, '0,10464', '83'),
(113, 2015, 8, '0,33671', '30'),
(113, 2015, 9, 'N/A', 'N/A'),
(113, 2016, 1, '92', '92'),
(113, 2016, 2, '5,132', '92'),
(113, 2016, 3, '0,68816', '116'),
(113, 2016, 4, '0,26135', '148'),
(113, 2016, 5, '0,40306', '116'),
(113, 2016, 6, '0,14622', '144'),
(113, 2016, 7, '0,1388', '54'),
(113, 2016, 8, '0,31185', '40'),
(113, 2016, 9, 'N/A', 'N/A'),
(113, 2017, 1, '79', '79'),
(113, 2017, 2, '5,269000053', '79'),
(113, 2017, 3, '0,726883531', '113'),
(113, 2017, 4, '0,67269069', '144'),
(113, 2017, 5, '0,402047783', '113'),
(113, 2017, 6, '0,235215262', '134'),
(113, 2017, 7, '0,124348067', '50'),
(113, 2017, 8, '0,315446019', '42'),
(113, 2017, 9, 'N/A', 'N/A'),
(113, 2018, 1, '75', '75'),
(113, 2018, 2, '5,472', '75'),
(113, 2018, 3, '0,652', '115'),
(113, 2018, 4, 'N/A', 'N/A'),
(113, 2018, 5, '0,424', '117'),
(113, 2018, 6, '0,334', '122'),
(113, 2018, 7, '0,113', '52'),
(113, 2018, 8, '0,216', '47'),
(113, 2018, 9, '0,81', '140'),
(113, 2019, 1, '67', '67'),
(113, 2019, 2, '5,653', '67'),
(113, 2019, 3, '0,677', '112'),
(113, 2019, 4, 'N/A', 'N/A'),
(113, 2019, 5, '0,535', '119'),
(113, 2019, 6, '0,313', '114'),
(113, 2019, 7, '0,098', '61'),
(113, 2019, 8, '0,22', '53'),
(113, 2019, 9, '0,886', '131'),
(114, 2015, 1, '108', '108'),
(114, 2015, 2, '4,715', '108'),
(114, 2015, 3, '0,59867', '112'),
(114, 2015, 4, '0,92558', '105'),
(114, 2015, 5, '0,66015', '89'),
(114, 2015, 6, '0,24499', '137'),
(114, 2015, 7, '0,12905', '64'),
(114, 2015, 8, '0,11251', '137'),
(114, 2015, 9, 'N/A', 'N/A'),
(114, 2016, 1, '108', '108'),
(114, 2016, 2, '4,754', '108'),
(114, 2016, 3, '0,67024', '118'),
(114, 2016, 4, '0,71629', '106'),
(114, 2016, 5, '0,56844', '91'),
(114, 2016, 6, '0,17744', '138'),
(114, 2016, 7, '0,10613', '77'),
(114, 2016, 8, '0,11154', '135'),
(114, 2016, 9, 'N/A', 'N/A'),
(114, 2017, 1, '102', '102'),
(114, 2017, 2, '4,775000095', '102'),
(114, 2017, 3, '0,716249228', '114'),
(114, 2017, 4, '1,155647159', '97'),
(114, 2017, 5, '0,565666974', '88'),
(114, 2017, 6, '0,254711062', '129'),
(114, 2017, 7, '0,089282602', '78'),
(114, 2017, 8, '0,114173174', '130'),
(114, 2017, 9, 'N/A', 'N/A'),
(114, 2018, 1, '104', '104'),
(114, 2018, 2, '4,743', '104'),
(114, 2018, 3, '0,642', '116'),
(114, 2018, 4, 'N/A', 'N/A'),
(114, 2018, 5, '0,602', '92'),
(114, 2018, 6, '0,266', '136'),
(114, 2018, 7, '0,076', '87'),
(114, 2018, 8, '0,086', '131'),
(114, 2018, 9, '1,217', '90'),
(114, 2019, 1, '110', '110'),
(114, 2019, 2, '4,696', '110'),
(114, 2019, 3, '0,657', '114'),
(114, 2019, 4, 'N/A', 'N/A'),
(114, 2019, 5, '0,672', '101'),
(114, 2019, 6, '0,225', '134'),
(114, 2019, 7, '0,066', '97'),
(114, 2019, 8, '0,103', '123'),
(114, 2019, 9, '1,247', '83'),
(115, 2015, 1, '25', '25'),
(115, 2015, 2, '6,786', '25'),
(115, 2015, 3, '1,06353', '53'),
(115, 2015, 4, '1,1985', '45'),
(115, 2015, 5, '0,79661', '43'),
(115, 2015, 6, '0,5421', '43'),
(115, 2015, 7, '0,0927', '88'),
(115, 2015, 8, '0,24434', '61'),
(115, 2015, 9, 'N/A', 'N/A'),
(115, 2016, 1, '25', '25'),
(115, 2016, 2, '6,701', '25'),
(115, 2016, 3, '1,18306', '52'),
(115, 2016, 4, '0,98912', '46'),
(115, 2016, 5, '0,70835', '44'),
(115, 2016, 6, '0,48927', '37'),
(115, 2016, 7, '0,08423', '94'),
(115, 2016, 8, '0,2418', '67'),
(115, 2016, 9, 'N/A', 'N/A'),
(115, 2017, 1, '30', '30'),
(115, 2017, 2, '6,452000141', '30'),
(115, 2017, 3, '1,233748436', '49'),
(115, 2017, 4, '1,373192549', '52'),
(115, 2017, 5, '0,706156135', '44'),
(115, 2017, 6, '0,550026834', '31'),
(115, 2017, 7, '0,070983924', '97'),
(115, 2017, 8, '0,210556939', '87'),
(115, 2017, 9, 'N/A', 'N/A'),
(115, 2018, 1, '27', '27'),
(115, 2018, 2, '6,43', '27'),
(115, 2018, 3, '1,112', '53'),
(115, 2018, 4, 'N/A', 'N/A'),
(115, 2018, 5, '0,759', '43'),
(115, 2018, 6, '0,597', '30'),
(115, 2018, 7, '0,063', '100'),
(115, 2018, 8, '0,125', '108'),
(115, 2018, 9, '1,438', '48'),
(115, 2019, 1, '31', '31'),
(115, 2019, 2, '6,321', '31'),
(115, 2019, 3, '1,149', '53'),
(115, 2019, 4, 'N/A', 'N/A'),
(115, 2019, 5, '0,91', '36'),
(115, 2019, 6, '0,516', '33'),
(115, 2019, 7, '0,054', '111'),
(115, 2019, 8, '0,109', '117'),
(115, 2019, 9, '1,442', '41'),
(116, 2015, 1, '53', '53'),
(116, 2015, 2, '5,878', '53'),
(116, 2015, 3, '0,75985', '98'),
(116, 2015, 4, '1,30477', '12'),
(116, 2015, 5, '0,66098', '88'),
(116, 2015, 6, '0,53899', '44'),
(116, 2015, 7, '0,08242', '98'),
(116, 2015, 8, '0,3424', '28'),
(116, 2015, 9, 'N/A', 'N/A'),
(116, 2016, 1, '70', '70'),
(116, 2016, 2, '5,538', '70'),
(116, 2016, 3, '0,89373', '94'),
(116, 2016, 4, '1,11111', '10'),
(116, 2016, 5, '0,58295', '88'),
(116, 2016, 6, '0,46235', '48'),
(116, 2016, 7, '0,07396', '106'),
(116, 2016, 8, '0,25296', '62'),
(116, 2016, 9, 'N/A', 'N/A'),
(116, 2017, 1, '70', '70'),
(116, 2017, 2, '5,493000031', '70'),
(116, 2017, 3, '0,932537317', '92'),
(116, 2017, 4, '1,50728488', '11'),
(116, 2017, 5, '0,579250693', '85'),
(116, 2017, 6, '0,473507792', '57'),
(116, 2017, 7, '0,091065913', '75'),
(116, 2017, 8, '0,224150658', '83'),
(116, 2017, 9, 'N/A', 'N/A'),
(116, 2018, 1, '64', '64'),
(116, 2018, 2, '5,681', '64'),
(116, 2018, 3, '0,835', '92'),
(116, 2018, 4, 'N/A', 'N/A'),
(116, 2018, 5, '0,615', '86'),
(116, 2018, 6, '0,541', '53'),
(116, 2018, 7, '0,074', '89'),
(116, 2018, 8, '0,162', '85'),
(116, 2018, 9, '1,522', '18'),
(116, 2019, 1, '63', '63'),
(116, 2019, 2, '5,743', '63'),
(116, 2019, 3, '0,855', '92'),
(116, 2019, 4, 'N/A', 'N/A'),
(116, 2019, 5, '0,777', '84'),
(116, 2019, 6, '0,514', '35'),
(116, 2019, 7, '0,08', '83'),
(116, 2019, 8, '0,184', '76'),
(116, 2019, 9, '1,475', '30'),
(117, 2015, 1, '58', '58'),
(117, 2015, 2, '5,824', '58'),
(117, 2015, 3, '0,90019', '81'),
(117, 2015, 4, '0,97459', '95'),
(117, 2015, 5, '0,73017', '65'),
(117, 2015, 6, '0,41496', '88'),
(117, 2015, 7, '0,05989', '120'),
(117, 2015, 8, '0,14982', '119'),
(117, 2015, 9, 'N/A', 'N/A'),
(117, 2016, 1, '64', '64'),
(117, 2016, 2, '5,743', '64'),
(117, 2016, 3, '0,99602', '83'),
(117, 2016, 4, '0,81255', '86'),
(117, 2016, 5, '0,62994', '71'),
(117, 2016, 6, '0,37502', '89'),
(117, 2016, 7, '0,05292', '125'),
(117, 2016, 8, '0,14527', '120'),
(117, 2016, 9, 'N/A', 'N/A'),
(117, 2017, 1, '63', '63'),
(117, 2017, 2, '5,715000153', '63'),
(117, 2017, 3, '1,035225272', '79'),
(117, 2017, 4, '1,218770385', '85'),
(117, 2017, 5, '0,630166113', '69'),
(117, 2017, 6, '0,450002879', '70'),
(117, 2017, 7, '0,047049087', '123'),
(117, 2017, 8, '0,126819715', '126'),
(117, 2017, 9, 'N/A', 'N/A'),
(117, 2018, 1, '65', '65'),
(117, 2018, 2, '5,663', '65'),
(117, 2018, 3, '0,934', '80'),
(117, 2018, 4, 'N/A', 'N/A'),
(117, 2018, 5, '0,674', '70'),
(117, 2018, 6, '0,53', '62'),
(117, 2018, 7, '0,034', '132'),
(117, 2018, 8, '0,092', '126'),
(117, 2018, 9, '1,249', '80'),
(117, 2019, 1, '65', '65'),
(117, 2019, 2, '5,697', '65'),
(117, 2019, 3, '0,96', '78'),
(117, 2019, 4, 'N/A', 'N/A'),
(117, 2019, 5, '0,854', '50'),
(117, 2019, 6, '0,455', '61'),
(117, 2019, 7, '0,027', '140'),
(117, 2019, 8, '0,083', '130'),
(117, 2019, 9, '1,274', '78'),
(118, 2015, 1, '90', '90'),
(118, 2015, 2, '5,073', '90'),
(118, 2015, 3, '0,70532', '104'),
(118, 2015, 4, '1,03516', '78'),
(118, 2015, 5, '0,58114', '107'),
(118, 2015, 6, '0,62545', '16'),
(118, 2015, 7, '0,12279', '72'),
(118, 2015, 8, '0,24991', '58'),
(118, 2015, 9, 'N/A', 'N/A'),
(118, 2016, 1, '82', '82'),
(118, 2016, 2, '5,279', '82'),
(118, 2016, 3, '0,81217', '105'),
(118, 2016, 4, '0,87877', '66'),
(118, 2016, 5, '0,47036', '109'),
(118, 2016, 6, '0,54854', '20'),
(118, 2016, 7, '0,11757', '68'),
(118, 2016, 8, '0,21674', '83'),
(118, 2016, 9, 'N/A', 'N/A'),
(118, 2017, 1, '71', '71'),
(118, 2017, 2, '5,429999828', '71'),
(118, 2017, 3, '0,857699215', '102'),
(118, 2017, 4, '1,253917575', '77'),
(118, 2017, 5, '0,468009055', '107'),
(118, 2017, 6, '0,585214674', '18'),
(118, 2017, 7, '0,099331893', '67'),
(118, 2017, 8, '0,193513423', '100'),
(118, 2017, 9, 'N/A', 'N/A'),
(118, 2018, 1, '71', '71'),
(118, 2018, 2, '5,524', '71'),
(118, 2018, 3, '0,775', '102'),
(118, 2018, 4, 'N/A', 'N/A'),
(118, 2018, 5, '0,513', '108'),
(118, 2018, 6, '0,643', '15'),
(118, 2018, 7, '0,105', '59'),
(118, 2018, 8, '0,12', '109'),
(118, 2018, 9, '1,312', '69'),
(118, 2019, 1, '69', '69'),
(118, 2019, 2, '5,631', '69'),
(118, 2019, 3, '0,807', '99'),
(118, 2019, 4, 'N/A', 'N/A'),
(118, 2019, 5, '0,657', '104'),
(118, 2019, 6, '0,558', '15'),
(118, 2019, 7, '0,107', '54'),
(118, 2019, 8, '0,117', '112'),
(118, 2019, 9, '1,293', '76'),
(119, 2015, 1, '60', '60'),
(119, 2015, 2, '5,791', '60'),
(119, 2015, 3, '1,12555', '46'),
(119, 2015, 4, '1,27948', '21'),
(119, 2015, 5, '0,77903', '49'),
(119, 2015, 6, '0,53122', '48'),
(119, 2015, 7, '0,04212', '133'),
(119, 2015, 8, '0,16759', '113'),
(119, 2015, 9, 'N/A', 'N/A'),
(119, 2016, 1, '57', '57'),
(119, 2016, 2, '5,835', '57'),
(119, 2016, 3, '1,24585', '45'),
(119, 2016, 4, '1,04685', '30'),
(119, 2016, 5, '0,69058', '49'),
(119, 2016, 6, '0,4519', '51'),
(119, 2016, 7, '0,055', '122'),
(119, 2016, 8, '0,14443', '121'),
(119, 2016, 9, 'N/A', 'N/A'),
(119, 2017, 1, '46', '46'),
(119, 2017, 2, '5,97300005', '46'),
(119, 2017, 3, '1,291787863', '41'),
(119, 2017, 4, '1,44571197', '27'),
(119, 2017, 5, '0,699475348', '47'),
(119, 2017, 6, '0,520342112', '37'),
(119, 2017, 7, '0,059307806', '114'),
(119, 2017, 8, '0,158465967', '113'),
(119, 2017, 9, 'N/A', 'N/A'),
(119, 2018, 1, '42', '42'),
(119, 2018, 2, '6,123', '42'),
(119, 2018, 3, '1,176', '42'),
(119, 2018, 4, 'N/A', 'N/A'),
(119, 2018, 5, '0,781', '39'),
(119, 2018, 6, '0,546', '51'),
(119, 2018, 7, '0,064', '97'),
(119, 2018, 8, '0,108', '118'),
(119, 2018, 9, '1,448', '45'),
(119, 2019, 1, '40', '40'),
(119, 2019, 2, '6,182', '40'),
(119, 2019, 3, '1,206', '43'),
(119, 2019, 4, 'N/A', 'N/A'),
(119, 2019, 5, '0,884', '39'),
(119, 2019, 6, '0,483', '53'),
(119, 2019, 7, '0,05', '115'),
(119, 2019, 8, '0,117', '112'),
(119, 2019, 9, '1,438', '44'),
(120, 2015, 1, '88', '88'),
(120, 2015, 2, '5,102', '88'),
(120, 2015, 3, '1,15991', '40'),
(120, 2015, 4, '1,13935', '54'),
(120, 2015, 5, '0,87519', '29'),
(120, 2015, 6, '0,51469', '52'),
(120, 2015, 7, '0,01078', '153'),
(120, 2015, 8, '0,13719', '124'),
(120, 2015, 9, 'N/A', 'N/A'),
(120, 2016, 1, '94', '94'),
(120, 2016, 2, '5,123', '94'),
(120, 2016, 3, '1,27607', '41'),
(120, 2016, 4, '0,94367', '55'),
(120, 2016, 5, '0,79363', '31'),
(120, 2016, 6, '0,44727', '53'),
(120, 2016, 7, '0,01521', '152'),
(120, 2016, 8, '0,11691', '134'),
(120, 2016, 9, 'N/A', 'N/A'),
(120, 2017, 1, '88', '88'),
(120, 2017, 2, '5,195000172', '88'),
(120, 2017, 3, '1,315175295', '39'),
(120, 2017, 4, '1,367043018', '54'),
(120, 2017, 5, '0,795843542', '28'),
(120, 2017, 6, '0,4984653', '46'),
(120, 2017, 7, '0,015869452', '147'),
(120, 2017, 8, '0,095102713', '137'),
(120, 2017, 9, 'N/A', 'N/A'),
(120, 2018, 1, '77', '77'),
(120, 2018, 2, '5,41', '77'),
(120, 2018, 3, '1,188', '41'),
(120, 2018, 4, 'N/A', 'N/A'),
(120, 2018, 5, '0,884', '19'),
(120, 2018, 6, '0,562', '44'),
(120, 2018, 7, '0,017', '149'),
(120, 2018, 8, '0,055', '145'),
(120, 2018, 9, '1,429', '51'),
(120, 2019, 1, '66', '66'),
(120, 2019, 2, '5,693', '66'),
(120, 2019, 3, '1,221', '41'),
(120, 2019, 4, 'N/A', 'N/A'),
(120, 2019, 5, '0,999', '20'),
(120, 2019, 6, '0,508', '37'),
(120, 2019, 7, '0,025', '143'),
(120, 2019, 8, '0,047', '148'),
(120, 2019, 9, '1,431', '47'),
(121, 2016, 1, '15', '15'),
(121, 2016, 2, '7,039', '15'),
(121, 2016, 3, '1,35943', '29'),
(121, 2016, 4, '1,08113', '20'),
(121, 2016, 5, '0,77758', '34'),
(121, 2016, 6, '0,46823', '44'),
(121, 2016, 7, '0,12275', '66'),
(121, 2016, 8, '0,22202', '80');
INSERT INTO `avoir` (`Id_Pays`, `annee`, `Id_Score`, `valeur_score`, `rang`) VALUES
(121, 2016, 9, 'N/A', 'N/A'),
(122, 2015, 1, '28', '28'),
(122, 2015, 2, '6,611', '28'),
(122, 2015, 3, '1,69042', '1'),
(122, 2015, 4, '1,0786', '67'),
(122, 2015, 5, '0,79733', '42'),
(122, 2015, 6, '0,6404', '10'),
(122, 2015, 7, '0,52208', '2'),
(122, 2015, 8, '0,32573', '37'),
(122, 2015, 9, 'N/A', 'N/A'),
(122, 2016, 1, '36', '36'),
(122, 2016, 2, '6,375', '36'),
(122, 2016, 3, '1,82427', '1'),
(122, 2016, 4, '0,87964', '65'),
(122, 2016, 5, '0,71723', '42'),
(122, 2016, 6, '0,56679', '12'),
(122, 2016, 7, '0,48049', '2'),
(122, 2016, 8, '0,32388', '34'),
(122, 2016, 9, 'N/A', 'N/A'),
(122, 2017, 1, '35', '35'),
(122, 2017, 2, '6,375', '35'),
(122, 2017, 3, '1,870765686', '1'),
(122, 2017, 4, '1,27429688', '69'),
(122, 2017, 5, '0,710098088', '41'),
(122, 2017, 6, '0,604130983', '12'),
(122, 2017, 7, '0,439299256', '3'),
(122, 2017, 8, '0,33047387', '33'),
(122, 2017, 9, 'N/A', 'N/A'),
(122, 2018, 1, '32', '32'),
(122, 2018, 2, '6,374', '32'),
(122, 2018, 3, '1,649', '2'),
(122, 2018, 4, 'N/A', 'N/A'),
(122, 2018, 5, '0,748', '45'),
(122, 2018, 6, '0,654', '11'),
(122, 2018, 7, '0,171', '28'),
(122, 2018, 8, '0,256', '32'),
(122, 2018, 9, '1,303', '70'),
(122, 2019, 1, '29', '29'),
(122, 2019, 2, '6,374', '29'),
(122, 2019, 3, '1,684', '1'),
(122, 2019, 4, 'N/A', 'N/A'),
(122, 2019, 5, '0,871', '45'),
(122, 2019, 6, '0,555', '21'),
(122, 2019, 7, '0,167', '26'),
(122, 2019, 8, '0,22', '53'),
(122, 2019, 9, '1,313', '70'),
(123, 2015, 1, '86', '86'),
(123, 2015, 2, '5,124', '86'),
(123, 2015, 3, '1,04345', '59'),
(123, 2015, 4, '0,88588', '115'),
(123, 2015, 5, '0,7689', '51'),
(123, 2015, 6, '0,35068', '111'),
(123, 2015, 7, '0,00649', '156'),
(123, 2015, 8, '0,13748', '123'),
(123, 2015, 9, 'N/A', 'N/A'),
(123, 2016, 1, '71', '71'),
(123, 2016, 2, '5,528', '71'),
(123, 2016, 3, '1,1697', '54'),
(123, 2016, 4, '0,72803', '103'),
(123, 2016, 5, '0,67602', '54'),
(123, 2016, 6, '0,36712', '93'),
(123, 2016, 7, '0,00679', '154'),
(123, 2016, 8, '0,12889', '126'),
(123, 2016, 9, 'N/A', 'N/A'),
(123, 2017, 1, '57', '57'),
(123, 2017, 2, '5,824999809', '57'),
(123, 2017, 3, '1,217683911', '51'),
(123, 2017, 4, '1,15009129', '100'),
(123, 2017, 5, '0,685158312', '52'),
(123, 2017, 6, '0,457003742', '66'),
(123, 2017, 7, '0,004387901', '153'),
(123, 2017, 8, '0,133519918', '123'),
(123, 2017, 9, 'N/A', 'N/A'),
(123, 2018, 1, '52', '52'),
(123, 2018, 2, '5,945', '52'),
(123, 2018, 3, '1,116', '51'),
(123, 2018, 4, 'N/A', 'N/A'),
(123, 2018, 5, '0,726', '52'),
(123, 2018, 6, '0,528', '63'),
(123, 2018, 7, '0,001', '154'),
(123, 2018, 8, '0,088', '130'),
(123, 2018, 9, '1,219', '89'),
(123, 2019, 1, '48', '48'),
(123, 2019, 2, '6,07', '48'),
(123, 2019, 3, '1,162', '50'),
(123, 2019, 4, 'N/A', 'N/A'),
(123, 2019, 5, '0,825', '63'),
(123, 2019, 6, '0,462', '58'),
(123, 2019, 7, '0,005', '154'),
(123, 2019, 8, '0,083', '130'),
(123, 2019, 9, '1,232', '86'),
(124, 2015, 1, '64', '64'),
(124, 2015, 2, '5,716', '64'),
(124, 2015, 3, '1,13764', '44'),
(124, 2015, 4, '1,23617', '33'),
(124, 2015, 5, '0,66926', '86'),
(124, 2015, 6, '0,36679', '107'),
(124, 2015, 7, '0,03005', '140'),
(124, 2015, 8, '0,00199', '157'),
(124, 2015, 9, 'N/A', 'N/A'),
(124, 2016, 1, '56', '56'),
(124, 2016, 2, '5,856', '56'),
(124, 2016, 3, '1,23228', '47'),
(124, 2016, 4, '1,05261', '25'),
(124, 2016, 5, '0,58991', '85'),
(124, 2016, 6, '0,32682', '101'),
(124, 2016, 7, '0,03586', '140'),
(124, 2016, 8, '0,02736', '155'),
(124, 2016, 9, 'N/A', 'N/A'),
(124, 2017, 1, '49', '49'),
(124, 2017, 2, '5,962999821', '49'),
(124, 2017, 3, '1,281778097', '46'),
(124, 2017, 4, '1,469282389', '22'),
(124, 2017, 5, '0,547349334', '91'),
(124, 2017, 6, '0,373783112', '101'),
(124, 2017, 7, '0,032962881', '137'),
(124, 2017, 8, '0,052263822', '146'),
(124, 2017, 9, 'N/A', 'N/A'),
(124, 2018, 1, '59', '59'),
(124, 2018, 2, '5,81', '59'),
(124, 2018, 3, '1,151', '46'),
(124, 2018, 4, 'N/A', 'N/A'),
(124, 2018, 5, '0,599', '93'),
(124, 2018, 6, '0,399', '107'),
(124, 2018, 7, '0,025', '144'),
(124, 2018, 8, '0,065', '138'),
(124, 2018, 9, '1,479', '33'),
(124, 2019, 1, '68', '68'),
(124, 2019, 2, '5,648', '68'),
(124, 2019, 3, '1,183', '46'),
(124, 2019, 4, 'N/A', 'N/A'),
(124, 2019, 5, '0,726', '93'),
(124, 2019, 6, '0,334', '108'),
(124, 2019, 7, '0,031', '134'),
(124, 2019, 8, '0,082', '133'),
(124, 2019, 9, '1,452', '40'),
(125, 2015, 1, '154', '154'),
(125, 2015, 2, '3,465', '154'),
(125, 2015, 3, '0,22208', '145'),
(125, 2015, 4, '0,7737', '129'),
(125, 2015, 5, '0,42864', '122'),
(125, 2015, 6, '0,59201', '30'),
(125, 2015, 7, '0,55191', '1'),
(125, 2015, 8, '0,22628', '72'),
(125, 2015, 9, 'N/A', 'N/A'),
(125, 2016, 1, '152', '152'),
(125, 2016, 2, '3,515', '152'),
(125, 2016, 3, '0,32846', '143'),
(125, 2016, 4, '0,61586', '125'),
(125, 2016, 5, '0,31865', '126'),
(125, 2016, 6, '0,5432', '23'),
(125, 2016, 7, '0,50521', '1'),
(125, 2016, 8, '0,23552', '72'),
(125, 2016, 9, 'N/A', 'N/A'),
(125, 2017, 1, '150', '150'),
(125, 2017, 2, '3,470999956', '150'),
(125, 2017, 3, '0,368745893', '138'),
(125, 2017, 4, '0,945707023', '127'),
(125, 2017, 5, '0,326424807', '121'),
(125, 2017, 6, '0,581843853', '19'),
(125, 2017, 7, '0,455220014', '2'),
(125, 2017, 8, '0,252756029', '63'),
(125, 2017, 9, 'N/A', 'N/A'),
(125, 2018, 1, '151', '151'),
(125, 2018, 2, '3,408', '151'),
(125, 2018, 3, '0,332', '140'),
(125, 2018, 4, 'N/A', 'N/A'),
(125, 2018, 5, '0,4', '121'),
(125, 2018, 6, '0,636', '18'),
(125, 2018, 7, '0,444', '2'),
(125, 2018, 8, '0,2', '58'),
(125, 2018, 9, '0,896', '130'),
(125, 2019, 1, '152', '152'),
(125, 2019, 2, '3,334', '152'),
(125, 2019, 3, '0,359', '135'),
(125, 2019, 4, 'N/A', 'N/A'),
(125, 2019, 5, '0,614', '108'),
(125, 2019, 6, '0,555', '21'),
(125, 2019, 7, '0,411', '2'),
(125, 2019, 8, '0,217', '56'),
(125, 2019, 9, '0,711', '145'),
(126, 2015, 1, '35', '35'),
(126, 2015, 2, '6,411', '35'),
(126, 2015, 3, '1,39541', '8'),
(126, 2015, 4, '1,08393', '65'),
(126, 2015, 5, '0,72025', '74'),
(126, 2015, 6, '0,31048', '124'),
(126, 2015, 7, '0,32524', '17'),
(126, 2015, 8, '0,13706', '125'),
(126, 2015, 9, 'N/A', 'N/A'),
(126, 2016, 1, '34', '34'),
(126, 2016, 2, '6,379', '34'),
(126, 2016, 3, '1,48953', '10'),
(126, 2016, 4, '0,84829', '77'),
(126, 2016, 5, '0,59267', '84'),
(126, 2016, 6, '0,37904', '85'),
(126, 2016, 7, '0,30008', '18'),
(126, 2016, 8, '0,15457', '118'),
(126, 2016, 9, 'N/A', 'N/A'),
(126, 2017, 1, '37', '37'),
(126, 2017, 2, '6,343999863', '37'),
(126, 2017, 3, '1,530623555', '10'),
(126, 2017, 4, '1,286677599', '62'),
(126, 2017, 5, '0,59014833', '82'),
(126, 2017, 6, '0,449750572', '71'),
(126, 2017, 7, '0,273432255', '18'),
(126, 2017, 8, '0,147616014', '120'),
(126, 2017, 9, 'N/A', 'N/A'),
(126, 2018, 1, '33', '33'),
(126, 2018, 2, '6,371', '33'),
(126, 2018, 3, '1,379', '11'),
(126, 2018, 4, 'N/A', 'N/A'),
(126, 2018, 5, '0,633', '82'),
(126, 2018, 6, '0,509', '71'),
(126, 2018, 7, '0,127', '48'),
(126, 2018, 8, '0,098', '123'),
(126, 2018, 9, '1,331', '64'),
(126, 2019, 1, '28', '28'),
(126, 2019, 2, '6,375', '28'),
(126, 2019, 3, '1,403', '11'),
(126, 2019, 4, 'N/A', 'N/A'),
(126, 2019, 5, '0,795', '77'),
(126, 2019, 6, '0,439', '68'),
(126, 2019, 7, '0,132', '44'),
(126, 2019, 8, '0,08', '136'),
(126, 2019, 9, '1,357', '62'),
(127, 2015, 1, '142', '142'),
(127, 2015, 2, '3,904', '142'),
(127, 2015, 3, '0,36498', '131'),
(127, 2015, 4, '0,97619', '94'),
(127, 2015, 5, '0,4354', '120'),
(127, 2015, 6, '0,36772', '106'),
(127, 2015, 7, '0,10713', '80'),
(127, 2015, 8, '0,20843', '86'),
(127, 2015, 9, 'N/A', 'N/A'),
(127, 2016, 1, '128', '128'),
(127, 2016, 2, '4,219', '128'),
(127, 2016, 3, '0,44314', '133'),
(127, 2016, 4, '0,77416', '94'),
(127, 2016, 5, '0,40457', '115'),
(127, 2016, 6, '0,31056', '106'),
(127, 2016, 7, '0,11681', '69'),
(127, 2016, 8, '0,19103', '97'),
(127, 2016, 9, 'N/A', 'N/A'),
(127, 2017, 1, '114', '114'),
(127, 2017, 2, '4,534999847', '114'),
(127, 2017, 3, '0,479309022', '130'),
(127, 2017, 4, '1,179691911', '94'),
(127, 2017, 5, '0,409362853', '112'),
(127, 2017, 6, '0,377922267', '99'),
(127, 2017, 7, '0,115460448', '57'),
(127, 2017, 8, '0,183468893', '104'),
(127, 2017, 9, 'N/A', 'N/A'),
(127, 2018, 1, '109', '109'),
(127, 2018, 2, '4,631', '109'),
(127, 2018, 3, '0,429', '132'),
(127, 2018, 4, 'N/A', 'N/A'),
(127, 2018, 5, '0,433', '115'),
(127, 2018, 6, '0,406', '105'),
(127, 2018, 7, '0,082', '76'),
(127, 2018, 8, '0,138', '100'),
(127, 2018, 9, '1,117', '110'),
(127, 2019, 1, '111', '111'),
(127, 2019, 2, '4,681', '111'),
(127, 2019, 3, '0,45', '129'),
(127, 2019, 4, 'N/A', 'N/A'),
(127, 2019, 5, '0,571', '113'),
(127, 2019, 6, '0,292', '122'),
(127, 2019, 7, '0,072', '95'),
(127, 2019, 8, '0,153', '92'),
(127, 2019, 9, '1,134', '107'),
(128, 2015, 1, '87', '87'),
(128, 2015, 2, '5,123', '87'),
(128, 2015, 3, '0,92053', '76'),
(128, 2015, 4, '1,00964', '86'),
(128, 2015, 5, '0,74836', '55'),
(128, 2015, 6, '0,20107', '146'),
(128, 2015, 7, '0,02617', '147'),
(128, 2015, 8, '0,19231', '93'),
(128, 2015, 9, 'N/A', 'N/A'),
(128, 2016, 1, '86', '86'),
(128, 2016, 2, '5,177', '86'),
(128, 2016, 3, '1,03437', '76'),
(128, 2016, 4, '0,81329', '85'),
(128, 2016, 5, '0,6458', '63'),
(128, 2016, 6, '0,15718', '140'),
(128, 2016, 7, '0,04339', '133'),
(128, 2016, 8, '0,20737', '88'),
(128, 2016, 9, 'N/A', 'N/A'),
(128, 2017, 1, '72', '72'),
(128, 2017, 2, '5,394999981', '72'),
(128, 2017, 3, '1,069317579', '76'),
(128, 2017, 4, '1,258189797', '75'),
(128, 2017, 5, '0,650784671', '57'),
(128, 2017, 6, '0,208715528', '137'),
(128, 2017, 7, '0,040903781', '130'),
(128, 2017, 8, '0,220125884', '84'),
(128, 2017, 9, 'N/A', 'N/A'),
(128, 2018, 1, '78', '78'),
(128, 2018, 2, '5,398', '78'),
(128, 2018, 3, '0,975', '75'),
(128, 2018, 4, 'N/A', 'N/A'),
(128, 2018, 5, '0,685', '66'),
(128, 2018, 6, '0,288', '131'),
(128, 2018, 7, '0,043', '123'),
(128, 2018, 8, '0,134', '102'),
(128, 2018, 9, '1,369', '59'),
(128, 2019, 1, '70', '70'),
(128, 2019, 2, '5,603', '70'),
(128, 2019, 3, '1,004', '72'),
(128, 2019, 4, 'N/A', 'N/A'),
(128, 2019, 5, '0,854', '50'),
(128, 2019, 6, '0,282', '125'),
(128, 2019, 7, '0,039', '125'),
(128, 2019, 8, '0,137', '104'),
(128, 2019, 9, '1,383', '57'),
(129, 2015, 1, '123', '123'),
(129, 2015, 2, '4,507', '123'),
(129, 2015, 3, '0,33024', '135'),
(129, 2015, 4, '0,95571', '98'),
(129, 2015, 5, '0', '158'),
(129, 2015, 6, '0,4084', '91'),
(129, 2015, 7, '0,08786', '92'),
(129, 2015, 8, '0,21488', '81'),
(129, 2015, 9, 'N/A', 'N/A'),
(129, 2016, 1, '111', '111'),
(129, 2016, 2, '4,635', '111'),
(129, 2016, 3, '0,36485', '138'),
(129, 2016, 4, '0,628', '122'),
(129, 2016, 5, '0', '157'),
(129, 2016, 6, '0,30685', '108'),
(129, 2016, 7, '0,08196', '98'),
(129, 2016, 8, '0,23897', '69'),
(129, 2016, 9, 'N/A', 'N/A'),
(129, 2017, 1, '105', '105'),
(129, 2017, 2, '4,709000111', '105'),
(129, 2017, 3, '0,368420929', '140'),
(129, 2017, 4, '0,984136045', '122'),
(129, 2017, 5, '0,005564754', '153'),
(129, 2017, 6, '0,318697691', '112'),
(129, 2017, 7, '0,071095176', '96'),
(129, 2017, 8, '0,293040901', '46'),
(129, 2017, 9, 'N/A', 'N/A'),
(129, 2018, 1, '113', '113'),
(129, 2018, 2, '4,571', '113'),
(129, 2018, 3, '0,256', '148'),
(129, 2018, 4, 'N/A', 'N/A'),
(129, 2018, 5, '0', '156'),
(129, 2018, 6, '0,355', '119'),
(129, 2018, 7, '0,053', '112'),
(129, 2018, 8, '0,238', '40'),
(129, 2018, 9, '0,813', '138'),
(129, 2019, 1, '129', '129'),
(129, 2019, 2, '4,374', '129'),
(129, 2019, 3, '0,268', '148'),
(129, 2019, 4, 'N/A', 'N/A'),
(129, 2019, 5, '0,242', '151'),
(129, 2019, 6, '0,309', '117'),
(129, 2019, 7, '0,045', '119'),
(129, 2019, 8, '0,252', '37'),
(129, 2019, 9, '0,841', '136'),
(130, 2015, 1, '24', '24'),
(130, 2015, 2, '6,798', '24'),
(130, 2015, 3, '1,52186', '4'),
(130, 2015, 4, '1,02', '82'),
(130, 2015, 5, '1,02525', '1'),
(130, 2015, 6, '0,54252', '42'),
(130, 2015, 7, '0,4921', '3'),
(130, 2015, 8, '0,31105', '40'),
(130, 2015, 9, 'N/A', 'N/A'),
(130, 2016, 1, '22', '22'),
(130, 2016, 2, '6,739', '22'),
(130, 2016, 3, '1,64555', '3'),
(130, 2016, 4, '0,86758', '73'),
(130, 2016, 5, '0,94719', '2'),
(130, 2016, 6, '0,4877', '38'),
(130, 2016, 7, '0,46987', '3'),
(130, 2016, 8, '0,32706', '33'),
(130, 2016, 9, 'N/A', 'N/A'),
(130, 2017, 1, '26', '26'),
(130, 2017, 2, '6,572000027', '26'),
(130, 2017, 3, '1,69227767', '3'),
(130, 2017, 4, '1,353814363', '56'),
(130, 2017, 5, '0,949492395', '1'),
(130, 2017, 6, '0,549840569', '32'),
(130, 2017, 7, '0,464307785', '1'),
(130, 2017, 8, '0,345965981', '30'),
(130, 2017, 9, 'N/A', 'N/A'),
(130, 2018, 1, '34', '34'),
(130, 2018, 2, '6,343', '34'),
(130, 2018, 3, '1,529', '4'),
(130, 2018, 4, 'N/A', 'N/A'),
(130, 2018, 5, '1,008', '2'),
(130, 2018, 6, '0,631', '22'),
(130, 2018, 7, '0,457', '1'),
(130, 2018, 8, '0,261', '30'),
(130, 2018, 9, '1,451', '44'),
(130, 2019, 1, '34', '34'),
(130, 2019, 2, '6,262', '34'),
(130, 2019, 3, '1,572', '3'),
(130, 2019, 4, 'N/A', 'N/A'),
(130, 2019, 5, '1,141', '1'),
(130, 2019, 6, '0,556', '20'),
(130, 2019, 7, '0,453', '1'),
(130, 2019, 8, '0,271', '22'),
(130, 2019, 9, '1,463', '36'),
(131, 2015, 1, '45', '45'),
(131, 2015, 2, '5,995', '45'),
(131, 2015, 3, '1,16891', '39'),
(131, 2015, 4, '1,26999', '23'),
(131, 2015, 5, '0,78902', '46'),
(131, 2015, 6, '0,31751', '123'),
(131, 2015, 7, '0,03431', '137'),
(131, 2015, 8, '0,16893', '111'),
(131, 2015, 9, 'N/A', 'N/A'),
(131, 2016, 1, '45', '45'),
(131, 2016, 2, '6,078', '45'),
(131, 2016, 3, '1,27973', '39'),
(131, 2016, 4, '1,08268', '19'),
(131, 2016, 5, '0,70367', '47'),
(131, 2016, 6, '0,23391', '127'),
(131, 2016, 7, '0,02947', '145'),
(131, 2016, 8, '0,13837', '124'),
(131, 2016, 9, 'N/A', 'N/A'),
(131, 2017, 1, '40', '40'),
(131, 2017, 2, '6,09800005', '40'),
(131, 2017, 3, '1,325393558', '37'),
(131, 2017, 4, '1,505059242', '12'),
(131, 2017, 5, '0,712732911', '40'),
(131, 2017, 6, '0,295817465', '117'),
(131, 2017, 7, '0,024210852', '144'),
(131, 2017, 8, '0,136544481', '122'),
(131, 2017, 9, 'N/A', 'N/A'),
(131, 2018, 1, '39', '39'),
(131, 2018, 2, '6,173', '39'),
(131, 2018, 3, '1,21', '38'),
(131, 2018, 4, 'N/A', 'N/A'),
(131, 2018, 5, '0,776', '40'),
(131, 2018, 6, '0,354', '120'),
(131, 2018, 7, '0,014', '150'),
(131, 2018, 8, '0,118', '112'),
(131, 2018, 9, '1,537', '12'),
(131, 2019, 1, '38', '38'),
(131, 2019, 2, '6,198', '38'),
(131, 2019, 3, '1,246', '37'),
(131, 2019, 4, 'N/A', 'N/A'),
(131, 2019, 5, '0,881', '40'),
(131, 2019, 6, '0,334', '108'),
(131, 2019, 7, '0,014', '150'),
(131, 2019, 8, '0,121', '110'),
(131, 2019, 9, '1,504', '21'),
(132, 2015, 1, '55', '55'),
(132, 2015, 2, '5,848', '55'),
(132, 2015, 3, '1,18498', '37'),
(132, 2015, 4, '1,27385', '22'),
(132, 2015, 5, '0,87337', '31'),
(132, 2015, 6, '0,60855', '22'),
(132, 2015, 7, '0,03787', '136'),
(132, 2015, 8, '0,25328', '57'),
(132, 2015, 9, 'N/A', 'N/A'),
(132, 2016, 1, '63', '63'),
(132, 2016, 2, '5,768', '63'),
(132, 2016, 3, '1,29947', '38'),
(132, 2016, 4, '1,05613', '24'),
(132, 2016, 5, '0,79151', '32'),
(132, 2016, 6, '0,53164', '26'),
(132, 2016, 7, '0,03635', '138'),
(132, 2016, 8, '0,25738', '58'),
(132, 2016, 9, 'N/A', 'N/A'),
(132, 2017, 1, '62', '62'),
(132, 2017, 2, '5,757999897', '62'),
(132, 2017, 3, '1,341205955', '36'),
(132, 2017, 4, '1,452518821', '26'),
(132, 2017, 5, '0,790828228', '31'),
(132, 2017, 6, '0,572575808', '24'),
(132, 2017, 7, '0,045128979', '125'),
(132, 2017, 8, '0,242649093', '71'),
(132, 2017, 9, 'N/A', 'N/A'),
(132, 2018, 1, '51', '51'),
(132, 2018, 2, '5,948', '51'),
(132, 2018, 3, '1,219', '37'),
(132, 2018, 4, 'N/A', 'N/A'),
(132, 2018, 5, '0,856', '31'),
(132, 2018, 6, '0,633', '19'),
(132, 2018, 7, '0,051', '117'),
(132, 2018, 8, '0,16', '86'),
(132, 2018, 9, '1,506', '23'),
(132, 2019, 1, '44', '44'),
(132, 2019, 2, '6,118', '44'),
(132, 2019, 3, '1,258', '36'),
(132, 2019, 4, 'N/A', 'N/A'),
(132, 2019, 5, '0,953', '31'),
(132, 2019, 6, '0,564', '12'),
(132, 2019, 7, '0,057', '104'),
(132, 2019, 8, '0,144', '100'),
(132, 2019, 9, '1,523', '14'),
(133, 2016, 1, '76', '76'),
(133, 2016, 2, '5,44', '76'),
(133, 2016, 3, '0', '157'),
(133, 2016, 4, '0,33613', '144'),
(133, 2016, 5, '0,11466', '152'),
(133, 2016, 6, '0,56778', '11'),
(133, 2016, 7, '0,3118', '17'),
(133, 2016, 8, '0,27225', '52'),
(133, 2016, 9, 'N/A', 'N/A'),
(133, 2017, 1, '92', '92'),
(133, 2017, 2, '5,151000023', '92'),
(133, 2017, 3, '0,022643184', '153'),
(133, 2017, 4, '0,721151352', '142'),
(133, 2017, 5, '0,113989137', '146'),
(133, 2017, 6, '0,602126956', '13'),
(133, 2017, 7, '0,282410324', '16'),
(133, 2017, 8, '0,291631311', '47'),
(133, 2017, 9, 'N/A', 'N/A'),
(133, 2018, 1, '98', '98'),
(133, 2018, 2, '4,982', '98'),
(133, 2018, 3, '0', '156'),
(133, 2018, 4, 'N/A', 'N/A'),
(133, 2018, 5, '0,115', '150'),
(133, 2018, 6, '0,674', '7'),
(133, 2018, 7, '0,282', '16'),
(133, 2018, 8, '0,238', '40'),
(133, 2018, 9, '0,712', '147'),
(133, 2019, 1, '112', '112'),
(133, 2019, 2, '4,668', '112'),
(133, 2019, 3, '0', '156'),
(133, 2019, 4, 'N/A', 'N/A'),
(133, 2019, 5, '0,268', '149'),
(133, 2019, 6, '0,559', '14'),
(133, 2019, 7, '0,27', '16'),
(133, 2019, 8, '0,243', '46'),
(133, 2019, 9, '0,698', '146'),
(134, 2015, 1, '91', '91'),
(134, 2015, 2, '5,057', '91'),
(134, 2015, 3, '0,18847', '150'),
(134, 2015, 4, '0,95152', '100'),
(134, 2015, 5, '0,43873', '119'),
(134, 2015, 6, '0,46582', '69'),
(134, 2015, 7, '0,39928', '9'),
(134, 2015, 8, '0,50318', '6'),
(134, 2015, 9, 'N/A', 'N/A'),
(134, 2016, 1, '97', '97'),
(134, 2016, 2, '5,057', '97'),
(134, 2016, 3, '0,25558', '150'),
(134, 2016, 4, '0,75862', '97'),
(134, 2016, 5, '0,33108', '125'),
(134, 2016, 6, '0,3913', '81'),
(134, 2016, 7, '0,36794', '9'),
(134, 2016, 8, '0,51479', '5'),
(134, 2016, 9, 'N/A', 'N/A'),
(135, 2015, 1, '113', '113'),
(135, 2015, 2, '4,642', '113'),
(135, 2015, 3, '0,92049', '77'),
(135, 2015, 4, '1,18468', '47'),
(135, 2015, 5, '0,27688', '141'),
(135, 2015, 6, '0,33207', '117'),
(135, 2015, 7, '0,08884', '90'),
(135, 2015, 8, '0,11973', '131'),
(135, 2015, 9, 'N/A', 'N/A'),
(135, 2016, 1, '116', '116'),
(135, 2016, 2, '4,459', '116'),
(135, 2016, 3, '1,02416', '80'),
(135, 2016, 4, '0,96053', '49'),
(135, 2016, 5, '0,18611', '145'),
(135, 2016, 6, '0,42483', '64'),
(135, 2016, 7, '0,08415', '95'),
(135, 2016, 8, '0,13656', '125'),
(135, 2016, 9, 'N/A', 'N/A'),
(135, 2017, 1, '100', '100'),
(135, 2017, 2, '4,828999996', '100'),
(135, 2017, 3, '1,054698706', '78'),
(135, 2017, 4, '1,384788632', '47'),
(135, 2017, 5, '0,18708007', '140'),
(135, 2017, 6, '0,479246736', '52'),
(135, 2017, 7, '0,072509497', '95'),
(135, 2017, 8, '0,13936238', '121'),
(135, 2017, 9, 'N/A', 'N/A'),
(135, 2018, 1, '105', '105'),
(135, 2018, 2, '4,724', '105'),
(135, 2018, 3, '0,94', '79'),
(135, 2018, 4, 'N/A', 'N/A'),
(135, 2018, 5, '0,33', '128'),
(135, 2018, 6, '0,516', '69'),
(135, 2018, 7, '0,056', '107'),
(135, 2018, 8, '0,103', '120'),
(135, 2018, 9, '1,41', '55'),
(135, 2019, 1, '106', '106'),
(135, 2019, 2, '4,722', '106'),
(135, 2019, 3, '0,96', '78'),
(135, 2019, 4, 'N/A', 'N/A'),
(135, 2019, 5, '0,469', '128'),
(135, 2019, 6, '0,389', '86'),
(135, 2019, 7, '0,055', '108'),
(135, 2019, 8, '0,13', '107'),
(135, 2019, 9, '1,351', '63'),
(136, 2015, 1, '47', '47'),
(136, 2015, 2, '5,984', '47'),
(136, 2015, 3, '1,24461', '30'),
(136, 2015, 4, '0,95774', '97'),
(136, 2015, 5, '0,96538', '4'),
(136, 2015, 6, '0,33208', '116'),
(136, 2015, 7, '0,07857', '103'),
(136, 2015, 8, '0,18557', '97'),
(136, 2015, 9, 'N/A', 'N/A'),
(136, 2016, 1, '57', '57'),
(136, 2016, 2, '5,835', '57'),
(136, 2016, 3, '1,35948', '28'),
(136, 2016, 4, '0,72194', '105'),
(136, 2016, 5, '0,88645', '4'),
(136, 2016, 6, '0,25168', '122'),
(136, 2016, 7, '0,07716', '103'),
(136, 2016, 8, '0,18824', '98'),
(136, 2016, 9, 'N/A', 'N/A'),
(136, 2017, 1, '55', '55'),
(136, 2017, 2, '5,837999821', '55'),
(136, 2017, 3, '1,401678443', '27'),
(136, 2017, 4, '1,128274441', '107'),
(136, 2017, 5, '0,900214076', '3'),
(136, 2017, 6, '0,257921666', '126'),
(136, 2017, 7, '0,063282669', '107'),
(136, 2017, 8, '0,206674367', '91'),
(136, 2017, 9, 'N/A', 'N/A'),
(136, 2018, 1, '57', '57'),
(136, 2018, 2, '5,875', '57'),
(136, 2018, 3, '1,266', '29'),
(136, 2018, 4, 'N/A', 'N/A'),
(136, 2018, 5, '0,955', '5'),
(136, 2018, 6, '0,244', '140'),
(136, 2018, 7, '0,051', '117'),
(136, 2018, 8, '0,175', '76'),
(136, 2018, 9, '1,204', '95'),
(136, 2019, 1, '54', '54'),
(136, 2019, 2, '5,895', '54'),
(136, 2019, 3, '1,301', '28'),
(136, 2019, 4, 'N/A', 'N/A'),
(136, 2019, 5, '1,036', '11'),
(136, 2019, 6, '0,159', '145'),
(136, 2019, 7, '0,056', '105'),
(136, 2019, 8, '0,175', '82'),
(136, 2019, 9, '1,219', '92'),
(137, 2016, 1, '143', '143'),
(137, 2016, 2, '3,832', '143'),
(137, 2016, 3, '0,39394', '136'),
(137, 2016, 4, '0,18519', '152'),
(137, 2016, 5, '0,15781', '149'),
(137, 2016, 6, '0,19662', '134'),
(137, 2016, 7, '0,13015', '59'),
(137, 2016, 8, '0,25899', '57'),
(137, 2016, 9, 'N/A', 'N/A'),
(137, 2017, 1, '146', '146'),
(137, 2017, 2, '3,59100008', '146'),
(137, 2017, 3, '0,397248626', '135'),
(137, 2017, 4, '0,601323128', '147'),
(137, 2017, 5, '0,163486004', '143'),
(137, 2017, 6, '0,147062436', '145'),
(137, 2017, 7, '0,116793513', '56'),
(137, 2017, 8, '0,285670817', '50'),
(137, 2017, 9, 'N/A', 'N/A'),
(137, 2018, 1, '154', '154'),
(137, 2018, 2, '3,254', '154'),
(137, 2018, 3, '0,337', '139'),
(137, 2018, 4, 'N/A', 'N/A'),
(137, 2018, 5, '0,177', '146'),
(137, 2018, 6, '0,112', '149'),
(137, 2018, 7, '0,106', '56'),
(137, 2018, 8, '0,224', '43'),
(137, 2018, 9, '0,608', '149'),
(137, 2019, 1, '156', '156'),
(137, 2019, 2, '2,853', '156'),
(137, 2019, 3, '0,306', '143'),
(137, 2019, 4, 'N/A', 'N/A'),
(137, 2019, 5, '0,295', '148'),
(137, 2019, 6, '0,01', '155'),
(137, 2019, 7, '0,091', '68'),
(137, 2019, 8, '0,202', '62'),
(137, 2019, 9, '0,575', '149'),
(138, 2015, 1, '36', '36'),
(138, 2015, 2, '6,329', '36'),
(138, 2015, 3, '1,23011', '31'),
(138, 2015, 4, '1,31379', '10'),
(138, 2015, 5, '0,95562', '5'),
(138, 2015, 6, '0,45951', '72'),
(138, 2015, 7, '0,06398', '114'),
(138, 2015, 8, '0,18227', '103'),
(138, 2015, 9, 'N/A', 'N/A'),
(138, 2016, 1, '37', '37'),
(138, 2016, 2, '6,361', '37'),
(138, 2016, 3, '1,34253', '31'),
(138, 2016, 4, '1,12945', '8'),
(138, 2016, 5, '0,87896', '5'),
(138, 2016, 6, '0,37545', '88'),
(138, 2016, 7, '0,06137', '117'),
(138, 2016, 8, '0,17665', '106'),
(138, 2016, 9, 'N/A', 'N/A'),
(138, 2017, 1, '34', '34'),
(138, 2017, 2, '6,402999878', '34'),
(138, 2017, 3, '1,384397864', '29'),
(138, 2017, 4, '1,532090902', '8'),
(138, 2017, 5, '0,8889606', '4'),
(138, 2017, 6, '0,40878123', '88'),
(138, 2017, 7, '0,070914097', '98'),
(138, 2017, 8, '0,190133572', '101'),
(138, 2017, 9, 'N/A', 'N/A'),
(138, 2018, 1, '36', '36'),
(138, 2018, 2, '6,31', '36'),
(138, 2018, 3, '1,251', '31'),
(138, 2018, 4, 'N/A', 'N/A'),
(138, 2018, 5, '0,965', '4'),
(138, 2018, 6, '0,449', '93'),
(138, 2018, 7, '0,074', '89'),
(138, 2018, 8, '0,142', '97'),
(138, 2018, 9, '1,538', '11'),
(138, 2019, 1, '30', '30'),
(138, 2019, 2, '6,354', '30'),
(138, 2019, 3, '1,286', '31'),
(138, 2019, 4, 'N/A', 'N/A'),
(138, 2019, 5, '1,062', '4'),
(138, 2019, 6, '0,362', '96'),
(138, 2019, 7, '0,079', '85'),
(138, 2019, 8, '0,153', '92'),
(138, 2019, 9, '1,484', '26'),
(139, 2015, 1, '132', '132'),
(139, 2015, 2, '4,271', '132'),
(139, 2015, 3, '0,83524', '88'),
(139, 2015, 4, '1,01905', '83'),
(139, 2015, 5, '0,70806', '76'),
(139, 2015, 6, '0,53726', '45'),
(139, 2015, 7, '0,09179', '89'),
(139, 2015, 8, '0,40828', '17'),
(139, 2015, 9, 'N/A', 'N/A'),
(139, 2016, 1, '117', '117'),
(139, 2016, 2, '4,415', '117'),
(139, 2016, 3, '0,97318', '86'),
(139, 2016, 4, '0,84783', '78'),
(139, 2016, 5, '0,62007', '74'),
(139, 2016, 6, '0,50817', '33'),
(139, 2016, 7, '0,07964', '101'),
(139, 2016, 8, '0,46978', '14'),
(139, 2016, 9, 'N/A', 'N/A'),
(139, 2017, 1, '119', '119'),
(139, 2017, 2, '4,440000057', '119'),
(139, 2017, 3, '1,009850144', '81'),
(139, 2017, 4, '1,259976387', '73'),
(139, 2017, 5, '0,625130832', '71'),
(139, 2017, 6, '0,561213255', '28'),
(139, 2017, 7, '0,073653966', '91'),
(139, 2017, 8, '0,490863562', '8'),
(139, 2017, 9, 'N/A', 'N/A'),
(139, 2018, 1, '116', '116'),
(139, 2018, 2, '4,471', '116'),
(139, 2018, 3, '0,918', '81'),
(139, 2018, 4, 'N/A', 'N/A'),
(139, 2018, 5, '0,672', '71'),
(139, 2018, 6, '0,585', '35'),
(139, 2018, 7, '0,05', '119'),
(139, 2018, 8, '0,307', '17'),
(139, 2018, 9, '1,314', '68'),
(139, 2019, 1, '130', '130'),
(139, 2019, 2, '4,366', '130'),
(139, 2019, 3, '0,949', '81'),
(139, 2019, 4, 'N/A', 'N/A'),
(139, 2019, 5, '0,831', '57'),
(139, 2019, 6, '0,47', '56'),
(139, 2019, 7, '0,047', '117'),
(139, 2019, 8, '0,244', '43'),
(139, 2019, 9, '1,265', '81'),
(140, 2015, 1, '118', '118'),
(140, 2015, 2, '4,55', '118'),
(140, 2015, 3, '0,52107', '120'),
(140, 2015, 4, '1,01404', '85'),
(140, 2015, 5, '0,36878', '128'),
(140, 2015, 6, '0,10081', '155'),
(140, 2015, 7, '0,1466', '55'),
(140, 2015, 8, '0,19062', '94'),
(140, 2015, 9, 'N/A', 'N/A'),
(140, 2016, 1, '133', '133'),
(140, 2016, 2, '4,139', '133'),
(140, 2016, 3, '0,63069', '120'),
(140, 2016, 4, '0,81928', '83'),
(140, 2016, 5, '0,29759', '130'),
(140, 2016, 6, '0', '157'),
(140, 2016, 7, '0,10039', '83'),
(140, 2016, 8, '0,18077', '103'),
(140, 2016, 9, 'N/A', 'N/A'),
(140, 2017, 1, '129', '129'),
(140, 2017, 2, '4,138999939', '129'),
(140, 2017, 3, '0,659516692', '116'),
(140, 2017, 4, '1,21400857', '87'),
(140, 2017, 5, '0,290920824', '126'),
(140, 2017, 6, '0,014995855', '153'),
(140, 2017, 7, '0,08984752', '77'),
(140, 2017, 8, '0,182317451', '106'),
(140, 2017, 9, 'N/A', 'N/A'),
(140, 2018, 1, '137', '137'),
(140, 2018, 2, '4,139', '137'),
(140, 2018, 3, '0,605', '118'),
(140, 2018, 4, 'N/A', 'N/A'),
(140, 2018, 5, '0,312', '129'),
(140, 2018, 6, '0,016', '155'),
(140, 2018, 7, '0,082', '76'),
(140, 2018, 8, '0,134', '102'),
(140, 2018, 9, '1,24', '82'),
(141, 2015, 1, '40', '40'),
(141, 2015, 2, '6,269', '40'),
(141, 2015, 3, '0,99534', '67'),
(141, 2015, 4, '0,972', '96'),
(141, 2015, 5, '0,6082', '102'),
(141, 2015, 6, '0,59657', '25'),
(141, 2015, 7, '0,13633', '62'),
(141, 2015, 8, '0,16991', '109'),
(141, 2015, 9, 'N/A', 'N/A'),
(141, 2016, 1, '40', '40'),
(141, 2016, 2, '6,269', '40'),
(141, 2016, 3, '1,09686', '66'),
(141, 2016, 4, '0,77866', '92'),
(141, 2016, 5, '0,50933', '104'),
(141, 2016, 6, '0,52234', '28'),
(141, 2016, 7, '0,12692', '61'),
(141, 2016, 8, '0,16665', '114'),
(141, 2016, 9, 'N/A', 'N/A'),
(142, 2015, 1, '101', '101'),
(142, 2015, 2, '4,867', '101'),
(142, 2015, 3, '0,71206', '103'),
(142, 2015, 4, '1,07284', '70'),
(142, 2015, 5, '0,07566', '155'),
(142, 2015, 6, '0,30658', '125'),
(142, 2015, 7, '0,0306', '139'),
(142, 2015, 8, '0,18259', '102'),
(142, 2015, 9, 'N/A', 'N/A'),
(142, 2019, 1, '135', '135'),
(142, 2019, 2, '4,212', '135'),
(142, 2019, 3, '0,811', '98'),
(142, 2019, 4, 'N/A', 'N/A'),
(142, 2019, 5, '0', '156'),
(142, 2019, 6, '0,313', '114'),
(142, 2019, 7, '0,135', '43'),
(142, 2019, 8, '0,074', '139'),
(142, 2019, 9, '1,149', '104'),
(143, 2015, 1, '8', '8'),
(143, 2015, 2, '7,364', '8'),
(143, 2015, 3, '1,33171', '15'),
(143, 2015, 4, '1,28907', '17'),
(143, 2015, 5, '0,91087', '15'),
(143, 2015, 6, '0,6598', '4'),
(143, 2015, 7, '0,43844', '5'),
(143, 2015, 8, '0,36262', '25'),
(143, 2015, 9, 'N/A', 'N/A'),
(143, 2016, 1, '10', '10'),
(143, 2016, 2, '7,291', '10'),
(143, 2016, 3, '1,45181', '13'),
(143, 2016, 4, '1,08764', '16'),
(143, 2016, 5, '0,83121', '15'),
(143, 2016, 6, '0,58218', '5'),
(143, 2016, 7, '0,40867', '8'),
(143, 2016, 8, '0,38254', '25'),
(143, 2016, 9, 'N/A', 'N/A'),
(143, 2017, 1, '9', '9'),
(143, 2017, 2, '7,28399992', '9'),
(143, 2017, 3, '1,494387269', '12'),
(143, 2017, 4, '1,478162169', '18'),
(143, 2017, 5, '0,830875158', '15'),
(143, 2017, 6, '0,612924099', '9'),
(143, 2017, 7, '0,384398729', '5'),
(143, 2017, 8, '0,385399252', '24'),
(143, 2017, 9, 'N/A', 'N/A'),
(143, 2018, 1, '9', '9'),
(143, 2018, 2, '7,314', '9'),
(143, 2018, 3, '1,355', '14'),
(143, 2018, 4, 'N/A', 'N/A'),
(143, 2018, 5, '0,913', '9'),
(143, 2018, 6, '0,659', '10'),
(143, 2018, 7, '0,383', '6'),
(143, 2018, 8, '0,285', '22'),
(143, 2018, 9, '1,501', '25'),
(143, 2019, 1, '7', '7'),
(143, 2019, 2, '7,343', '7'),
(143, 2019, 3, '1,387', '13'),
(143, 2019, 4, 'N/A', 'N/A'),
(143, 2019, 5, '1,009', '19'),
(143, 2019, 6, '0,574', '10'),
(143, 2019, 7, '0,373', '6'),
(143, 2019, 8, '0,267', '26'),
(143, 2019, 9, '1,487', '24'),
(144, 2015, 1, '1', '1'),
(144, 2015, 2, '7,587', '1'),
(144, 2015, 3, '1,39651', '7'),
(144, 2015, 4, '1,34951', '4'),
(144, 2015, 5, '0,94143', '9'),
(144, 2015, 6, '0,66557', '2'),
(144, 2015, 7, '0,41978', '7'),
(144, 2015, 8, '0,29678', '43'),
(144, 2015, 9, 'N/A', 'N/A'),
(144, 2016, 1, '2', '2'),
(144, 2016, 2, '7,509', '2'),
(144, 2016, 3, '1,52733', '7'),
(144, 2016, 4, '1,14524', '6'),
(144, 2016, 5, '0,86303', '7'),
(144, 2016, 6, '0,58557', '4'),
(144, 2016, 7, '0,41203', '6'),
(144, 2016, 8, '0,28083', '48'),
(144, 2016, 9, 'N/A', 'N/A'),
(144, 2017, 1, '4', '4'),
(144, 2017, 2, '7,493999958', '4'),
(144, 2017, 3, '1,564979553', '7'),
(144, 2017, 4, '1,516911745', '9'),
(144, 2017, 5, '0,858131289', '5'),
(144, 2017, 6, '0,620070577', '6'),
(144, 2017, 7, '0,367007285', '8'),
(144, 2017, 8, '0,290549278', '48'),
(144, 2017, 9, 'N/A', 'N/A'),
(144, 2018, 1, '5', '5'),
(144, 2018, 2, '7,487', '5'),
(144, 2018, 3, '1,42', '8'),
(144, 2018, 4, 'N/A', 'N/A'),
(144, 2018, 5, '0,927', '7'),
(144, 2018, 6, '0,66', '9'),
(144, 2018, 7, '0,357', '7'),
(144, 2018, 8, '0,256', '32'),
(144, 2018, 9, '1,549', '10'),
(144, 2019, 1, '6', '6'),
(144, 2019, 2, '7,48', '6'),
(144, 2019, 3, '1,452', '8'),
(144, 2019, 4, 'N/A', 'N/A'),
(144, 2019, 5, '1,052', '5'),
(144, 2019, 6, '0,572', '11'),
(144, 2019, 7, '0,343', '7'),
(144, 2019, 8, '0,263', '28'),
(144, 2019, 9, '1,526', '13'),
(145, 2015, 1, '156', '156'),
(145, 2015, 2, '3,006', '156'),
(145, 2015, 3, '0,6632', '107'),
(145, 2015, 4, '0,47489', '147'),
(145, 2015, 5, '0,72193', '72'),
(145, 2015, 6, '0,15684', '151'),
(145, 2015, 7, '0,18906', '37'),
(145, 2015, 8, '0,47179', '10'),
(145, 2015, 9, 'N/A', 'N/A'),
(145, 2016, 1, '156', '156'),
(145, 2016, 2, '3,069', '156'),
(145, 2016, 3, '0,74719', '109'),
(145, 2016, 4, '0,14866', '153'),
(145, 2016, 5, '0,62994', '71'),
(145, 2016, 6, '0,06912', '153'),
(145, 2016, 7, '0,17233', '42'),
(145, 2016, 8, '0,48397', '9'),
(145, 2016, 9, 'N/A', 'N/A'),
(145, 2017, 1, '151', '151'),
(145, 2017, 2, '3,461999893', '151'),
(145, 2017, 3, '0,777153134', '109'),
(145, 2017, 4, '0,396102607', '153'),
(145, 2017, 5, '0,500533342', '102'),
(145, 2017, 6, '0,081539445', '150'),
(145, 2017, 7, '0,151347131', '40'),
(145, 2017, 8, '0,493663728', '6'),
(145, 2017, 9, 'N/A', 'N/A'),
(145, 2018, 1, '150', '150'),
(145, 2018, 2, '3,462', '150'),
(145, 2018, 3, '0,689', '109'),
(145, 2018, 4, 'N/A', 'N/A'),
(145, 2018, 5, '0,539', '102'),
(145, 2018, 6, '0,088', '150'),
(145, 2018, 7, '0,144', '37'),
(145, 2018, 8, '0,376', '4'),
(145, 2018, 9, '0,382', '154'),
(145, 2019, 1, '149', '149'),
(145, 2019, 2, '3,462', '149'),
(145, 2019, 3, '0,619', '116'),
(145, 2019, 4, 'N/A', 'N/A'),
(145, 2019, 5, '0,44', '133'),
(145, 2019, 6, '0,013', '154'),
(145, 2019, 7, '0,141', '40'),
(145, 2019, 8, '0,331', '11'),
(145, 2019, 9, '0,378', '155'),
(146, 2015, 1, '38', '38'),
(146, 2015, 2, '6,298', '38'),
(146, 2015, 3, '1,29098', '23'),
(146, 2015, 4, '1,07617', '69'),
(146, 2015, 5, '0,8753', '28'),
(146, 2015, 6, '0,3974', '99'),
(146, 2015, 7, '0,08129', '99'),
(146, 2015, 8, '0,25376', '56'),
(146, 2015, 9, 'N/A', 'N/A'),
(146, 2016, 1, '34', '34'),
(146, 2016, 2, '6,379', '34'),
(146, 2016, 3, '1,39729', '24'),
(146, 2016, 4, '0,92624', '57'),
(146, 2016, 5, '0,79565', '29'),
(146, 2016, 6, '0,32377', '103'),
(146, 2016, 7, '0,0663', '114'),
(146, 2016, 8, '0,25495', '59'),
(146, 2016, 9, 'N/A', 'N/A'),
(146, 2018, 1, '26', '26'),
(146, 2018, 2, '6,441', '26'),
(146, 2018, 3, '1,365', '12'),
(146, 2018, 4, 'N/A', 'N/A'),
(146, 2018, 5, '0,857', '30'),
(146, 2018, 6, '0,418', '103'),
(146, 2018, 7, '0,078', '84'),
(146, 2018, 8, '0,151', '90'),
(146, 2018, 9, '1,436', '49'),
(146, 2019, 1, '25', '25'),
(146, 2019, 2, '6,446', '25'),
(146, 2019, 3, '1,368', '19'),
(146, 2019, 4, 'N/A', 'N/A'),
(146, 2019, 5, '0,914', '34'),
(146, 2019, 6, '0,351', '102'),
(146, 2019, 7, '0,097', '62'),
(146, 2019, 8, '0,242', '47'),
(146, 2019, 9, '1,43', '48'),
(147, 2017, 1, '33', '33'),
(147, 2017, 2, '6,421999931', '33'),
(147, 2017, 3, '1,433626533', '23'),
(147, 2017, 4, '1,384565353', '48'),
(147, 2017, 5, '0,793984234', '29'),
(147, 2017, 6, '0,361466587', '103'),
(147, 2017, 7, '0,063829236', '106'),
(147, 2017, 8, '0,258360475', '60'),
(147, 2017, 9, 'N/A', 'N/A'),
(148, 2015, 1, '106', '106'),
(148, 2015, 2, '4,786', '106'),
(148, 2015, 3, '0,39047', '129'),
(148, 2015, 4, '0,85563', '119'),
(148, 2015, 5, '0,57379', '109'),
(148, 2015, 6, '0,47216', '66'),
(148, 2015, 7, '0,15072', '53'),
(148, 2015, 8, '0,22974', '69'),
(148, 2015, 9, 'N/A', 'N/A'),
(148, 2016, 1, '100', '100'),
(148, 2016, 2, '4,996', '100'),
(148, 2016, 3, '0,48835', '130'),
(148, 2016, 4, '0,75602', '99'),
(148, 2016, 5, '0,53119', '97'),
(148, 2016, 6, '0,43408', '59'),
(148, 2016, 7, '0,13509', '57'),
(148, 2016, 8, '0,25998', '56'),
(148, 2016, 9, 'N/A', 'N/A'),
(148, 2017, 1, '95', '95'),
(148, 2017, 2, '5,040999889', '95'),
(148, 2017, 3, '0,524713635', '126'),
(148, 2017, 4, '1,271463275', '71'),
(148, 2017, 5, '0,529235125', '96'),
(148, 2017, 6, '0,471566707', '59'),
(148, 2017, 7, '0,146377146', '41'),
(148, 2017, 8, '0,248997644', '67'),
(148, 2017, 9, 'N/A', 'N/A'),
(148, 2018, 1, '88', '88'),
(148, 2018, 2, '5,199', '88'),
(148, 2018, 3, '0,474', '128'),
(148, 2018, 4, 'N/A', 'N/A'),
(148, 2018, 5, '0,598', '94'),
(148, 2018, 6, '0,292', '130'),
(148, 2018, 7, '0,034', '132'),
(148, 2018, 8, '0,187', '66'),
(148, 2018, 9, '1,166', '102'),
(148, 2019, 1, '74', '74'),
(148, 2019, 2, '5,467', '74'),
(148, 2019, 3, '0,493', '126'),
(148, 2019, 4, 'N/A', 'N/A'),
(148, 2019, 5, '0,718', '96'),
(148, 2019, 6, '0,389', '86'),
(148, 2019, 7, '0,144', '37'),
(148, 2019, 8, '0,23', '52'),
(148, 2019, 9, '1,098', '114'),
(149, 2015, 1, '146', '146'),
(149, 2015, 2, '3,781', '146'),
(149, 2015, 3, '0,2852', '138'),
(149, 2015, 4, '1,00268', '87'),
(149, 2015, 5, '0,38215', '127'),
(149, 2015, 6, '0,32878', '118'),
(149, 2015, 7, '0,05747', '125'),
(149, 2015, 8, '0,34377', '27'),
(149, 2015, 9, 'N/A', 'N/A'),
(149, 2016, 1, '149', '149'),
(149, 2016, 2, '3,666', '149'),
(149, 2016, 3, '0,47155', '131'),
(149, 2016, 4, '0,77623', '93'),
(149, 2016, 5, '0,357', '120'),
(149, 2016, 6, '0,3176', '105'),
(149, 2016, 7, '0,05099', '128'),
(149, 2016, 8, '0,31472', '38'),
(149, 2016, 9, 'N/A', 'N/A'),
(149, 2017, 1, '152', '152'),
(149, 2017, 2, '3,348999977', '152'),
(149, 2017, 3, '0,511135876', '128'),
(149, 2017, 4, '1,041989803', '116'),
(149, 2017, 5, '0,364509284', '116'),
(149, 2017, 6, '0,390017778', '96'),
(149, 2017, 7, '0,066035107', '102'),
(149, 2017, 8, '0,354256362', '29'),
(149, 2017, 9, 'N/A', 'N/A'),
(149, 2018, 1, '153', '153'),
(149, 2018, 2, '3,303', '153'),
(149, 2018, 3, '0,455', '130'),
(149, 2018, 4, 'N/A', 'N/A'),
(149, 2018, 5, '0,381', '123'),
(149, 2018, 6, '0,481', '79'),
(149, 2018, 7, '0,097', '67'),
(149, 2018, 8, '0,27', '28'),
(149, 2018, 9, '0,991', '122'),
(149, 2019, 1, '153', '153'),
(149, 2019, 2, '3,231', '153'),
(149, 2019, 3, '0,476', '128'),
(149, 2019, 4, 'N/A', 'N/A'),
(149, 2019, 5, '0,499', '123'),
(149, 2019, 6, '0,417', '78'),
(149, 2019, 7, '0,147', '36'),
(149, 2019, 8, '0,276', '20'),
(149, 2019, 9, '0,885', '132'),
(150, 2015, 1, '34', '34'),
(150, 2015, 2, '6,455', '34'),
(150, 2015, 3, '0,9669', '72'),
(150, 2015, 4, '1,26504', '24'),
(150, 2015, 5, '0,7385', '59'),
(150, 2015, 6, '0,55664', '37'),
(150, 2015, 7, '0,03187', '138'),
(150, 2015, 8, '0,5763', '2'),
(150, 2015, 9, 'N/A', 'N/A'),
(150, 2016, 1, '33', '33'),
(150, 2016, 2, '6,474', '33'),
(150, 2016, 3, '1,0893', '68'),
(150, 2016, 4, '1,04477', '31'),
(150, 2016, 5, '0,64915', '59'),
(150, 2016, 6, '0,49553', '36'),
(150, 2016, 7, '0,02833', '146'),
(150, 2016, 8, '0,58696', '2'),
(150, 2016, 9, 'N/A', 'N/A'),
(150, 2017, 1, '32', '32'),
(150, 2017, 2, '6,423999786', '32'),
(150, 2017, 3, '1,127868772', '64'),
(150, 2017, 4, '1,425792456', '37'),
(150, 2017, 5, '0,647239029', '59'),
(150, 2017, 6, '0,580200732', '20'),
(150, 2017, 7, '0,031612735', '139'),
(150, 2017, 8, '0,57212311', '4'),
(150, 2017, 9, 'N/A', 'N/A'),
(150, 2018, 1, '46', '46'),
(150, 2018, 2, '6,072', '46'),
(150, 2018, 3, '1,016', '65'),
(150, 2018, 4, 'N/A', 'N/A'),
(150, 2018, 5, '0,707', '55'),
(150, 2018, 6, '0,637', '17'),
(150, 2018, 7, '0,029', '140'),
(150, 2018, 8, '0,364', '7'),
(150, 2018, 9, '1,417', '52'),
(150, 2019, 1, '52', '52'),
(150, 2019, 2, '6,008', '52'),
(150, 2019, 3, '1,05', '64'),
(150, 2019, 4, 'N/A', 'N/A'),
(150, 2019, 5, '0,828', '59'),
(150, 2019, 6, '0,557', '17'),
(150, 2019, 7, '0,028', '136'),
(150, 2019, 8, '0,359', '7'),
(150, 2019, 9, '1,409', '53'),
(151, 2015, 1, '158', '158'),
(151, 2015, 2, '2,839', '158'),
(151, 2015, 3, '0,20868', '147'),
(151, 2015, 4, '0,13995', '157'),
(151, 2015, 5, '0,28443', '140'),
(151, 2015, 6, '0,36453', '108'),
(151, 2015, 7, '0,10731', '79'),
(151, 2015, 8, '0,16681', '114'),
(151, 2015, 9, 'N/A', 'N/A'),
(151, 2016, 1, '155', '155'),
(151, 2016, 2, '3,303', '155'),
(151, 2016, 3, '0,28123', '147'),
(151, 2016, 4, '0', '157'),
(151, 2016, 5, '0,24811', '137'),
(151, 2016, 6, '0,34678', '99'),
(151, 2016, 7, '0,11587', '70'),
(151, 2016, 8, '0,17517', '107'),
(151, 2016, 9, 'N/A', 'N/A'),
(151, 2017, 1, '149', '149'),
(151, 2017, 2, '3,494999886', '149'),
(151, 2017, 3, '0,305444717', '145'),
(151, 2017, 4, '0,43188253', '152'),
(151, 2017, 5, '0,247105569', '132'),
(151, 2017, 6, '0,380426139', '98'),
(151, 2017, 7, '0,095665015', '70'),
(151, 2017, 8, '0,196896151', '99'),
(151, 2017, 9, 'N/A', 'N/A'),
(151, 2018, 1, '139', '139'),
(151, 2018, 2, '3,999', '139'),
(151, 2018, 3, '0,259', '147'),
(151, 2018, 4, 'N/A', 'N/A'),
(151, 2018, 5, '0,253', '138'),
(151, 2018, 6, '0,434', '96'),
(151, 2018, 7, '0,101', '63'),
(151, 2018, 8, '0,158', '87'),
(151, 2018, 9, '0,474', '153'),
(151, 2019, 1, '139', '139'),
(151, 2019, 2, '4,085', '139'),
(151, 2019, 3, '0,275', '145'),
(151, 2019, 4, 'N/A', 'N/A'),
(151, 2019, 5, '0,41', '137'),
(151, 2019, 6, '0,293', '121'),
(151, 2019, 7, '0,085', '79'),
(151, 2019, 8, '0,177', '79'),
(151, 2019, 9, '0,572', '150'),
(152, 2018, 1, '38', '38'),
(152, 2018, 2, '6,192', '38'),
(152, 2018, 3, '1,223', '36'),
(152, 2018, 4, 'N/A', 'N/A'),
(152, 2018, 5, '0,564', '99'),
(152, 2018, 6, '0,575', '41'),
(152, 2018, 7, '0,019', '147'),
(152, 2018, 8, '0,171', '81'),
(152, 2018, 9, '1,492', '29'),
(152, 2019, 1, '39', '39'),
(152, 2019, 2, '6,192', '39'),
(152, 2019, 3, '1,231', '40'),
(152, 2019, 4, 'N/A', 'N/A'),
(152, 2019, 5, '0,713', '97'),
(152, 2019, 6, '0,489', '51'),
(152, 2019, 7, '0,016', '149'),
(152, 2019, 8, '0,185', '74'),
(152, 2019, 9, '1,477', '29'),
(153, 2015, 1, '41', '41'),
(153, 2015, 2, '6,168', '41'),
(153, 2015, 3, '1,21183', '33'),
(153, 2015, 4, '1,18354', '48'),
(153, 2015, 5, '0,61483', '99'),
(153, 2015, 6, '0,55884', '36'),
(153, 2015, 7, '0,0114', '152'),
(153, 2015, 8, '0,31844', '39'),
(153, 2015, 9, 'N/A', 'N/A'),
(153, 2016, 1, '43', '43'),
(153, 2016, 2, '6,168', '43'),
(153, 2016, 3, '1,32572', '33'),
(153, 2016, 4, '0,98569', '47'),
(153, 2016, 5, '0,52608', '99'),
(153, 2016, 6, '0,48453', '40'),
(153, 2016, 7, '0,01241', '153'),
(153, 2016, 8, '0,31935', '36'),
(153, 2016, 9, 'N/A', 'N/A'),
(153, 2017, 1, '38', '38'),
(153, 2017, 2, '6,168000221', '38'),
(153, 2017, 3, '1,361355901', '31'),
(153, 2017, 4, '1,380228519', '50'),
(153, 2017, 5, '0,519983292', '99'),
(153, 2017, 6, '0,518630743', '39'),
(153, 2017, 7, '0,008964816', '152'),
(153, 2017, 8, '0,325296462', '38'),
(153, 2017, 9, 'N/A', 'N/A'),
(154, 2015, 1, '107', '107'),
(154, 2015, 2, '4,739', '107'),
(154, 2015, 3, '0,88113', '85'),
(154, 2015, 4, '0,60429', '143'),
(154, 2015, 5, '0,73793', '60'),
(154, 2015, 6, '0,26268', '131'),
(154, 2015, 7, '0,06358', '115'),
(154, 2015, 8, '0,06431', '152'),
(154, 2015, 9, 'N/A', 'N/A'),
(154, 2016, 1, '98', '98'),
(154, 2016, 2, '5,045', '98'),
(154, 2016, 3, '0,97724', '85'),
(154, 2016, 4, '0,43165', '140'),
(154, 2016, 5, '0,59577', '81'),
(154, 2016, 6, '0,23553', '126'),
(154, 2016, 7, '0,0817', '99'),
(154, 2016, 8, '0,03936', '154'),
(154, 2016, 9, 'N/A', 'N/A'),
(154, 2017, 1, '101', '101'),
(154, 2017, 2, '4,804999828', '101'),
(154, 2017, 3, '1,007265806', '82'),
(154, 2017, 4, '0,86835146', '134'),
(154, 2017, 5, '0,613212049', '76'),
(154, 2017, 6, '0,28968069', '119'),
(154, 2017, 7, '0,086723149', '82'),
(154, 2017, 8, '0,049693357', '147'),
(154, 2017, 9, 'N/A', 'N/A'),
(154, 2018, 1, '111', '111'),
(154, 2018, 2, '4,592', '111'),
(154, 2018, 3, '0,9', '85'),
(154, 2018, 4, 'N/A', 'N/A'),
(154, 2018, 5, '0,69', '63'),
(154, 2018, 6, '0,271', '135'),
(154, 2018, 7, '0,063', '100'),
(154, 2018, 8, '0,04', '149'),
(154, 2018, 9, '0,906', '128'),
(154, 2019, 1, '124', '124'),
(154, 2019, 2, '4,461', '124'),
(154, 2019, 3, '0,921', '86'),
(154, 2019, 4, 'N/A', 'N/A'),
(154, 2019, 5, '0,815', '66'),
(154, 2019, 6, '0,167', '144'),
(154, 2019, 7, '0,055', '108'),
(154, 2019, 8, '0,059', '146'),
(154, 2019, 9, '1', '122'),
(155, 2015, 1, '76', '76'),
(155, 2015, 2, '5,332', '76'),
(155, 2015, 3, '1,06098', '55'),
(155, 2015, 4, '0,94632', '102'),
(155, 2015, 5, '0,73172', '63'),
(155, 2015, 6, '0,22815', '143'),
(155, 2015, 7, '0,15746', '48'),
(155, 2015, 8, '0,12253', '130'),
(155, 2015, 9, 'N/A', 'N/A'),
(155, 2016, 1, '78', '78'),
(155, 2016, 2, '5,389', '78'),
(155, 2016, 3, '1,16492', '55'),
(155, 2016, 4, '0,87717', '68'),
(155, 2016, 5, '0,64718', '61'),
(155, 2016, 6, '0,23889', '125'),
(155, 2016, 7, '0,12348', '65'),
(155, 2016, 8, '0,04707', '151'),
(155, 2016, 9, 'N/A', 'N/A'),
(155, 2017, 1, '69', '69'),
(155, 2017, 2, '5,5', '69'),
(155, 2017, 3, '1,198274374', '53'),
(155, 2017, 4, '1,337753177', '59'),
(155, 2017, 5, '0,637605608', '66'),
(155, 2017, 6, '0,3007406', '116'),
(155, 2017, 7, '0,09967158', '66'),
(155, 2017, 8, '0,046693042', '148'),
(155, 2017, 9, 'N/A', 'N/A'),
(155, 2018, 1, '74', '74'),
(155, 2018, 2, '5,483', '74'),
(155, 2018, 3, '1,148', '47'),
(155, 2018, 4, 'N/A', 'N/A'),
(155, 2018, 5, '0,686', '65'),
(155, 2018, 6, '0,324', '123'),
(155, 2018, 7, '0,109', '54'),
(155, 2018, 8, '0,106', '119'),
(155, 2018, 9, '1,38', '58'),
(155, 2019, 1, '79', '79'),
(155, 2019, 2, '5,373', '79'),
(155, 2019, 3, '1,183', '46'),
(155, 2019, 4, 'N/A', 'N/A'),
(155, 2019, 5, '0,808', '72'),
(155, 2019, 6, '0,195', '141'),
(155, 2019, 7, '0,106', '55'),
(155, 2019, 8, '0,083', '130'),
(155, 2019, 9, '1,36', '61'),
(156, 2015, 1, '70', '70'),
(156, 2015, 2, '5,548', '70'),
(156, 2015, 3, '0,95847', '73'),
(156, 2015, 4, '1,22668', '37'),
(156, 2015, 5, '0,53886', '113'),
(156, 2015, 6, '0,4761', '65'),
(156, 2015, 7, '0,30844', '21'),
(156, 2015, 8, '0,16979', '110'),
(156, 2015, 9, 'N/A', 'N/A'),
(156, 2016, 1, '65', '65'),
(156, 2016, 2, '5,658', '65'),
(156, 2016, 3, '1,08017', '70'),
(156, 2016, 4, '1,03817', '35'),
(156, 2016, 5, '0,44006', '113'),
(156, 2016, 6, '0,37408', '90'),
(156, 2016, 7, '0,28467', '22'),
(156, 2016, 8, '0,22567', '77'),
(156, 2016, 9, 'N/A', 'N/A'),
(156, 2017, 1, '59', '59'),
(156, 2017, 2, '5,822000027', '59'),
(156, 2017, 3, '1,130776763', '62'),
(156, 2017, 4, '1,493149161', '14'),
(156, 2017, 5, '0,43772608', '110'),
(156, 2017, 6, '0,418271929', '85'),
(156, 2017, 7, '0,25927034', '20'),
(156, 2017, 8, '0,249924988', '65'),
(156, 2017, 9, 'N/A', 'N/A'),
(156, 2018, 1, '68', '68'),
(156, 2018, 2, '5,636', '68'),
(156, 2018, 3, '1,016', '65'),
(156, 2018, 4, 'N/A', 'N/A'),
(156, 2018, 5, '0,517', '107'),
(156, 2018, 6, '0,417', '104'),
(156, 2018, 7, '0,037', '128'),
(156, 2018, 8, '0,199', '59'),
(156, 2018, 9, '1,533', '13'),
(156, 2019, 1, '87', '87'),
(156, 2019, 2, '5,247', '87'),
(156, 2019, 3, '1,052', '62'),
(156, 2019, 4, 'N/A', 'N/A'),
(156, 2019, 5, '0,657', '104'),
(156, 2019, 6, '0,394', '84'),
(156, 2019, 7, '0,028', '136'),
(156, 2019, 8, '0,244', '43'),
(156, 2019, 9, '1,538', '8'),
(157, 2015, 1, '141', '141'),
(157, 2015, 2, '3,931', '141'),
(157, 2015, 3, '0,21102', '146'),
(157, 2015, 4, '1,13299', '55'),
(157, 2015, 5, '0,33861', '133'),
(157, 2015, 6, '0,45727', '73'),
(157, 2015, 7, '0,07267', '108'),
(157, 2015, 8, '0,29066', '44'),
(157, 2015, 9, 'N/A', 'N/A'),
(157, 2016, 1, '145', '145'),
(157, 2016, 2, '3,739', '145'),
(157, 2016, 3, '0,34719', '140'),
(157, 2016, 4, '0,90981', '59'),
(157, 2016, 5, '0,19625', '142'),
(157, 2016, 6, '0,43653', '56'),
(157, 2016, 7, '0,06442', '116'),
(157, 2016, 8, '0,27102', '53'),
(157, 2016, 9, 'N/A', 'N/A'),
(157, 2017, 1, '132', '132'),
(157, 2017, 2, '4,080999851', '132'),
(157, 2017, 3, '0,381430715', '136'),
(157, 2017, 4, '1,129827738', '105'),
(157, 2017, 5, '0,217632607', '134'),
(157, 2017, 6, '0,443185955', '75'),
(157, 2017, 7, '0,057069719', '116'),
(157, 2017, 8, '0,325766057', '37'),
(157, 2017, 9, 'N/A', 'N/A'),
(157, 2018, 1, '135', '135'),
(157, 2018, 2, '4,161', '135'),
(157, 2018, 3, '0,322', '142'),
(157, 2018, 4, 'N/A', 'N/A'),
(157, 2018, 5, '0,237', '141'),
(157, 2018, 6, '0,45', '92'),
(157, 2018, 7, '0,061', '102'),
(157, 2018, 8, '0,259', '31'),
(157, 2018, 9, '1,09', '114'),
(157, 2019, 1, '136', '136'),
(157, 2019, 2, '4,189', '136'),
(157, 2019, 3, '0,332', '139'),
(157, 2019, 4, 'N/A', 'N/A'),
(157, 2019, 5, '0,443', '131'),
(157, 2019, 6, '0,356', '100'),
(157, 2019, 7, '0,06', '102'),
(157, 2019, 8, '0,252', '37'),
(157, 2019, 9, '1,069', '115'),
(158, 2015, 1, '111', '111'),
(158, 2015, 2, '4,681', '111'),
(158, 2015, 3, '0,79907', '94'),
(158, 2015, 4, '1,20278', '43'),
(158, 2015, 5, '0,6739', '85'),
(158, 2015, 6, '0,25123', '135'),
(158, 2015, 7, '0,02961', '141'),
(158, 2015, 8, '0,15275', '118'),
(158, 2015, 9, 'N/A', 'N/A'),
(158, 2016, 1, '123', '123'),
(158, 2016, 2, '4,324', '123'),
(158, 2016, 3, '0,87287', '98'),
(158, 2016, 4, '1,01413', '41'),
(158, 2016, 5, '0,58628', '86'),
(158, 2016, 6, '0,12859', '148'),
(158, 2016, 7, '0,01829', '150'),
(158, 2016, 8, '0,20363', '90'),
(158, 2016, 9, 'N/A', 'N/A'),
(158, 2017, 1, '131', '131'),
(158, 2017, 2, '4,096000195', '131'),
(158, 2017, 3, '0,894651949', '97'),
(158, 2017, 4, '1,394537568', '44'),
(158, 2017, 5, '0,575903952', '86'),
(158, 2017, 6, '0,122974776', '146'),
(158, 2017, 7, '0,023029471', '145'),
(158, 2017, 8, '0,270061463', '55'),
(158, 2017, 9, 'N/A', 'N/A'),
(158, 2018, 1, '138', '138'),
(158, 2018, 2, '4,103', '138'),
(158, 2018, 3, '0,793', '99'),
(158, 2018, 4, 'N/A', 'N/A'),
(158, 2018, 5, '0,609', '88'),
(158, 2018, 6, '0,163', '145'),
(158, 2018, 7, '0,011', '151'),
(158, 2018, 8, '0,187', '66'),
(158, 2018, 9, '1,413', '54'),
(158, 2019, 1, '133', '133'),
(158, 2019, 2, '4,332', '133'),
(158, 2019, 3, '0,82', '96'),
(158, 2019, 4, 'N/A', 'N/A'),
(158, 2019, 5, '0,739', '90'),
(158, 2019, 6, '0,178', '142'),
(158, 2019, 7, '0,01', '151'),
(158, 2019, 8, '0,187', '71'),
(158, 2019, 9, '1,39', '56'),
(159, 2015, 1, '20', '20'),
(159, 2015, 2, '6,901', '20'),
(159, 2015, 3, '1,42727', '6'),
(159, 2015, 4, '1,12575', '56'),
(159, 2015, 5, '0,80925', '41'),
(159, 2015, 6, '0,64157', '9'),
(159, 2015, 7, '0,38583', '10'),
(159, 2015, 8, '0,26428', '53'),
(159, 2015, 9, 'N/A', 'N/A'),
(159, 2016, 1, '28', '28'),
(159, 2016, 2, '6,573', '28'),
(159, 2016, 3, '1,57352', '6'),
(159, 2016, 4, '0,87114', '71'),
(159, 2016, 5, '0,72993', '40'),
(159, 2016, 6, '0,56215', '14'),
(159, 2016, 7, '0,35561', '11'),
(159, 2016, 8, '0,26591', '54'),
(159, 2016, 9, 'N/A', 'N/A'),
(159, 2017, 1, '21', '21'),
(159, 2017, 2, '6,647999763', '21'),
(159, 2017, 3, '1,626343369', '5'),
(159, 2017, 4, '1,266410232', '72'),
(159, 2017, 5, '0,726798236', '38'),
(159, 2017, 6, '0,60834527', '11'),
(159, 2017, 7, '0,324489564', '9'),
(159, 2017, 8, '0,360941947', '26'),
(159, 2017, 9, 'N/A', 'N/A'),
(159, 2018, 1, '20', '20'),
(159, 2018, 2, '6,774', '20'),
(159, 2018, 3, '2,096', '1'),
(159, 2018, 4, 'N/A', 'N/A'),
(159, 2018, 5, '0,67', '73'),
(159, 2018, 6, '0,284', '132'),
(159, 2018, 7, '0,311982391', '10'),
(159, 2018, 8, '0,186', '68'),
(159, 2018, 9, '0,776', '143'),
(159, 2019, 1, '21', '21'),
(159, 2019, 2, '6,825', '21'),
(159, 2019, 3, '1,503', '4'),
(159, 2019, 4, 'N/A', 'N/A'),
(159, 2019, 5, '0,825', '63'),
(159, 2019, 6, '0,598', '4'),
(159, 2019, 7, '0,182', '22'),
(159, 2019, 8, '0,262', '30'),
(159, 2019, 9, '1,31', '73'),
(160, 2015, 1, '21', '21'),
(160, 2015, 2, '6,867', '21'),
(160, 2015, 3, '1,26637', '27'),
(160, 2015, 4, '1,28548', '19'),
(160, 2015, 5, '0,90943', '16'),
(160, 2015, 6, '0,59625', '26'),
(160, 2015, 7, '0,32067', '19'),
(160, 2015, 8, '0,51912', '3'),
(160, 2015, 9, 'N/A', 'N/A'),
(160, 2016, 1, '23', '23'),
(160, 2016, 2, '6,725', '23'),
(160, 2016, 3, '1,40283', '23'),
(160, 2016, 4, '1,08672', '17'),
(160, 2016, 5, '0,80991', '24'),
(160, 2016, 6, '0,50036', '35'),
(160, 2016, 7, '0,27399', '24'),
(160, 2016, 8, '0,50156', '6'),
(160, 2016, 9, 'N/A', 'N/A'),
(160, 2017, 1, '19', '19'),
(160, 2017, 2, '6,714000225', '19'),
(160, 2017, 3, '1,44163394', '22'),
(160, 2017, 4, '1,49646008', '13'),
(160, 2017, 5, '0,805335939', '25'),
(160, 2017, 6, '0,508190036', '41'),
(160, 2017, 7, '0,265428066', '19'),
(160, 2017, 8, '0,492774159', '7'),
(160, 2017, 9, 'N/A', 'N/A'),
(160, 2018, 1, '11', '11'),
(160, 2018, 2, '7,19', '11'),
(160, 2018, 3, '1,244', '32'),
(160, 2018, 4, 'N/A', 'N/A'),
(160, 2018, 5, '0,888', '18'),
(160, 2018, 6, '0,464', '83'),
(160, 2018, 7, '0,082', '76'),
(160, 2018, 8, '0,262', '29'),
(160, 2018, 9, '1,433', '50'),
(160, 2019, 1, '15', '15'),
(160, 2019, 2, '7,054', '15'),
(160, 2019, 3, '1,333', '24'),
(160, 2019, 4, 'N/A', 'N/A'),
(160, 2019, 5, '0,996', '25'),
(160, 2019, 6, '0,45', '64'),
(160, 2019, 7, '0,278', '15'),
(160, 2019, 8, '0,348', '9'),
(160, 2019, 9, '1,538', '8'),
(161, 2015, 1, '15', '15'),
(161, 2015, 2, '7,119', '15'),
(161, 2015, 3, '1,39451', '9'),
(161, 2015, 4, '1,24711', '30'),
(161, 2015, 5, '0,86179', '32'),
(161, 2015, 6, '0,54604', '41'),
(161, 2015, 7, '0,1589', '47'),
(161, 2015, 8, '0,40105', '19'),
(161, 2015, 9, 'N/A', 'N/A'),
(161, 2016, 1, '13', '13'),
(161, 2016, 2, '7,104', '13'),
(161, 2016, 3, '1,50796', '9'),
(161, 2016, 4, '1,04782', '29'),
(161, 2016, 5, '0,779', '33'),
(161, 2016, 6, '0,48163', '41'),
(161, 2016, 7, '0,14868', '51'),
(161, 2016, 8, '0,41077', '20'),
(161, 2016, 9, 'N/A', 'N/A'),
(161, 2017, 1, '14', '14'),
(161, 2017, 2, '6,993000031', '14'),
(161, 2017, 3, '1,546259284', '8'),
(161, 2017, 4, '1,419920564', '38'),
(161, 2017, 5, '0,774286628', '32'),
(161, 2017, 6, '0,505740523', '42'),
(161, 2017, 7, '0,135638788', '46'),
(161, 2017, 8, '0,392578781', '21'),
(161, 2017, 9, 'N/A', 'N/A'),
(161, 2018, 1, '18', '18'),
(161, 2018, 2, '6,886', '18'),
(161, 2018, 3, '1,398', '10'),
(161, 2018, 4, 'N/A', 'N/A'),
(161, 2018, 5, '0,819', '33'),
(161, 2018, 6, '0,547', '50'),
(161, 2018, 7, '0,133', '44'),
(161, 2018, 8, '0,291', '20'),
(161, 2018, 9, '1,471', '36'),
(161, 2019, 1, '19', '19'),
(161, 2019, 2, '6,892', '19'),
(161, 2019, 3, '1,433', '10'),
(161, 2019, 4, 'N/A', 'N/A'),
(161, 2019, 5, '0,874', '42'),
(161, 2019, 6, '0,454', '63'),
(161, 2019, 7, '0,128', '46'),
(161, 2019, 8, '0,28', '19'),
(161, 2019, 9, '1,457', '37'),
(162, 2015, 1, '32', '32'),
(162, 2015, 2, '6,485', '32'),
(162, 2015, 3, '1,06166', '54'),
(162, 2015, 4, '1,2089', '41'),
(162, 2015, 5, '0,8116', '40'),
(162, 2015, 6, '0,60362', '24'),
(162, 2015, 7, '0,24558', '27'),
(162, 2015, 8, '0,2324', '66'),
(162, 2015, 9, 'N/A', 'N/A'),
(162, 2016, 1, '29', '29'),
(162, 2016, 2, '6,545', '29'),
(162, 2016, 3, '1,18157', '53'),
(162, 2016, 4, '1,03143', '37'),
(162, 2016, 5, '0,72183', '41'),
(162, 2016, 6, '0,54388', '21'),
(162, 2016, 7, '0,21394', '29'),
(162, 2016, 8, '0,18056', '104'),
(162, 2016, 9, 'N/A', 'N/A'),
(162, 2017, 1, '28', '28'),
(162, 2017, 2, '6,453999996', '28'),
(162, 2017, 3, '1,217559695', '52'),
(162, 2017, 4, '1,412227869', '40'),
(162, 2017, 5, '0,719216824', '39'),
(162, 2017, 6, '0,579392254', '22'),
(162, 2017, 7, '0,178061873', '31'),
(162, 2017, 8, '0,175096929', '107'),
(162, 2017, 9, 'N/A', 'N/A'),
(162, 2018, 1, '31', '31'),
(162, 2018, 2, '6,379', '31'),
(162, 2018, 3, '1,093', '54'),
(162, 2018, 4, 'N/A', 'N/A'),
(162, 2018, 5, '0,771', '41'),
(162, 2018, 6, '0,625', '24'),
(162, 2018, 7, '0,155', '31'),
(162, 2018, 8, '0,13', '106'),
(162, 2018, 9, '1,459', '41'),
(162, 2019, 1, '33', '33'),
(162, 2019, 2, '6,293', '33'),
(162, 2019, 3, '1,124', '54'),
(162, 2019, 4, 'N/A', 'N/A'),
(162, 2019, 5, '0,891', '38'),
(162, 2019, 6, '0,523', '31'),
(162, 2019, 7, '0,15', '35'),
(162, 2019, 8, '0,127', '108'),
(162, 2019, 9, '1,465', '33'),
(163, 2015, 1, '44', '44'),
(163, 2015, 2, '6,003', '44'),
(163, 2015, 3, '0,63244', '110'),
(163, 2015, 4, '1,34043', '5'),
(163, 2015, 5, '0,59772', '106'),
(163, 2015, 6, '0,65821', '5');
INSERT INTO `avoir` (`Id_Pays`, `annee`, `Id_Score`, `valeur_score`, `rang`) VALUES
(163, 2015, 7, '0,30826', '22'),
(163, 2015, 8, '0,22837', '70'),
(163, 2015, 9, 'N/A', 'N/A'),
(163, 2016, 1, '49', '49'),
(163, 2016, 2, '5,987', '49'),
(163, 2016, 3, '0,73591', '112'),
(163, 2016, 4, '1,1681', '3'),
(163, 2016, 5, '0,50163', '105'),
(163, 2016, 6, '0,60848', '1'),
(163, 2016, 7, '0,28333', '23'),
(163, 2016, 8, '0,34326', '31'),
(163, 2016, 9, 'N/A', 'N/A'),
(163, 2017, 1, '47', '47'),
(163, 2017, 2, '5,971000195', '47'),
(163, 2017, 3, '0,786441088', '107'),
(163, 2017, 4, '1,54896915', '4'),
(163, 2017, 5, '0,498272628', '103'),
(163, 2017, 6, '0,658248663', '1'),
(163, 2017, 7, '0,246528223', '24'),
(163, 2017, 8, '0,415983647', '19'),
(163, 2017, 9, 'N/A', 'N/A'),
(163, 2018, 1, '44', '44'),
(163, 2018, 2, '6,096', '44'),
(163, 2018, 3, '0,719', '107'),
(163, 2018, 4, 'N/A', 'N/A'),
(163, 2018, 5, '0,605', '90'),
(163, 2018, 6, '0,724', '1'),
(163, 2018, 7, '0,259', '19'),
(163, 2018, 8, '0,328', '14'),
(163, 2018, 9, '1,584', '5'),
(163, 2019, 1, '41', '41'),
(163, 2019, 2, '6,174', '41'),
(163, 2019, 3, '0,745', '106'),
(163, 2019, 4, 'N/A', 'N/A'),
(163, 2019, 5, '0,756', '87'),
(163, 2019, 6, '0,631', '1'),
(163, 2019, 7, '0,24', '18'),
(163, 2019, 8, '0,322', '13'),
(163, 2019, 9, '1,529', '11'),
(164, 2015, 1, '23', '23'),
(164, 2015, 2, '6,81', '23'),
(164, 2015, 3, '1,04424', '58'),
(164, 2015, 4, '1,25596', '28'),
(164, 2015, 5, '0,72052', '73'),
(164, 2015, 6, '0,42908', '83'),
(164, 2015, 7, '0,11069', '77'),
(164, 2015, 8, '0,05841', '153'),
(164, 2015, 9, 'N/A', 'N/A'),
(164, 2016, 1, '44', '44'),
(164, 2016, 2, '6,084', '44'),
(164, 2016, 3, '1,13367', '59'),
(164, 2016, 4, '1,03302', '36'),
(164, 2016, 5, '0,61904', '75'),
(164, 2016, 6, '0,19847', '132'),
(164, 2016, 7, '0,08304', '97'),
(164, 2016, 8, '0,0425', '152'),
(164, 2016, 9, 'N/A', 'N/A'),
(164, 2017, 1, '81', '81'),
(164, 2017, 2, '5,25', '81'),
(164, 2017, 3, '1,128431201', '63'),
(164, 2017, 4, '1,431337595', '34'),
(164, 2017, 5, '0,617144227', '74'),
(164, 2017, 6, '0,153997123', '144'),
(164, 2017, 7, '0,064491123', '105'),
(164, 2017, 8, '0,06501963', '144'),
(164, 2017, 9, 'N/A', 'N/A'),
(164, 2018, 1, '102', '102'),
(164, 2018, 2, '4,806', '102'),
(164, 2018, 3, '0,996', '69'),
(164, 2018, 4, 'N/A', 'N/A'),
(164, 2018, 5, '0,657', '77'),
(164, 2018, 6, '0,133', '146'),
(164, 2018, 7, '0,052', '113'),
(164, 2018, 8, '0,056', '144'),
(164, 2018, 9, '1,469', '37'),
(164, 2019, 1, '108', '108'),
(164, 2019, 2, '4,707', '108'),
(164, 2019, 3, '0,96', '78'),
(164, 2019, 4, 'N/A', 'N/A'),
(164, 2019, 5, '0,805', '74'),
(164, 2019, 6, '0,154', '146'),
(164, 2019, 7, '0,047', '117'),
(164, 2019, 8, '0,064', '145'),
(164, 2019, 9, '1,427', '49'),
(165, 2015, 1, '75', '75'),
(165, 2015, 2, '5,36', '75'),
(165, 2015, 3, '0,63216', '111'),
(165, 2015, 4, '0,91226', '109'),
(165, 2015, 5, '0,74676', '57'),
(165, 2015, 6, '0,59444', '29'),
(165, 2015, 7, '0,10441', '84'),
(165, 2015, 8, '0,1686', '112'),
(165, 2015, 9, 'N/A', 'N/A'),
(165, 2016, 1, '96', '96'),
(165, 2016, 2, '5,061', '96'),
(165, 2016, 3, '0,74037', '110'),
(165, 2016, 4, '0,79117', '90'),
(165, 2016, 5, '0,66157', '56'),
(165, 2016, 6, '0,55954', '15'),
(165, 2016, 7, '0,11556', '71'),
(165, 2016, 8, '0,25075', '63'),
(165, 2016, 9, 'N/A', 'N/A'),
(165, 2017, 1, '93', '93'),
(165, 2017, 2, '5,073999882', '93'),
(165, 2017, 3, '0,788547575', '106'),
(165, 2017, 4, '1,277491331', '67'),
(165, 2017, 5, '0,652168989', '56'),
(165, 2017, 6, '0,571055591', '25'),
(165, 2017, 7, '0,087633237', '81'),
(165, 2017, 8, '0,234968051', '75'),
(165, 2017, 9, 'N/A', 'N/A'),
(165, 2018, 1, '95', '95'),
(165, 2018, 2, '5,103', '95'),
(165, 2018, 3, '0,715', '108'),
(165, 2018, 4, 'N/A', 'N/A'),
(165, 2018, 5, '0,702', '56'),
(165, 2018, 6, '0,618', '25'),
(165, 2018, 7, '0,079', '83'),
(165, 2018, 8, '0,177', '75'),
(165, 2018, 9, '1,365', '61'),
(165, 2019, 1, '94', '94'),
(165, 2019, 2, '5,175', '94'),
(165, 2019, 3, '0,741', '107'),
(165, 2019, 4, 'N/A', 'N/A'),
(165, 2019, 5, '0,851', '52'),
(165, 2019, 6, '0,543', '24'),
(165, 2019, 7, '0,073', '93'),
(165, 2019, 8, '0,147', '98'),
(165, 2019, 9, '1,346', '64'),
(166, 2015, 1, '136', '136'),
(166, 2015, 2, '4,077', '136'),
(166, 2015, 3, '0,54649', '118'),
(166, 2015, 4, '0,68093', '137'),
(166, 2015, 5, '0,40064', '125'),
(166, 2015, 6, '0,35571', '110'),
(166, 2015, 7, '0,07854', '104'),
(166, 2015, 8, '0,09131', '144'),
(166, 2015, 9, 'N/A', 'N/A'),
(166, 2016, 1, '147', '147'),
(166, 2016, 2, '3,724', '147'),
(166, 2016, 3, '0,57939', '123'),
(166, 2016, 4, '0,47493', '138'),
(166, 2016, 5, '0,31048', '127'),
(166, 2016, 6, '0,2287', '128'),
(166, 2016, 7, '0,05892', '120'),
(166, 2016, 8, '0,09821', '141'),
(166, 2016, 9, 'N/A', 'N/A'),
(166, 2017, 1, '145', '145'),
(166, 2017, 2, '3,592999935', '145'),
(166, 2017, 3, '0,591683447', '122'),
(166, 2017, 4, '0,935382247', '128'),
(166, 2017, 5, '0,310080916', '123'),
(166, 2017, 6, '0,249463722', '130'),
(166, 2017, 7, '0,056767423', '117'),
(166, 2017, 8, '0,104125209', '133'),
(166, 2017, 9, 'N/A', 'N/A'),
(166, 2018, 1, '152', '152'),
(166, 2018, 2, '3,355', '152'),
(166, 2018, 3, '0,442', '131'),
(166, 2018, 4, 'N/A', 'N/A'),
(166, 2018, 5, '0,343', '125'),
(166, 2018, 6, '0,244', '140'),
(166, 2018, 7, '0,064', '97'),
(166, 2018, 8, '0,083', '133'),
(166, 2018, 9, '1,073', '117'),
(166, 2019, 1, '151', '151'),
(166, 2019, 2, '3,38', '151'),
(166, 2019, 3, '0,287', '144'),
(166, 2019, 4, 'N/A', 'N/A'),
(166, 2019, 5, '0,463', '129'),
(166, 2019, 6, '0,143', '148'),
(166, 2019, 7, '0,077', '90'),
(166, 2019, 8, '0,108', '118'),
(166, 2019, 9, '1,163', '101'),
(167, 2015, 1, '85', '85'),
(167, 2015, 2, '5,129', '85'),
(167, 2015, 3, '0,47038', '122'),
(167, 2015, 4, '0,91612', '107'),
(167, 2015, 5, '0,29924', '138'),
(167, 2015, 6, '0,48827', '60'),
(167, 2015, 7, '0,12468', '70'),
(167, 2015, 8, '0,19591', '91'),
(167, 2015, 9, 'N/A', 'N/A'),
(167, 2016, 1, '106', '106'),
(167, 2016, 2, '4,795', '106'),
(167, 2016, 3, '0,61202', '122'),
(167, 2016, 4, '0,6376', '119'),
(167, 2016, 5, '0,23573', '138'),
(167, 2016, 6, '0,42662', '63'),
(167, 2016, 7, '0,11479', '72'),
(167, 2016, 8, '0,17866', '105'),
(167, 2016, 9, 'N/A', 'N/A'),
(167, 2017, 1, '115', '115'),
(167, 2017, 2, '4,513999939', '115'),
(167, 2017, 3, '0,636406779', '118'),
(167, 2017, 4, '1,003187299', '119'),
(167, 2017, 5, '0,257835895', '131'),
(167, 2017, 6, '0,461603492', '65'),
(167, 2017, 7, '0,07821355', '87'),
(167, 2017, 8, '0,249580145', '66'),
(167, 2017, 9, 'N/A', 'N/A'),
(167, 2018, 1, '125', '125'),
(167, 2018, 2, '4,377', '125'),
(167, 2018, 3, '0,562', '120'),
(167, 2018, 4, 'N/A', 'N/A'),
(167, 2018, 5, '0,295', '131'),
(167, 2018, 6, '0,503', '73'),
(167, 2018, 7, '0,082', '76'),
(167, 2018, 8, '0,221', '44'),
(167, 2018, 9, '1,047', '119'),
(167, 2019, 1, '138', '138'),
(167, 2019, 2, '4,107', '138'),
(167, 2019, 3, '0,578', '118'),
(167, 2019, 4, 'N/A', 'N/A'),
(167, 2019, 5, '0,426', '136'),
(167, 2019, 6, '0,431', '73'),
(167, 2019, 7, '0,087', '75'),
(167, 2019, 8, '0,247', '40'),
(167, 2019, 9, '1,058', '116'),
(168, 2015, 1, '115', '115'),
(168, 2015, 2, '4,61', '115'),
(168, 2015, 3, '0,271', '140'),
(168, 2015, 4, '1,03276', '79'),
(168, 2015, 5, '0,33475', '134'),
(168, 2015, 6, '0,25861', '134'),
(168, 2015, 7, '0,08079', '101'),
(168, 2015, 8, '0,18987', '95'),
(168, 2015, 9, 'N/A', 'N/A'),
(168, 2016, 1, '131', '131'),
(168, 2016, 2, '4,193', '131'),
(168, 2016, 3, '0,35041', '139'),
(168, 2016, 4, '0,71478', '107'),
(168, 2016, 5, '0,1595', '148'),
(168, 2016, 6, '0,25429', '120'),
(168, 2016, 7, '0,08582', '92'),
(168, 2016, 8, '0,18503', '100'),
(168, 2016, 9, 'N/A', 'N/A'),
(168, 2017, 1, '137', '137'),
(168, 2017, 2, '3,875', '137'),
(168, 2017, 3, '0,375846535', '137'),
(168, 2017, 4, '1,083095908', '111'),
(168, 2017, 5, '0,196763754', '137'),
(168, 2017, 6, '0,336384207', '107'),
(168, 2017, 7, '0,095375381', '71'),
(168, 2017, 8, '0,189143494', '102'),
(168, 2017, 9, 'N/A', 'N/A'),
(168, 2018, 1, '144', '144'),
(168, 2018, 2, '3,692', '144'),
(168, 2018, 3, '0,357', '137'),
(168, 2018, 4, 'N/A', 'N/A'),
(168, 2018, 5, '0,248', '139'),
(168, 2018, 6, '0,406', '105'),
(168, 2018, 7, '0,099', '65'),
(168, 2018, 8, '0,132', '105'),
(168, 2018, 9, '1,094', '113'),
(168, 2019, 1, '146', '146'),
(168, 2019, 2, '3,663', '146'),
(168, 2019, 3, '0,366', '134'),
(168, 2019, 4, 'N/A', 'N/A'),
(168, 2019, 5, '0,433', '134'),
(168, 2019, 6, '0,361', '97'),
(168, 2019, 7, '0,089', '70'),
(168, 2019, 8, '0,151', '96'),
(168, 2019, 9, '1,114', '111');

-- --------------------------------------------------------

--
-- Table structure for table `continent`
--

CREATE TABLE `continent` (
  `Id_Continent` int(1) NOT NULL,
  `Nom_Continent` varchar(13) DEFAULT NULL
) ENGINE=InnoDB DEFAULT CHARSET=utf8;

--
-- Dumping data for table `continent`
--

INSERT INTO `continent` (`Id_Continent`, `Nom_Continent`) VALUES
(1, 'Africa'),
(2, 'Asia'),
(3, 'Australia'),
(4, 'Europe'),
(5, 'North America'),
(6, 'South America');

-- --------------------------------------------------------

--
-- Table structure for table `pays`
--

CREATE TABLE `pays` (
  `Id_Pays` int(3) NOT NULL,
  `Nom_Pays` varchar(24) DEFAULT NULL,
  `Id_Continent` int(1) DEFAULT NULL,
  `Id_Region` int(2) DEFAULT NULL
) ENGINE=InnoDB DEFAULT CHARSET=utf8;

--
-- Dumping data for table `pays`
--

INSERT INTO `pays` (`Id_Pays`, `Nom_Pays`, `Id_Continent`, `Id_Region`) VALUES
(1, 'Afghanistan', 2, 8),
(2, 'Albania', 4, 2),
(3, 'Algeria', 1, 5),
(4, 'Angola', 1, 9),
(5, 'Argentina', 6, 4),
(6, 'Armenia', 2, 2),
(7, 'Australia', 3, 1),
(8, 'Austria', 4, 10),
(9, 'Azerbaijan', 2, 2),
(10, 'Bahrain', 2, 5),
(11, 'Bangladesh', 2, 8),
(12, 'Belarus', 4, 2),
(13, 'Belgium', 4, 10),
(14, 'Belize', 5, 4),
(15, 'Benin', 1, 9),
(16, 'Bhutan', 2, 8),
(17, 'Bolivia', 6, 4),
(18, 'Bosnia and Herzegovina', 4, 2),
(19, 'Botswana', 1, 9),
(20, 'Brazil', 6, 4),
(21, 'Bulgaria', 4, 2),
(22, 'Burkina Faso', 1, 9),
(23, 'Burundi', 1, 9),
(24, 'Cambodia', 2, 7),
(25, 'Cameroon', 1, 9),
(26, 'Canada', 5, 6),
(27, 'Central African Republic', 1, 9),
(28, 'Chad', 1, 9),
(29, 'Chile', 6, 4),
(30, 'China', 2, 3),
(31, 'Colombia', 6, 4),
(32, 'Comoros', 1, 9),
(33, 'Congo (Brazzaville)', 1, 9),
(34, 'Congo (Kinshasa)', 1, 9),
(35, 'Costa Rica', 5, 4),
(36, 'Croatia', 4, 2),
(37, 'Cyprus', 4, 10),
(38, 'Czech Republic', 4, 2),
(39, 'Denmark', 4, 10),
(40, 'Djibouti', 1, 9),
(41, 'Dominican Republic', 4, 4),
(42, 'Ecuador', 6, 4),
(43, 'Egypt', 1, 5),
(44, 'El Salvador', 5, 4),
(45, 'Estonia', 4, 2),
(46, 'Ethiopia', 1, 9),
(47, 'Finland', 4, 10),
(48, 'France', 4, 10),
(49, 'Gabon', 1, 9),
(50, 'Gambia', 1, 0),
(51, 'Georgia', 2, 2),
(52, 'Germany', 4, 10),
(53, 'Ghana', 1, 9),
(54, 'Greece', 4, 10),
(55, 'Guatemala', 5, 4),
(56, 'Guinea', 1, 9),
(57, 'Haiti', 5, 4),
(58, 'Honduras', 5, 4),
(59, 'Hong Kong', 2, 3),
(60, 'Hungary', 4, 2),
(61, 'Iceland', 4, 10),
(62, 'India', 2, 8),
(63, 'Indonesia', 2, 7),
(64, 'Iran', 2, 5),
(65, 'Iraq', 2, 5),
(66, 'Ireland', 4, 10),
(67, 'Israel', 2, 5),
(68, 'Italy', 4, 10),
(69, 'Ivory Coast', 1, 9),
(70, 'Jamaica', 5, 4),
(71, 'Japan', 2, 3),
(72, 'Jordan', 2, 5),
(73, 'Kazakhstan', 2, 2),
(74, 'Kenya', 1, 9),
(75, 'Kosovo', 4, 2),
(76, 'Kuwait', 2, 5),
(77, 'Kyrgyzstan', 2, 2),
(78, 'Laos', 2, 7),
(79, 'Latvia', 4, 2),
(80, 'Lebanon', 2, 5),
(81, 'Lesotho', 1, 9),
(82, 'Liberia', 1, 9),
(83, 'Libya', 1, 5),
(84, 'Lithuania', 4, 2),
(85, 'Luxembourg', 4, 10),
(86, 'Macedonia', 4, 2),
(87, 'Madagascar', 1, 9),
(88, 'Malawi', 1, 9),
(89, 'Malaysia', 2, 7),
(90, 'Mali', 1, 9),
(91, 'Malta', 4, 10),
(92, 'Mauritania', 1, 9),
(93, 'Mauritius', 1, 9),
(94, 'Mexico', 5, 4),
(95, 'Moldova', 4, 2),
(96, 'Mongolia', 2, 3),
(97, 'Montenegro', 4, 2),
(98, 'Morocco', 1, 5),
(99, 'Mozambique', 1, 9),
(100, 'Myanmar', 2, 7),
(101, 'Namibia', 1, 9),
(102, 'Nepal', 2, 8),
(103, 'Netherlands', 4, 10),
(104, 'New Zealand', 3, 1),
(105, 'Nicaragua', 5, 4),
(106, 'Niger', 1, 9),
(107, 'Nigeria', 1, 9),
(108, 'North Cyprus', 4, 10),
(109, 'North Macedonia', 4, 0),
(110, 'Northern Cyprus', 4, 0),
(111, 'Norway', 4, 10),
(112, 'Oman', 1, 5),
(113, 'Pakistan', 2, 8),
(114, 'Palestinian Territories', 2, 5),
(115, 'Panama', 5, 4),
(116, 'Paraguay', 6, 4),
(117, 'Peru', 6, 4),
(118, 'Philippines', 2, 7),
(119, 'Poland', 4, 2),
(120, 'Portugal', 4, 10),
(121, 'Puerto Rico', 5, 4),
(122, 'Qatar', 2, 5),
(123, 'Romania', 4, 2),
(124, 'Russia', 2, 2),
(125, 'Rwanda', 1, 9),
(126, 'Saudi Arabia', 2, 5),
(127, 'Senegal', 1, 9),
(128, 'Serbia', 4, 2),
(129, 'Sierra Leone', 1, 9),
(130, 'Singapore', 2, 7),
(131, 'Slovakia', 4, 2),
(132, 'Slovenia', 4, 2),
(133, 'Somalia', 1, 9),
(134, 'Somaliland Region', 1, 9),
(135, 'South Africa', 1, 9),
(136, 'South Korea', 2, 3),
(137, 'South Sudan', 1, 9),
(138, 'Spain', 4, 10),
(139, 'Sri Lanka', 2, 8),
(140, 'Sudan', 1, 9),
(141, 'Suriname', 6, 4),
(142, 'Swaziland', 1, 9),
(143, 'Sweden', 4, 10),
(144, 'Switzerland', 4, 10),
(145, 'Syria', 2, 5),
(146, 'Taiwan', 2, 3),
(147, 'Taiwan Province of China', 2, 0),
(148, 'Tajikistan', 2, 2),
(149, 'Tanzania', 1, 9),
(150, 'Thailand', 2, 7),
(151, 'Togo', 1, 9),
(152, 'Trinidad & Tobago', 6, 0),
(153, 'Trinidad and Tobago', 6, 4),
(154, 'Tunisia', 1, 5),
(155, 'Turkey', 2, 5),
(156, 'Turkmenistan', 2, 2),
(157, 'Uganda', 1, 9),
(158, 'Ukraine', 4, 2),
(159, 'United Arab Emirates', 2, 5),
(160, 'United Kingdom', 4, 10),
(161, 'United States', 5, 6),
(162, 'Uruguay', 6, 4),
(163, 'Uzbekistan', 2, 2),
(164, 'Venezuela', 6, 4),
(165, 'Vietnam', 2, 7),
(166, 'Yemen', 2, 5),
(167, 'Zambia', 1, 9),
(168, 'Zimbabwe', 1, 9),
(169, 'Hong Kong S.A.R.', 2, 0);

-- --------------------------------------------------------

--
-- Table structure for table `region`
--

CREATE TABLE `region` (
  `Nom_Region` varchar(31) DEFAULT NULL,
  `Id_Region` int(2) NOT NULL
) ENGINE=InnoDB DEFAULT CHARSET=utf8;

--
-- Dumping data for table `region`
--

INSERT INTO `region` (`Nom_Region`, `Id_Region`) VALUES
('#N/A', 0),
('Australia and New Zealand', 1),
('Central and Eastern Europe', 2),
('Eastern Asia', 3),
('Latin America and Caribbean', 4),
('Middle East and Northern Africa', 5),
('North America', 6),
('Southeastern Asia', 7),
('Southern Asia', 8),
('Sub-Saharan Africa', 9),
('Western Europe', 10);

-- --------------------------------------------------------

--
-- Table structure for table `score`
--

CREATE TABLE `score` (
  `Id_Score` int(1) NOT NULL,
  `Nom_Score` varchar(29) DEFAULT NULL
) ENGINE=InnoDB DEFAULT CHARSET=utf8;

--
-- Dumping data for table `score`
--

INSERT INTO `score` (`Id_Score`, `Nom_Score`) VALUES
(1, 'Hapiness Rank'),
(2, 'Hapiness Score'),
(3, 'Economy (GDP per Capita)'),
(4, 'Family'),
(5, 'Health (Life Expectancy)'),
(6, 'Freedom'),
(7, 'Trust (Government Corruption)'),
(8, 'Generosity'),
(9, 'Social support');

--
-- Indexes for dumped tables
--

--
-- Indexes for table `annee`
--
ALTER TABLE `annee`
  ADD PRIMARY KEY (`Annee`);

--
-- Indexes for table `avoir`
--
ALTER TABLE `avoir`
  ADD PRIMARY KEY (`Id_Pays`,`annee`,`Id_Score`),
  ADD KEY `annee` (`annee`),
  ADD KEY `Id_Score` (`Id_Score`);

--
-- Indexes for table `continent`
--
ALTER TABLE `continent`
  ADD PRIMARY KEY (`Id_Continent`);

--
-- Indexes for table `pays`
--
ALTER TABLE `pays`
  ADD PRIMARY KEY (`Id_Pays`),
  ADD KEY `Id_Continent` (`Id_Continent`),
  ADD KEY `Id_Region` (`Id_Region`);

--
-- Indexes for table `region`
--
ALTER TABLE `region`
  ADD PRIMARY KEY (`Id_Region`);

--
-- Indexes for table `score`
--
ALTER TABLE `score`
  ADD PRIMARY KEY (`Id_Score`);

--
-- Constraints for dumped tables
--

--
-- Constraints for table `avoir`
--
ALTER TABLE `avoir`
  ADD CONSTRAINT `avoir_ibfk_1` FOREIGN KEY (`Id_Pays`) REFERENCES `pays` (`Id_Pays`),
  ADD CONSTRAINT `avoir_ibfk_2` FOREIGN KEY (`annee`) REFERENCES `annee` (`Annee`),
  ADD CONSTRAINT `avoir_ibfk_3` FOREIGN KEY (`Id_Score`) REFERENCES `score` (`Id_Score`);

--
-- Constraints for table `pays`
--
ALTER TABLE `pays`
  ADD CONSTRAINT `pays_ibfk_1` FOREIGN KEY (`Id_Continent`) REFERENCES `continent` (`Id_Continent`),
  ADD CONSTRAINT `pays_ibfk_2` FOREIGN KEY (`Id_Region`) REFERENCES `region` (`Id_Region`);
COMMIT;

/*!40101 SET CHARACTER_SET_CLIENT=@OLD_CHARACTER_SET_CLIENT */;
/*!40101 SET CHARACTER_SET_RESULTS=@OLD_CHARACTER_SET_RESULTS */;
/*!40101 SET COLLATION_CONNECTION=@OLD_COLLATION_CONNECTION */;
