-- phpMyAdmin SQL Dump
-- version 5.0.4
-- https://www.phpmyadmin.net/
--
-- Host: localhost:3306
-- Generation Time: Feb 22, 2022 at 06:52 PM
-- Server version: 5.7.24
-- PHP Version: 7.4.16

SET SQL_MODE = "NO_AUTO_VALUE_ON_ZERO";
START TRANSACTION;
SET time_zone = "+00:00";


/*!40101 SET @OLD_CHARACTER_SET_CLIENT=@@CHARACTER_SET_CLIENT */;
/*!40101 SET @OLD_CHARACTER_SET_RESULTS=@@CHARACTER_SET_RESULTS */;
/*!40101 SET @OLD_COLLATION_CONNECTION=@@COLLATION_CONNECTION */;
/*!40101 SET NAMES utf8mb4 */;

--
-- Database: `hapmap`
--

-- --------------------------------------------------------

--
-- Table structure for table `annee`
--

CREATE TABLE `annee` (
  `Annee` int(4) NOT NULL
) ENGINE=InnoDB DEFAULT CHARSET=utf8;

--
-- Dumping data for table `annee`
--

INSERT INTO `annee` (`Annee`) VALUES
(2015),
(2016),
(2017),
(2018),
(2019);

-- --------------------------------------------------------

--
-- Table structure for table `avoir2`
--

CREATE TABLE `avoir2` (
  `Id_Pays` int(3) NOT NULL,
  `annee` int(4) NOT NULL,
  `Id_Score` int(1) NOT NULL,
  `valeur_score` decimal(5,2) DEFAULT NULL,
  `rang` int(3) DEFAULT NULL
) ENGINE=InnoDB DEFAULT CHARSET=utf8;

--
-- Dumping data for table `avoir2`
--

INSERT INTO `avoir2` (`Id_Pays`, `annee`, `Id_Score`, `valeur_score`, `rang`) VALUES
(1, 2015, 1, '153.00', 153),
(1, 2015, 2, '3.58', 153),
(1, 2015, 3, '0.32', 136),
(1, 2015, 4, '0.30', 156),
(1, 2015, 5, '0.30', 137),
(1, 2015, 6, '0.23', 141),
(1, 2015, 7, '0.10', 86),
(1, 2015, 8, '0.37', 24),
(1, 2016, 1, '154.00', 154),
(1, 2016, 2, '3.36', 154),
(1, 2016, 3, '0.38', 137),
(1, 2016, 4, '0.11', 155),
(1, 2016, 5, '0.17', 146),
(1, 2016, 6, '0.16', 139),
(1, 2016, 7, '0.07', 108),
(1, 2016, 8, '0.31', 39),
(1, 2017, 1, '140.00', 140),
(1, 2017, 2, '3.79', 140),
(1, 2017, 3, '0.40', 134),
(1, 2017, 4, '0.58', 148),
(1, 2017, 5, '0.18', 141),
(1, 2017, 6, '0.11', 147),
(1, 2017, 7, '0.06', 108),
(1, 2017, 8, '0.31', 44),
(1, 2018, 1, '145.00', 145),
(1, 2018, 2, '3.63', 145),
(1, 2018, 3, '0.33', 140),
(1, 2018, 5, '0.26', 136),
(1, 2018, 6, '0.09', 151),
(1, 2018, 7, '0.04', 129),
(1, 2018, 8, '0.19', 64),
(1, 2018, 9, '0.54', 152),
(1, 2019, 1, '154.00', 154),
(1, 2019, 2, '3.20', 154),
(1, 2019, 3, '0.35', 136),
(1, 2019, 5, '0.36', 144),
(1, 2019, 6, '0.00', 156),
(1, 2019, 7, '0.03', 143),
(1, 2019, 8, '0.16', 89),
(1, 2019, 9, '0.52', 152),
(2, 2015, 1, '95.00', 95),
(2, 2015, 2, '4.96', 95),
(2, 2015, 3, '0.88', 86),
(2, 2015, 4, '0.80', 123),
(2, 2015, 5, '0.81', 39),
(2, 2015, 6, '0.36', 109),
(2, 2015, 7, '0.06', 113),
(2, 2015, 8, '0.14', 121),
(2, 2016, 1, '109.00', 109),
(2, 2016, 2, '4.66', 109),
(2, 2016, 3, '0.96', 88),
(2, 2016, 4, '0.50', 134),
(2, 2016, 5, '0.73', 39),
(2, 2016, 6, '0.32', 104),
(2, 2016, 7, '0.05', 124),
(2, 2016, 8, '0.17', 112),
(2, 2017, 1, '108.00', 108),
(2, 2017, 2, '4.64', 108),
(2, 2017, 3, '1.00', 84),
(2, 2017, 4, '0.80', 137),
(2, 2017, 5, '0.73', 37),
(2, 2017, 6, '0.38', 97),
(2, 2017, 7, '0.04', 131),
(2, 2017, 8, '0.20', 95),
(2, 2018, 1, '112.00', 112),
(2, 2018, 2, '4.59', 112),
(2, 2018, 3, '0.92', 82),
(2, 2018, 5, '0.79', 37),
(2, 2018, 6, '0.42', 101),
(2, 2018, 7, '0.03', 135),
(2, 2018, 8, '0.15', 91),
(2, 2018, 9, '0.82', 137),
(2, 2019, 1, '107.00', 107),
(2, 2019, 2, '4.72', 107),
(2, 2019, 3, '0.95', 83),
(2, 2019, 5, '0.87', 42),
(2, 2019, 6, '0.38', 88),
(2, 2019, 7, '0.03', 140),
(2, 2019, 8, '0.18', 78),
(2, 2019, 9, '0.85', 134),
(3, 2015, 1, '68.00', 68),
(3, 2015, 2, '5.61', 68),
(3, 2015, 3, '0.94', 75),
(3, 2015, 4, '1.08', 68),
(3, 2015, 5, '0.62', 97),
(3, 2015, 6, '0.29', 129),
(3, 2015, 7, '0.17', 44),
(3, 2015, 8, '0.08', 148),
(3, 2016, 1, '38.00', 38),
(3, 2016, 2, '6.36', 38),
(3, 2016, 3, '1.05', 75),
(3, 2016, 4, '0.83', 81),
(3, 2016, 5, '0.62', 76),
(3, 2016, 6, '0.21', 131),
(3, 2016, 7, '0.16', 48),
(3, 2016, 8, '0.07', 146),
(3, 2017, 1, '53.00', 53),
(3, 2017, 2, '5.87', 53),
(3, 2017, 3, '1.09', 71),
(3, 2017, 4, '1.15', 101),
(3, 2017, 5, '0.62', 73),
(3, 2017, 6, '0.23', 136),
(3, 2017, 7, '0.15', 42),
(3, 2017, 8, '0.07', 143),
(3, 2018, 1, '84.00', 84),
(3, 2018, 2, '5.30', 84),
(3, 2018, 3, '0.98', 74),
(3, 2018, 5, '0.69', 64),
(3, 2018, 6, '0.08', 152),
(3, 2018, 7, '0.14', 42),
(3, 2018, 8, '0.06', 145),
(3, 2018, 9, '1.15', 106),
(3, 2019, 1, '88.00', 88),
(3, 2019, 2, '5.21', 88),
(3, 2019, 3, '1.00', 74),
(3, 2019, 5, '0.79', 80),
(3, 2019, 6, '0.09', 150),
(3, 2019, 7, '0.11', 50),
(3, 2019, 8, '0.07', 141),
(3, 2019, 9, '1.16', 102),
(4, 2015, 1, '137.00', 137),
(4, 2015, 2, '4.03', 137),
(4, 2015, 3, '0.76', 99),
(4, 2015, 4, '0.86', 118),
(4, 2015, 5, '0.17', 148),
(4, 2015, 6, '0.10', 154),
(4, 2015, 7, '0.07', 110),
(4, 2015, 8, '0.12', 128),
(4, 2016, 1, '141.00', 141),
(4, 2016, 2, '3.87', 141),
(4, 2016, 3, '0.85', 101),
(4, 2016, 4, '0.66', 114),
(4, 2016, 5, '0.05', 154),
(4, 2016, 6, '0.01', 156),
(4, 2016, 7, '0.08', 93),
(4, 2016, 8, '0.12', 132),
(4, 2017, 1, '139.00', 139),
(4, 2017, 2, '3.80', 139),
(4, 2017, 3, '0.86', 101),
(4, 2017, 4, '1.10', 109),
(4, 2017, 5, '0.05', 149),
(4, 2017, 6, '0.00', 154),
(4, 2017, 7, '0.07', 99),
(4, 2017, 8, '0.10', 136),
(4, 2018, 1, '142.00', 142),
(4, 2018, 2, '3.80', 142),
(4, 2018, 3, '0.73', 104),
(4, 2018, 5, '0.27', 134),
(4, 2018, 6, '0.00', 156),
(4, 2018, 7, '0.06', 102),
(4, 2018, 8, '0.08', 134),
(4, 2018, 9, '1.13', 109),
(5, 2015, 1, '30.00', 30),
(5, 2015, 2, '6.57', 30),
(5, 2015, 3, '1.05', 57),
(5, 2015, 4, '1.25', 29),
(5, 2015, 5, '0.79', 48),
(5, 2015, 6, '0.45', 75),
(5, 2015, 7, '0.08', 95),
(5, 2015, 8, '0.11', 135),
(5, 2016, 1, '26.00', 26),
(5, 2016, 2, '6.65', 26),
(5, 2016, 3, '1.15', 57),
(5, 2016, 4, '1.07', 21),
(5, 2016, 5, '0.70', 48),
(5, 2016, 6, '0.42', 65),
(5, 2016, 7, '0.07', 107),
(5, 2016, 8, '0.11', 136),
(5, 2017, 1, '24.00', 24),
(5, 2017, 2, '6.60', 24),
(5, 2017, 3, '1.19', 56),
(5, 2017, 4, '1.44', 30),
(5, 2017, 5, '0.70', 49),
(5, 2017, 6, '0.49', 48),
(5, 2017, 7, '0.06', 113),
(5, 2017, 8, '0.11', 132),
(5, 2018, 1, '29.00', 29),
(5, 2018, 2, '6.39', 29),
(5, 2018, 3, '1.07', 56),
(5, 2018, 5, '0.74', 46),
(5, 2018, 6, '0.57', 43),
(5, 2018, 7, '0.05', 110),
(5, 2018, 8, '0.06', 142),
(5, 2018, 9, '1.47', 38),
(5, 2019, 1, '47.00', 47),
(5, 2019, 2, '6.09', 47),
(5, 2019, 3, '1.09', 57),
(5, 2019, 5, '0.88', 40),
(5, 2019, 6, '0.47', 55),
(5, 2019, 7, '0.05', 115),
(5, 2019, 8, '0.07', 144),
(5, 2019, 9, '1.43', 46),
(6, 2015, 1, '127.00', 127),
(6, 2015, 2, '4.35', 127),
(6, 2015, 3, '0.77', 96),
(6, 2015, 4, '0.78', 128),
(6, 2015, 5, '0.73', 66),
(6, 2015, 6, '0.20', 147),
(6, 2015, 7, '0.04', 135),
(6, 2015, 8, '0.08', 147),
(6, 2016, 1, '121.00', 121),
(6, 2016, 2, '4.36', 121),
(6, 2016, 3, '0.86', 99),
(6, 2016, 4, '0.62', 124),
(6, 2016, 5, '0.64', 65),
(6, 2016, 6, '0.14', 146),
(6, 2016, 7, '0.04', 139),
(6, 2016, 8, '0.08', 145),
(6, 2017, 1, '120.00', 120),
(6, 2017, 2, '4.38', 120),
(6, 2017, 3, '0.90', 96),
(6, 2017, 4, '1.01', 117),
(6, 2017, 5, '0.64', 67),
(6, 2017, 6, '0.20', 139),
(6, 2017, 7, '0.03', 141),
(6, 2017, 8, '0.08', 139),
(6, 2018, 1, '129.00', 129),
(6, 2018, 2, '4.32', 129),
(6, 2018, 3, '0.82', 95),
(6, 2018, 5, '0.67', 76),
(6, 2018, 6, '0.26', 137),
(6, 2018, 7, '0.03', 142),
(6, 2018, 8, '0.08', 136),
(6, 2018, 9, '0.99', 123),
(6, 2019, 1, '116.00', 116),
(6, 2019, 2, '4.56', 116),
(6, 2019, 3, '0.85', 93),
(6, 2019, 5, '0.82', 66),
(6, 2019, 6, '0.28', 124),
(6, 2019, 7, '0.06', 98),
(6, 2019, 8, '0.10', 127),
(6, 2019, 9, '1.06', 118),
(7, 2015, 1, '10.00', 10),
(7, 2015, 2, '7.28', 10),
(7, 2015, 3, '1.33', 14),
(7, 2015, 4, '1.31', 11),
(7, 2015, 5, '0.93', 10),
(7, 2015, 6, '0.65', 6),
(7, 2015, 7, '0.36', 15),
(7, 2015, 8, '0.44', 15),
(7, 2016, 1, '9.00', 9),
(7, 2016, 2, '7.31', 9),
(7, 2016, 3, '1.44', 16),
(7, 2016, 4, '1.10', 11),
(7, 2016, 5, '0.85', 8),
(7, 2016, 6, '0.57', 10),
(7, 2016, 7, '0.32', 13),
(7, 2016, 8, '0.47', 13),
(7, 2017, 1, '10.00', 10),
(7, 2017, 2, '7.28', 10),
(7, 2017, 3, '1.48', 16),
(7, 2017, 4, '1.51', 10),
(7, 2017, 5, '0.84', 10),
(7, 2017, 6, '0.60', 14),
(7, 2017, 7, '0.30', 12),
(7, 2017, 8, '0.48', 10),
(7, 2018, 1, '10.00', 10),
(7, 2018, 2, '7.27', 10),
(7, 2018, 3, '1.34', 18),
(7, 2018, 5, '0.91', 10),
(7, 2018, 6, '0.65', 13),
(7, 2018, 7, '0.30', 12),
(7, 2018, 8, '0.36', 9),
(7, 2018, 9, '1.57', 8),
(7, 2019, 1, '11.00', 11),
(7, 2019, 2, '7.23', 11),
(7, 2019, 3, '1.37', 18),
(7, 2019, 5, '1.04', 11),
(7, 2019, 6, '0.56', 17),
(7, 2019, 7, '0.29', 13),
(7, 2019, 8, '0.33', 10),
(7, 2019, 9, '1.55', 7),
(8, 2015, 1, '13.00', 13),
(8, 2015, 2, '7.20', 13),
(8, 2015, 3, '1.34', 12),
(8, 2015, 4, '1.30', 16),
(8, 2015, 5, '0.89', 23),
(8, 2015, 6, '0.62', 17),
(8, 2015, 7, '0.19', 38),
(8, 2015, 8, '0.33', 35),
(8, 2016, 1, '12.00', 12),
(8, 2016, 2, '7.12', 12),
(8, 2016, 3, '1.45', 14),
(8, 2016, 4, '1.08', 18),
(8, 2016, 5, '0.81', 25),
(8, 2016, 6, '0.54', 22),
(8, 2016, 7, '0.21', 30),
(8, 2016, 8, '0.33', 32),
(8, 2017, 1, '13.00', 13),
(8, 2017, 2, '7.01', 13),
(8, 2017, 3, '1.49', 15),
(8, 2017, 4, '1.46', 24),
(8, 2017, 5, '0.82', 20),
(8, 2017, 6, '0.57', 26),
(8, 2017, 7, '0.22', 25),
(8, 2017, 8, '0.32', 41),
(8, 2018, 1, '12.00', 12),
(8, 2018, 2, '7.14', 12),
(8, 2018, 3, '1.34', 17),
(8, 2018, 5, '0.89', 17),
(8, 2018, 6, '0.62', 26),
(8, 2018, 7, '0.22', 21),
(8, 2018, 8, '0.24', 39),
(8, 2018, 9, '1.50', 24),
(8, 2019, 1, '10.00', 10),
(8, 2019, 2, '7.25', 10),
(8, 2019, 3, '1.38', 16),
(8, 2019, 5, '1.02', 17),
(8, 2019, 6, '0.53', 27),
(8, 2019, 7, '0.23', 19),
(8, 2019, 8, '0.24', 43),
(8, 2019, 9, '1.48', 30),
(9, 2015, 1, '80.00', 80),
(9, 2015, 2, '5.21', 80),
(9, 2015, 3, '1.02', 62),
(9, 2015, 4, '0.94', 103),
(9, 2015, 5, '0.64', 93),
(9, 2015, 6, '0.37', 105),
(9, 2015, 7, '0.16', 46),
(9, 2015, 8, '0.08', 149),
(9, 2016, 1, '81.00', 81),
(9, 2016, 2, '5.29', 81),
(9, 2016, 3, '1.12', 61),
(9, 2016, 4, '0.76', 96),
(9, 2016, 5, '0.55', 94),
(9, 2016, 6, '0.35', 98),
(9, 2016, 7, '0.18', 38),
(9, 2016, 8, '0.06', 149),
(9, 2017, 1, '84.00', 84),
(9, 2017, 2, '5.23', 84),
(9, 2017, 3, '1.15', 60),
(9, 2017, 4, '1.15', 99),
(9, 2017, 5, '0.54', 93),
(9, 2017, 6, '0.40', 92),
(9, 2017, 7, '0.18', 29),
(9, 2017, 8, '0.05', 149),
(9, 2018, 1, '87.00', 87),
(9, 2018, 2, '5.20', 87),
(9, 2018, 3, '1.02', 62),
(9, 2018, 5, '0.60', 91),
(9, 2018, 6, '0.43', 98),
(9, 2018, 7, '0.18', 24),
(9, 2018, 8, '0.03', 152),
(9, 2018, 9, '1.16', 104),
(9, 2019, 1, '90.00', 90),
(9, 2019, 2, '5.21', 90),
(9, 2019, 3, '1.04', 66),
(9, 2019, 5, '0.77', 85),
(9, 2019, 6, '0.35', 102),
(9, 2019, 7, '0.18', 22),
(9, 2019, 8, '0.04', 154),
(9, 2019, 9, '1.15', 105),
(10, 2015, 1, '49.00', 49),
(10, 2015, 2, '5.96', 49),
(10, 2015, 3, '1.32', 20),
(10, 2015, 4, '1.22', 40),
(10, 2015, 5, '0.75', 56),
(10, 2015, 6, '0.45', 74),
(10, 2015, 7, '0.31', 23),
(10, 2015, 8, '0.17', 108),
(10, 2016, 1, '42.00', 42),
(10, 2016, 2, '6.22', 42),
(10, 2016, 3, '1.44', 18),
(10, 2016, 4, '0.94', 54),
(10, 2016, 5, '0.66', 57),
(10, 2016, 6, '0.47', 43),
(10, 2016, 7, '0.26', 26),
(10, 2016, 8, '0.17', 110),
(10, 2017, 1, '41.00', 41),
(10, 2017, 2, '6.09', 41),
(10, 2017, 3, '1.49', 13),
(10, 2017, 4, '1.32', 60),
(10, 2017, 5, '0.65', 54),
(10, 2017, 6, '0.54', 35),
(10, 2017, 7, '0.26', 21),
(10, 2017, 8, '0.17', 109),
(10, 2018, 1, '43.00', 43),
(10, 2018, 2, '6.11', 43),
(10, 2018, 3, '1.34', 20),
(10, 2018, 5, '0.70', 59),
(10, 2018, 6, '0.59', 32),
(10, 2018, 7, '0.12', 49),
(10, 2018, 8, '0.24', 38),
(10, 2018, 9, '1.37', 60),
(10, 2019, 1, '37.00', 37),
(10, 2019, 2, '6.20', 37),
(10, 2019, 3, '1.36', 21),
(10, 2019, 5, '0.87', 45),
(10, 2019, 6, '0.54', 25),
(10, 2019, 7, '0.11', 52),
(10, 2019, 8, '0.26', 36),
(10, 2019, 9, '1.37', 59),
(11, 2015, 1, '109.00', 109),
(11, 2015, 2, '4.69', 109),
(11, 2015, 3, '0.40', 128),
(11, 2015, 4, '0.43', 149),
(11, 2015, 5, '0.60', 105),
(11, 2015, 6, '0.41', 92),
(11, 2015, 7, '0.13', 67),
(11, 2015, 8, '0.21', 84),
(11, 2016, 1, '110.00', 110),
(11, 2016, 2, '4.64', 110),
(11, 2016, 3, '0.54', 127),
(11, 2016, 4, '0.25', 149),
(11, 2016, 5, '0.53', 98),
(11, 2016, 6, '0.40', 78),
(11, 2016, 7, '0.13', 62),
(11, 2016, 8, '0.19', 96),
(11, 2017, 1, '109.00', 109),
(11, 2017, 2, '4.61', 109),
(11, 2017, 3, '0.59', 123),
(11, 2017, 4, '0.74', 141),
(11, 2017, 5, '0.53', 95),
(11, 2017, 6, '0.48', 54),
(11, 2017, 7, '0.12', 51),
(11, 2017, 8, '0.17', 110),
(11, 2018, 1, '115.00', 115),
(11, 2018, 2, '4.50', 115),
(11, 2018, 3, '0.53', 125),
(11, 2018, 5, '0.58', 96),
(11, 2018, 6, '0.58', 38),
(11, 2018, 7, '0.14', 37),
(11, 2018, 8, '0.15', 89),
(11, 2018, 9, '0.85', 136),
(11, 2019, 1, '125.00', 125),
(11, 2019, 2, '4.46', 125),
(11, 2019, 3, '0.56', 122),
(11, 2019, 5, '0.72', 94),
(11, 2019, 6, '0.53', 28),
(11, 2019, 7, '0.14', 38),
(11, 2019, 8, '0.17', 86),
(11, 2019, 9, '0.93', 127),
(12, 2015, 1, '59.00', 59),
(12, 2015, 2, '5.81', 59),
(12, 2015, 3, '1.03', 60),
(12, 2015, 4, '1.23', 34),
(12, 2015, 5, '0.74', 61),
(12, 2015, 6, '0.38', 103),
(12, 2015, 7, '0.19', 35),
(12, 2015, 8, '0.11', 139),
(12, 2016, 1, '61.00', 61),
(12, 2016, 2, '5.80', 61),
(12, 2016, 3, '1.13', 60),
(12, 2016, 4, '1.05', 28),
(12, 2016, 5, '0.63', 70),
(12, 2016, 6, '0.29', 110),
(12, 2016, 7, '0.17', 41),
(12, 2016, 8, '0.14', 123),
(12, 2017, 1, '67.00', 67),
(12, 2017, 2, '5.57', 67),
(12, 2017, 3, '1.16', 59),
(12, 2017, 4, '1.44', 28),
(12, 2017, 5, '0.64', 65),
(12, 2017, 6, '0.30', 118),
(12, 2017, 7, '0.16', 36),
(12, 2017, 8, '0.16', 115),
(12, 2018, 1, '73.00', 73),
(12, 2018, 2, '5.48', 73),
(12, 2018, 3, '1.04', 59),
(12, 2018, 5, '0.70', 57),
(12, 2018, 6, '0.31', 127),
(12, 2018, 7, '0.15', 32),
(12, 2018, 8, '0.10', 121),
(12, 2018, 9, '1.50', 27),
(12, 2019, 1, '81.00', 81),
(12, 2019, 2, '5.32', 81),
(12, 2019, 3, '1.07', 60),
(12, 2019, 5, '0.79', 78),
(12, 2019, 6, '0.24', 132),
(12, 2019, 7, '0.14', 39),
(12, 2019, 8, '0.09', 128),
(12, 2019, 9, '1.47', 33),
(13, 2015, 1, '19.00', 19),
(13, 2015, 2, '6.94', 19),
(13, 2015, 3, '1.31', 21),
(13, 2015, 4, '1.29', 18),
(13, 2015, 5, '0.90', 19),
(13, 2015, 6, '0.58', 31),
(13, 2015, 7, '0.23', 29),
(13, 2015, 8, '0.22', 75),
(13, 2016, 1, '18.00', 18),
(13, 2016, 2, '6.93', 18),
(13, 2016, 3, '1.43', 21),
(13, 2016, 4, '1.05', 26),
(13, 2016, 5, '0.82', 18),
(13, 2016, 6, '0.51', 30),
(13, 2016, 7, '0.26', 25),
(13, 2016, 8, '0.24', 66),
(13, 2017, 1, '17.00', 17),
(13, 2017, 2, '6.89', 17),
(13, 2017, 3, '1.46', 20),
(13, 2017, 4, '1.46', 23),
(13, 2017, 5, '0.82', 18),
(13, 2017, 6, '0.54', 34),
(13, 2017, 7, '0.25', 23),
(13, 2017, 8, '0.23', 78),
(13, 2018, 1, '16.00', 16),
(13, 2018, 2, '6.93', 16),
(13, 2018, 3, '1.32', 22),
(13, 2018, 5, '0.89', 16),
(13, 2018, 6, '0.58', 37),
(13, 2018, 7, '0.24', 20),
(13, 2018, 8, '0.19', 65),
(13, 2018, 9, '1.48', 32),
(13, 2019, 1, '18.00', 18),
(13, 2019, 2, '6.92', 18),
(13, 2019, 3, '1.36', 22),
(13, 2019, 5, '0.99', 28),
(13, 2019, 6, '0.47', 54),
(13, 2019, 7, '0.21', 20),
(13, 2019, 8, '0.16', 88),
(13, 2019, 9, '1.50', 21),
(14, 2016, 1, '52.00', 52),
(14, 2016, 2, '5.96', 52),
(14, 2016, 3, '0.88', 96),
(14, 2016, 4, '0.69', 113),
(14, 2016, 5, '0.46', 111),
(14, 2016, 6, '0.51', 31),
(14, 2016, 7, '0.11', 75),
(14, 2016, 8, '0.24', 71),
(14, 2017, 1, '50.00', 50),
(14, 2017, 2, '5.96', 50),
(14, 2017, 3, '0.91', 95),
(14, 2017, 4, '1.08', 112),
(14, 2017, 5, '0.45', 109),
(14, 2017, 6, '0.55', 33),
(14, 2017, 7, '0.10', 69),
(14, 2017, 8, '0.24', 72),
(14, 2018, 1, '49.00', 49),
(14, 2018, 2, '5.96', 49),
(14, 2018, 3, '0.81', 96),
(14, 2018, 5, '0.47', 111),
(14, 2018, 6, '0.59', 33),
(14, 2018, 7, '0.09', 74),
(14, 2018, 8, '0.18', 70),
(14, 2018, 9, '1.10', 111),
(15, 2015, 1, '155.00', 155),
(15, 2015, 2, '3.34', 155),
(15, 2015, 3, '0.29', 137),
(15, 2015, 4, '0.35', 155),
(15, 2015, 5, '0.32', 135),
(15, 2015, 6, '0.48', 62),
(15, 2015, 7, '0.08', 102),
(15, 2015, 8, '0.18', 101),
(15, 2016, 1, '153.00', 153),
(15, 2016, 2, '3.48', 153),
(15, 2016, 3, '0.39', 135),
(15, 2016, 4, '0.10', 156),
(15, 2016, 5, '0.21', 141),
(15, 2016, 6, '0.40', 79),
(15, 2016, 7, '0.07', 113),
(15, 2016, 8, '0.20', 93),
(15, 2017, 1, '142.00', 142),
(15, 2017, 2, '3.66', 142),
(15, 2017, 3, '0.43', 133),
(15, 2017, 4, '0.44', 151),
(15, 2017, 5, '0.21', 136),
(15, 2017, 6, '0.43', 82),
(15, 2017, 7, '0.06', 109),
(15, 2017, 8, '0.21', 90),
(15, 2018, 1, '136.00', 136),
(15, 2018, 2, '4.14', 136),
(15, 2018, 3, '0.38', 134),
(15, 2018, 5, '0.24', 140),
(15, 2018, 6, '0.44', 95),
(15, 2018, 7, '0.07', 94),
(15, 2018, 8, '0.16', 84),
(15, 2018, 9, '0.37', 155),
(15, 2019, 1, '102.00', 102),
(15, 2019, 2, '4.88', 102),
(15, 2019, 3, '0.39', 131),
(15, 2019, 5, '0.40', 138),
(15, 2019, 6, '0.35', 104),
(15, 2019, 7, '0.08', 81),
(15, 2019, 8, '0.18', 82),
(15, 2019, 9, '0.44', 154),
(16, 2015, 1, '79.00', 79),
(16, 2015, 2, '5.25', 79),
(16, 2015, 3, '0.77', 95),
(16, 2015, 4, '1.10', 62),
(16, 2015, 5, '0.57', 108),
(16, 2015, 6, '0.53', 47),
(16, 2015, 7, '0.15', 51),
(16, 2015, 8, '0.48', 7),
(16, 2016, 1, '84.00', 84),
(16, 2016, 2, '5.20', 84),
(16, 2016, 3, '0.85', 100),
(16, 2016, 4, '0.91', 60),
(16, 2016, 5, '0.50', 107),
(16, 2016, 6, '0.46', 50),
(16, 2016, 7, '0.16', 47),
(16, 2016, 8, '0.49', 8),
(16, 2017, 1, '96.00', 96),
(16, 2017, 2, '5.01', 96),
(16, 2017, 3, '0.89', 98),
(16, 2017, 4, '1.34', 58),
(16, 2017, 5, '0.50', 104),
(16, 2017, 6, '0.50', 45),
(16, 2017, 7, '0.17', 32),
(16, 2017, 8, '0.47', 12),
(16, 2018, 1, '97.00', 97),
(16, 2018, 2, '5.08', 97),
(16, 2018, 3, '0.80', 98),
(16, 2018, 5, '0.53', 105),
(16, 2018, 6, '0.54', 53),
(16, 2018, 7, '0.17', 28),
(16, 2018, 8, '0.36', 7),
(16, 2018, 9, '1.34', 63),
(16, 2019, 1, '95.00', 95),
(16, 2019, 2, '5.08', 95),
(16, 2019, 3, '0.81', 97),
(16, 2019, 5, '0.60', 109),
(16, 2019, 6, '0.46', 59),
(16, 2019, 7, '0.17', 26),
(16, 2019, 8, '0.37', 6),
(16, 2019, 9, '1.32', 68),
(17, 2015, 1, '51.00', 51),
(17, 2015, 2, '5.89', 51),
(17, 2015, 3, '0.68', 105),
(17, 2015, 4, '0.98', 93),
(17, 2015, 5, '0.54', 112),
(17, 2015, 6, '0.57', 34),
(17, 2015, 7, '0.09', 91),
(17, 2015, 8, '0.21', 88),
(17, 2016, 1, '59.00', 59),
(17, 2016, 2, '5.82', 59),
(17, 2016, 3, '0.79', 106),
(17, 2016, 4, '0.84', 80),
(17, 2016, 5, '0.47', 110),
(17, 2016, 6, '0.51', 32),
(17, 2016, 7, '0.08', 102),
(17, 2016, 8, '0.22', 82),
(17, 2017, 1, '58.00', 58),
(17, 2017, 2, '5.82', 58),
(17, 2017, 3, '0.83', 103),
(17, 2017, 4, '1.23', 83),
(17, 2017, 5, '0.47', 106),
(17, 2017, 6, '0.56', 29),
(17, 2017, 7, '0.06', 110),
(17, 2017, 8, '0.23', 82),
(17, 2018, 1, '62.00', 62),
(17, 2018, 2, '5.75', 62),
(17, 2018, 3, '0.75', 103),
(17, 2018, 5, '0.51', 109),
(17, 2018, 6, '0.61', 28),
(17, 2018, 7, '0.05', 110),
(17, 2018, 8, '0.14', 98),
(17, 2018, 9, '1.22', 88),
(17, 2019, 1, '61.00', 61),
(17, 2019, 2, '5.78', 61),
(17, 2019, 3, '0.78', 103),
(17, 2019, 5, '0.71', 98),
(17, 2019, 6, '0.51', 36),
(17, 2019, 7, '0.06', 98),
(17, 2019, 8, '0.14', 104),
(17, 2019, 9, '1.21', 94),
(18, 2015, 1, '96.00', 96),
(18, 2015, 2, '4.95', 96),
(18, 2015, 3, '0.83', 89),
(18, 2015, 4, '0.92', 106),
(18, 2015, 5, '0.79', 44),
(18, 2015, 6, '0.09', 156),
(18, 2015, 7, '0.00', 157),
(18, 2015, 8, '0.25', 60),
(18, 2016, 1, '87.00', 87),
(18, 2016, 2, '5.16', 87),
(18, 2016, 3, '0.93', 91),
(18, 2016, 4, '0.64', 117),
(18, 2016, 5, '0.71', 45),
(18, 2016, 6, '0.10', 152),
(18, 2016, 7, '0.00', 157),
(18, 2016, 8, '0.30', 44),
(18, 2017, 1, '89.00', 89),
(18, 2017, 2, '5.18', 89),
(18, 2017, 3, '0.98', 88),
(18, 2017, 4, '1.07', 113),
(18, 2017, 5, '0.71', 45),
(18, 2017, 6, '0.20', 138),
(18, 2017, 7, '0.00', 154),
(18, 2017, 8, '0.33', 35),
(18, 2018, 1, '93.00', 93),
(18, 2018, 2, '5.13', 93),
(18, 2018, 3, '0.92', 83),
(18, 2018, 5, '0.76', 44),
(18, 2018, 6, '0.28', 134),
(18, 2018, 7, '0.00', 155),
(18, 2018, 8, '0.22', 47),
(18, 2018, 9, '1.08', 116),
(18, 2019, 1, '78.00', 78),
(18, 2019, 2, '5.39', 78),
(18, 2019, 3, '0.95', 84),
(18, 2019, 5, '0.85', 53),
(18, 2019, 6, '0.21', 138),
(18, 2019, 7, '0.01', 152),
(18, 2019, 8, '0.26', 28),
(18, 2019, 9, '1.21', 93),
(19, 2015, 1, '128.00', 128),
(19, 2015, 2, '4.33', 128),
(19, 2015, 3, '0.99', 68),
(19, 2015, 4, '1.10', 61),
(19, 2015, 5, '0.05', 157),
(19, 2015, 6, '0.49', 55),
(19, 2015, 7, '0.12', 69),
(19, 2015, 8, '0.10', 143),
(19, 2016, 1, '137.00', 137),
(19, 2016, 2, '3.97', 137),
(19, 2016, 3, '1.09', 67),
(19, 2016, 4, '0.89', 63),
(19, 2016, 5, '0.35', 122),
(19, 2016, 6, '0.44', 54),
(19, 2016, 7, '0.11', 76),
(19, 2016, 8, '0.12', 129),
(19, 2017, 1, '141.00', 141),
(19, 2017, 2, '3.77', 141),
(19, 2017, 3, '1.12', 65),
(19, 2017, 4, '1.22', 84),
(19, 2017, 5, '0.34', 119),
(19, 2017, 6, '0.51', 44),
(19, 2017, 7, '0.10', 68),
(19, 2017, 8, '0.10', 134),
(19, 2018, 1, '146.00', 146),
(19, 2018, 2, '3.59', 146),
(19, 2018, 3, '1.02', 63),
(19, 2018, 5, '0.42', 118),
(19, 2018, 6, '0.56', 45),
(19, 2018, 7, '0.09', 73),
(19, 2018, 8, '0.04', 148),
(19, 2018, 9, '1.17', 99),
(19, 2019, 1, '148.00', 148),
(19, 2019, 2, '3.49', 148),
(19, 2019, 3, '1.04', 68),
(19, 2019, 5, '0.54', 118),
(19, 2019, 6, '0.46', 61),
(19, 2019, 7, '0.10', 58),
(19, 2019, 8, '0.03', 155),
(19, 2019, 9, '1.15', 106),
(20, 2015, 1, '16.00', 16),
(20, 2015, 2, '6.98', 16),
(20, 2015, 3, '0.98', 70),
(20, 2015, 4, '1.23', 35),
(20, 2015, 5, '0.70', 79),
(20, 2015, 6, '0.49', 57),
(20, 2015, 7, '0.18', 42),
(20, 2015, 8, '0.15', 120),
(20, 2016, 1, '17.00', 17),
(20, 2016, 2, '6.95', 17),
(20, 2016, 3, '1.09', 69),
(20, 2016, 4, '1.04', 34),
(20, 2016, 5, '0.61', 77),
(20, 2016, 6, '0.40', 74),
(20, 2016, 7, '0.14', 53),
(20, 2016, 8, '0.16', 116),
(20, 2017, 1, '22.00', 22),
(20, 2017, 2, '6.64', 22),
(20, 2017, 3, '1.11', 68),
(20, 2017, 4, '1.43', 35),
(20, 2017, 5, '0.62', 75),
(20, 2017, 6, '0.44', 78),
(20, 2017, 7, '0.11', 60),
(20, 2017, 8, '0.16', 112),
(20, 2018, 1, '28.00', 28),
(20, 2018, 2, '6.42', 28),
(20, 2018, 3, '0.99', 71),
(20, 2018, 5, '0.68', 68),
(20, 2018, 6, '0.49', 78),
(20, 2018, 7, '0.09', 75),
(20, 2018, 8, '0.11', 117),
(20, 2018, 9, '1.47', 34),
(20, 2019, 1, '32.00', 32),
(20, 2019, 2, '6.30', 32),
(20, 2019, 3, '1.00', 72),
(20, 2019, 5, '0.80', 75),
(20, 2019, 6, '0.39', 85),
(20, 2019, 7, '0.09', 77),
(20, 2019, 8, '0.10', 125),
(20, 2019, 9, '1.44', 43),
(21, 2015, 1, '134.00', 134),
(21, 2015, 2, '4.22', 134),
(21, 2015, 3, '1.01', 64),
(21, 2015, 4, '1.11', 60),
(21, 2015, 5, '0.77', 52),
(21, 2015, 6, '0.31', 126),
(21, 2015, 7, '0.01', 155),
(21, 2015, 8, '0.12', 132),
(21, 2016, 1, '129.00', 129),
(21, 2016, 2, '4.22', 129),
(21, 2016, 3, '1.11', 65),
(21, 2016, 4, '0.93', 58),
(21, 2016, 5, '0.68', 52),
(21, 2016, 6, '0.21', 130),
(21, 2016, 7, '0.01', 155),
(21, 2016, 8, '0.13', 127),
(21, 2017, 1, '104.00', 104),
(21, 2017, 2, '4.71', 104),
(21, 2017, 3, '1.16', 57),
(21, 2017, 4, '1.43', 32),
(21, 2017, 5, '0.71', 43),
(21, 2017, 6, '0.29', 120),
(21, 2017, 7, '0.01', 150),
(21, 2017, 8, '0.11', 131),
(21, 2018, 1, '100.00', 100),
(21, 2018, 2, '4.93', 100),
(21, 2018, 3, '1.05', 58),
(21, 2018, 5, '0.71', 54),
(21, 2018, 6, '0.36', 116),
(21, 2018, 7, '0.01', 152),
(21, 2018, 8, '0.06', 140),
(21, 2018, 9, '1.52', 22),
(21, 2019, 1, '97.00', 97),
(21, 2019, 2, '5.01', 97),
(21, 2019, 3, '1.09', 57),
(21, 2019, 5, '0.82', 66),
(21, 2019, 6, '0.31', 116),
(21, 2019, 7, '0.00', 155),
(21, 2019, 8, '0.08', 134),
(21, 2019, 9, '1.51', 18),
(22, 2015, 1, '152.00', 152),
(22, 2015, 2, '3.59', 152),
(22, 2015, 3, '0.26', 143),
(22, 2015, 4, '0.85', 120),
(22, 2015, 5, '0.27', 142),
(22, 2015, 6, '0.39', 100),
(22, 2015, 7, '0.13', 66),
(22, 2015, 8, '0.22', 78),
(22, 2016, 1, '145.00', 145),
(22, 2016, 2, '3.74', 145),
(22, 2016, 3, '0.32', 144),
(22, 2016, 4, '0.63', 121),
(22, 2016, 5, '0.21', 140),
(22, 2016, 6, '0.33', 100),
(22, 2016, 7, '0.13', 63),
(22, 2016, 8, '0.24', 65),
(22, 2017, 1, '133.00', 133),
(22, 2017, 2, '4.03', 133),
(22, 2017, 3, '0.35', 142),
(22, 2017, 4, '1.04', 115),
(22, 2017, 5, '0.22', 135),
(22, 2017, 6, '0.32', 111),
(22, 2017, 7, '0.12', 52),
(22, 2017, 8, '0.25', 64),
(22, 2018, 1, '121.00', 121),
(22, 2018, 2, '4.42', 121),
(22, 2018, 3, '0.31', 144),
(22, 2018, 5, '0.25', 137),
(22, 2018, 6, '0.31', 124),
(22, 2018, 7, '0.13', 46),
(22, 2018, 8, '0.18', 76),
(22, 2018, 9, '1.10', 112),
(22, 2019, 1, '115.00', 115),
(22, 2019, 2, '4.59', 115),
(22, 2019, 3, '0.33', 140),
(22, 2019, 5, '0.38', 140),
(22, 2019, 6, '0.26', 128),
(22, 2019, 7, '0.11', 51),
(22, 2019, 8, '0.18', 79),
(22, 2019, 9, '1.06', 117),
(23, 2015, 1, '157.00', 157),
(23, 2015, 2, '2.91', 157),
(23, 2015, 3, '0.02', 157),
(23, 2015, 4, '0.42', 150),
(23, 2015, 5, '0.22', 146),
(23, 2015, 6, '0.12', 153),
(23, 2015, 7, '0.10', 85),
(23, 2015, 8, '0.20', 90),
(23, 2016, 1, '157.00', 157),
(23, 2016, 2, '2.91', 157),
(23, 2016, 3, '0.07', 155),
(23, 2016, 4, '0.23', 150),
(23, 2016, 5, '0.16', 150),
(23, 2016, 6, '0.04', 155),
(23, 2016, 7, '0.09', 85),
(23, 2016, 8, '0.20', 92),
(23, 2017, 1, '153.00', 153),
(23, 2017, 2, '2.90', 153),
(23, 2017, 3, '0.09', 152),
(23, 2017, 4, '0.63', 146),
(23, 2017, 5, '0.15', 144),
(23, 2017, 6, '0.06', 151),
(23, 2017, 7, '0.08', 84),
(23, 2017, 8, '0.20', 92),
(23, 2018, 1, '156.00', 156),
(23, 2018, 2, '2.91', 156),
(23, 2018, 3, '0.09', 152),
(23, 2018, 5, '0.15', 149),
(23, 2018, 6, '0.07', 153),
(23, 2018, 7, '0.08', 87),
(23, 2018, 8, '0.15', 91),
(23, 2018, 9, '0.63', 148),
(23, 2019, 1, '145.00', 145),
(23, 2019, 2, '3.78', 145),
(23, 2019, 3, '0.05', 154),
(23, 2019, 5, '0.38', 140),
(23, 2019, 6, '0.22', 136),
(23, 2019, 7, '0.18', 24),
(23, 2019, 8, '0.18', 81),
(23, 2019, 9, '0.45', 153),
(24, 2015, 1, '145.00', 145),
(24, 2015, 2, '3.82', 145),
(24, 2015, 3, '0.46', 124),
(24, 2015, 4, '0.63', 142),
(24, 2015, 5, '0.61', 100),
(24, 2015, 6, '0.66', 3),
(24, 2015, 7, '0.07', 109),
(24, 2015, 8, '0.40', 18),
(24, 2016, 1, '140.00', 140),
(24, 2016, 2, '3.91', 140),
(24, 2016, 3, '0.56', 125),
(24, 2016, 4, '0.54', 132),
(24, 2016, 5, '0.42', 114),
(24, 2016, 6, '0.59', 3),
(24, 2016, 7, '0.08', 100),
(24, 2016, 8, '0.40', 21),
(24, 2017, 1, '128.00', 128),
(24, 2017, 2, '4.17', 128),
(24, 2017, 3, '0.60', 120),
(24, 2017, 4, '1.01', 118),
(24, 2017, 5, '0.43', 111),
(24, 2017, 6, '0.63', 3),
(24, 2017, 7, '0.07', 100),
(24, 2017, 8, '0.39', 23),
(24, 2018, 1, '120.00', 120),
(24, 2018, 2, '4.43', 120),
(24, 2018, 3, '0.55', 122),
(24, 2018, 5, '0.46', 112),
(24, 2018, 6, '0.70', 2),
(24, 2018, 7, '0.07', 96),
(24, 2018, 8, '0.26', 32),
(24, 2018, 9, '1.09', 115),
(24, 2019, 1, '109.00', 109),
(24, 2019, 2, '4.70', 109),
(24, 2019, 3, '0.57', 119),
(24, 2019, 5, '0.64', 107),
(24, 2019, 6, '0.61', 2),
(24, 2019, 7, '0.06', 101),
(24, 2019, 8, '0.23', 51),
(24, 2019, 9, '1.12', 110),
(25, 2015, 1, '133.00', 133),
(25, 2015, 2, '4.25', 133),
(25, 2015, 3, '0.42', 127),
(25, 2015, 4, '0.89', 114),
(25, 2015, 5, '0.23', 144),
(25, 2015, 6, '0.49', 56),
(25, 2015, 7, '0.06', 124),
(25, 2015, 8, '0.21', 87),
(25, 2016, 1, '114.00', 114),
(25, 2016, 2, '4.51', 114),
(25, 2016, 3, '0.52', 128),
(25, 2016, 4, '0.63', 123),
(25, 2016, 5, '0.13', 151),
(25, 2016, 6, '0.43', 61),
(25, 2016, 7, '0.06', 118),
(25, 2016, 8, '0.23', 76),
(25, 2017, 1, '106.00', 106),
(25, 2017, 2, '4.70', 106),
(25, 2017, 3, '0.56', 124),
(25, 2017, 4, '0.95', 126),
(25, 2017, 5, '0.13', 145),
(25, 2017, 6, '0.43', 81),
(25, 2017, 7, '0.05', 121),
(25, 2017, 8, '0.24', 73),
(25, 2018, 1, '99.00', 99),
(25, 2018, 2, '4.98', 99),
(25, 2018, 3, '0.54', 124),
(25, 2018, 5, '0.18', 145),
(25, 2018, 6, '0.45', 89),
(25, 2018, 7, '0.04', 123),
(25, 2018, 8, '0.18', 70),
(25, 2018, 9, '0.89', 132),
(25, 2019, 1, '96.00', 96),
(25, 2019, 2, '5.04', 96),
(25, 2019, 3, '0.55', 124),
(25, 2019, 5, '0.33', 146),
(25, 2019, 6, '0.38', 91),
(25, 2019, 7, '0.04', 127),
(25, 2019, 8, '0.19', 71),
(25, 2019, 9, '0.91', 130),
(26, 2015, 1, '5.00', 5),
(26, 2015, 2, '7.43', 5),
(26, 2015, 3, '1.33', 18),
(26, 2015, 4, '1.32', 7),
(26, 2015, 5, '0.91', 18),
(26, 2015, 6, '0.63', 13),
(26, 2015, 7, '0.33', 16),
(26, 2015, 8, '0.46', 13),
(26, 2016, 1, '6.00', 6),
(26, 2016, 2, '7.40', 6),
(26, 2016, 3, '1.44', 19),
(26, 2016, 4, '1.10', 14),
(26, 2016, 5, '0.83', 17),
(26, 2016, 6, '0.57', 8),
(26, 2016, 7, '0.31', 16),
(26, 2016, 8, '0.45', 16),
(26, 2017, 1, '7.00', 7),
(26, 2017, 2, '7.32', 7),
(26, 2017, 3, '1.48', 19),
(26, 2017, 4, '1.48', 17),
(26, 2017, 5, '0.83', 13),
(26, 2017, 6, '0.61', 10),
(26, 2017, 7, '0.29', 14),
(26, 2017, 8, '0.44', 15),
(26, 2018, 1, '7.00', 7),
(26, 2018, 2, '7.33', 7),
(26, 2018, 3, '1.33', 21),
(26, 2018, 5, '0.90', 14),
(26, 2018, 6, '0.65', 12),
(26, 2018, 7, '0.29', 14),
(26, 2018, 8, '0.32', 15),
(26, 2018, 9, '1.53', 14),
(26, 2019, 1, '9.00', 9),
(26, 2019, 2, '7.28', 9),
(26, 2019, 3, '1.37', 20),
(26, 2019, 5, '1.04', 9),
(26, 2019, 6, '0.58', 9),
(26, 2019, 7, '0.31', 11),
(26, 2019, 8, '0.29', 17),
(26, 2019, 9, '1.51', 20),
(27, 2015, 1, '148.00', 148),
(27, 2015, 2, '3.68', 148),
(27, 2015, 3, '0.08', 153),
(27, 2015, 4, '0.00', 158),
(27, 2015, 5, '0.07', 156),
(27, 2015, 6, '0.49', 59),
(27, 2015, 7, '0.08', 97),
(27, 2015, 8, '0.24', 64),
(27, 2017, 1, '154.00', 154),
(27, 2017, 2, '2.69', 154),
(27, 2017, 3, '0.00', 154),
(27, 2017, 4, '0.00', 154),
(27, 2017, 5, '0.02', 152),
(27, 2017, 6, '0.27', 124),
(27, 2017, 7, '0.06', 118),
(27, 2017, 8, '0.28', 53),
(27, 2018, 1, '155.00', 155),
(27, 2018, 2, '3.08', 155),
(27, 2018, 3, '0.02', 155),
(27, 2018, 5, '0.01', 155),
(27, 2018, 6, '0.31', 128),
(27, 2018, 7, '0.04', 127),
(27, 2018, 8, '0.22', 46),
(27, 2018, 9, '0.00', 156),
(27, 2019, 1, '155.00', 155),
(27, 2019, 2, '3.08', 155),
(27, 2019, 3, '0.03', 155),
(27, 2019, 5, '0.11', 155),
(27, 2019, 6, '0.23', 134),
(27, 2019, 7, '0.04', 129),
(27, 2019, 8, '0.24', 48),
(27, 2019, 9, '0.00', 156),
(28, 2015, 1, '149.00', 149),
(28, 2015, 2, '3.67', 149),
(28, 2015, 3, '0.34', 134),
(28, 2015, 4, '0.76', 132),
(28, 2015, 5, '0.15', 151),
(28, 2015, 6, '0.24', 140),
(28, 2015, 7, '0.05', 127),
(28, 2015, 8, '0.18', 99),
(28, 2016, 1, '144.00', 144),
(28, 2016, 2, '3.76', 144),
(28, 2016, 3, '0.42', 134),
(28, 2016, 4, '0.63', 120),
(28, 2016, 5, '0.04', 156),
(28, 2016, 6, '0.13', 149),
(28, 2016, 7, '0.05', 129),
(28, 2016, 8, '0.19', 99),
(28, 2017, 1, '136.00', 136),
(28, 2017, 2, '3.94', 136),
(28, 2017, 3, '0.44', 132),
(28, 2017, 4, '0.95', 125),
(28, 2017, 5, '0.04', 151),
(28, 2017, 6, '0.16', 143),
(28, 2017, 7, '0.05', 120),
(28, 2017, 8, '0.22', 85),
(28, 2018, 1, '131.00', 131),
(28, 2018, 2, '4.30', 131),
(28, 2018, 3, '0.36', 136),
(28, 2018, 5, '0.05', 153),
(28, 2018, 6, '0.19', 144),
(28, 2018, 7, '0.06', 105),
(28, 2018, 8, '0.18', 72),
(28, 2018, 9, '0.91', 127),
(28, 2019, 1, '132.00', 132),
(28, 2019, 2, '4.35', 132),
(28, 2019, 3, '0.35', 136),
(28, 2019, 5, '0.19', 153),
(28, 2019, 6, '0.17', 143),
(28, 2019, 7, '0.08', 86),
(28, 2019, 8, '0.20', 65),
(28, 2019, 9, '0.77', 142),
(29, 2015, 1, '27.00', 27),
(29, 2015, 2, '6.67', 27),
(29, 2015, 3, '1.11', 51),
(29, 2015, 4, '1.12', 57),
(29, 2015, 5, '0.86', 34),
(29, 2015, 6, '0.44', 77),
(29, 2015, 7, '0.13', 65),
(29, 2015, 8, '0.33', 31),
(29, 2016, 1, '24.00', 24),
(29, 2016, 2, '6.71', 24),
(29, 2016, 3, '1.22', 50),
(29, 2016, 4, '0.91', 61),
(29, 2016, 5, '0.82', 19),
(29, 2016, 6, '0.38', 86),
(29, 2016, 7, '0.11', 73),
(29, 2016, 8, '0.32', 37),
(29, 2017, 1, '20.00', 20),
(29, 2017, 2, '6.65', 20),
(29, 2017, 3, '1.25', 48),
(29, 2017, 4, '1.28', 65),
(29, 2017, 5, '0.82', 17),
(29, 2017, 6, '0.38', 100),
(29, 2017, 7, '0.08', 85),
(29, 2017, 8, '0.33', 36),
(29, 2018, 1, '25.00', 25),
(29, 2018, 2, '6.48', 25),
(29, 2018, 3, '1.13', 50),
(29, 2018, 5, '0.81', 35),
(29, 2018, 6, '0.43', 97),
(29, 2018, 7, '0.06', 102),
(29, 2018, 8, '0.20', 60),
(29, 2018, 9, '1.33', 64),
(29, 2019, 1, '26.00', 26),
(29, 2019, 2, '6.44', 26),
(29, 2019, 3, '1.16', 51),
(29, 2019, 5, '0.92', 32),
(29, 2019, 6, '0.36', 99),
(29, 2019, 7, '0.06', 105),
(29, 2019, 8, '0.19', 71),
(29, 2019, 9, '1.37', 58),
(30, 2015, 1, '84.00', 84),
(30, 2015, 2, '5.14', 84),
(30, 2015, 3, '0.89', 83),
(30, 2015, 4, '0.95', 101),
(30, 2015, 5, '0.82', 37),
(30, 2015, 6, '0.52', 50),
(30, 2015, 7, '0.03', 143),
(30, 2015, 8, '0.08', 146),
(30, 2016, 1, '83.00', 83),
(30, 2016, 2, '5.25', 83),
(30, 2016, 3, '1.03', 79),
(30, 2016, 4, '0.79', 89),
(30, 2016, 5, '0.74', 38),
(30, 2016, 6, '0.44', 55),
(30, 2016, 7, '0.03', 147),
(30, 2016, 8, '0.05', 150),
(30, 2017, 1, '78.00', 78),
(30, 2017, 2, '5.27', 78),
(30, 2017, 3, '1.08', 72),
(30, 2017, 4, '1.16', 96),
(30, 2017, 5, '0.74', 35),
(30, 2017, 6, '0.47', 58),
(30, 2017, 7, '0.02', 146),
(30, 2017, 8, '0.03', 152),
(30, 2018, 1, '86.00', 86),
(30, 2018, 2, '5.25', 86),
(30, 2018, 3, '0.99', 70),
(30, 2018, 5, '0.80', 36),
(30, 2018, 6, '0.60', 30),
(30, 2018, 7, '0.10', 61),
(30, 2018, 8, '0.03', 153),
(30, 2018, 9, '1.14', 107),
(30, 2019, 1, '93.00', 93),
(30, 2019, 2, '5.19', 93),
(30, 2019, 3, '1.03', 70),
(30, 2019, 5, '0.89', 37),
(30, 2019, 6, '0.52', 32),
(30, 2019, 7, '0.10', 58),
(30, 2019, 8, '0.06', 147),
(30, 2019, 9, '1.13', 108),
(31, 2015, 1, '33.00', 33),
(31, 2015, 2, '6.48', 33),
(31, 2015, 3, '0.92', 78),
(31, 2015, 4, '1.24', 31),
(31, 2015, 5, '0.69', 82),
(31, 2015, 6, '0.53', 46),
(31, 2015, 7, '0.05', 128),
(31, 2015, 8, '0.18', 98),
(31, 2016, 1, '31.00', 31),
(31, 2016, 2, '6.48', 31),
(31, 2016, 3, '1.03', 77),
(31, 2016, 4, '1.02', 39),
(31, 2016, 5, '0.60', 79),
(31, 2016, 6, '0.45', 52),
(31, 2016, 7, '0.05', 123),
(31, 2016, 8, '0.16', 117),
(31, 2017, 1, '36.00', 36),
(31, 2017, 2, '6.36', 36),
(31, 2017, 3, '1.07', 75),
(31, 2017, 4, '1.40', 43),
(31, 2017, 5, '0.60', 81),
(31, 2017, 6, '0.48', 55),
(31, 2017, 7, '0.05', 124),
(31, 2017, 8, '0.15', 119),
(31, 2018, 1, '37.00', 37),
(31, 2018, 2, '6.26', 37),
(31, 2018, 3, '0.96', 77),
(31, 2018, 5, '0.64', 81),
(31, 2018, 6, '0.53', 59),
(31, 2018, 7, '0.04', 125),
(31, 2018, 8, '0.10', 122),
(31, 2018, 9, '1.44', 47),
(31, 2019, 1, '43.00', 43),
(31, 2019, 2, '6.13', 43),
(31, 2019, 3, '0.99', 76),
(31, 2019, 5, '0.84', 54),
(31, 2019, 6, '0.47', 56),
(31, 2019, 7, '0.03', 130),
(31, 2019, 8, '0.10', 125),
(31, 2019, 9, '1.41', 51),
(32, 2015, 1, '140.00', 140),
(32, 2015, 2, '3.96', 140),
(32, 2015, 3, '0.24', 144),
(32, 2015, 4, '0.79', 126),
(32, 2015, 5, '0.36', 129),
(32, 2015, 6, '0.23', 142),
(32, 2015, 7, '0.20', 33),
(32, 2015, 8, '0.17', 107),
(32, 2016, 1, '138.00', 138),
(32, 2016, 2, '3.96', 138),
(32, 2016, 3, '0.28', 149),
(32, 2016, 4, '0.60', 128),
(32, 2016, 5, '0.30', 129),
(32, 2016, 6, '0.15', 142),
(32, 2016, 7, '0.18', 34),
(32, 2016, 8, '0.18', 102),
(32, 2019, 1, '142.00', 142),
(32, 2019, 2, '3.97', 142),
(32, 2019, 3, '0.27', 146),
(32, 2019, 5, '0.51', 122),
(32, 2019, 6, '0.14', 149),
(32, 2019, 7, '0.08', 86),
(32, 2019, 8, '0.28', 21),
(32, 2019, 9, '0.76', 144),
(33, 2015, 1, '139.00', 139),
(33, 2015, 2, '3.99', 139),
(33, 2015, 3, '0.68', 106),
(33, 2015, 4, '0.66', 140),
(33, 2015, 5, '0.31', 136),
(33, 2015, 6, '0.41', 89),
(33, 2015, 7, '0.12', 75),
(33, 2015, 8, '0.12', 127),
(33, 2016, 1, '127.00', 127),
(33, 2016, 2, '4.24', 127),
(33, 2016, 3, '0.77', 107),
(33, 2016, 4, '0.48', 137),
(33, 2016, 5, '0.28', 134),
(33, 2016, 6, '0.38', 84),
(33, 2016, 7, '0.10', 84),
(33, 2016, 8, '0.12', 131),
(33, 2017, 1, '123.00', 123),
(33, 2017, 2, '4.29', 123),
(33, 2017, 3, '0.81', 104),
(33, 2017, 4, '0.83', 136),
(33, 2017, 5, '0.29', 127),
(33, 2017, 6, '0.44', 79),
(33, 2017, 7, '0.08', 86),
(33, 2017, 8, '0.12', 128),
(33, 2018, 1, '114.00', 114),
(33, 2018, 2, '4.56', 114),
(33, 2018, 3, '0.68', 111),
(33, 2018, 5, '0.34', 125),
(33, 2018, 6, '0.51', 70),
(33, 2018, 7, '0.08', 86),
(33, 2018, 8, '0.09', 129),
(33, 2018, 9, '0.81', 139),
(33, 2019, 1, '103.00', 103),
(33, 2019, 2, '4.81', 103),
(33, 2019, 3, '0.67', 113),
(33, 2019, 5, '0.51', 121),
(33, 2019, 6, '0.37', 93),
(33, 2019, 7, '0.09', 65),
(33, 2019, 8, '0.11', 122),
(33, 2019, 9, '0.80', 139),
(34, 2015, 1, '120.00', 120),
(34, 2015, 2, '4.52', 120),
(34, 2015, 3, '0.00', 158),
(34, 2015, 4, '1.00', 89),
(34, 2015, 5, '0.10', 152),
(34, 2015, 6, '0.23', 144),
(34, 2015, 7, '0.08', 106),
(34, 2015, 8, '0.25', 59),
(34, 2016, 1, '125.00', 125),
(34, 2016, 2, '4.27', 125),
(34, 2016, 3, '0.06', 156),
(34, 2016, 4, '0.81', 88),
(34, 2016, 5, '0.19', 144),
(34, 2016, 6, '0.16', 141),
(34, 2016, 7, '0.06', 119),
(34, 2016, 8, '0.25', 61),
(34, 2017, 1, '125.00', 125),
(34, 2017, 2, '4.28', 125),
(34, 2017, 3, '0.09', 151),
(34, 2017, 4, '1.23', 82),
(34, 2017, 5, '0.19', 139),
(34, 2017, 6, '0.24', 133),
(34, 2017, 7, '0.06', 112),
(34, 2017, 8, '0.25', 69),
(34, 2018, 1, '132.00', 132),
(34, 2018, 2, '4.25', 132),
(34, 2018, 3, '0.07', 154),
(34, 2018, 5, '0.20', 144),
(34, 2018, 6, '0.31', 124),
(34, 2018, 7, '0.05', 113),
(34, 2018, 8, '0.20', 60),
(34, 2018, 9, '1.14', 108),
(34, 2019, 1, '127.00', 127),
(34, 2019, 2, '4.42', 127),
(34, 2019, 3, '0.09', 152),
(34, 2019, 5, '0.36', 145),
(34, 2019, 6, '0.27', 126),
(34, 2019, 7, '0.05', 112),
(34, 2019, 8, '0.21', 59),
(34, 2019, 9, '1.13', 108),
(35, 2015, 1, '12.00', 12),
(35, 2015, 2, '7.23', 12),
(35, 2015, 3, '0.96', 74),
(35, 2015, 4, '1.24', 32),
(35, 2015, 5, '0.86', 33),
(35, 2015, 6, '0.63', 12),
(35, 2015, 7, '0.11', 81),
(35, 2015, 8, '0.25', 55),
(35, 2016, 1, '14.00', 14),
(35, 2016, 2, '7.09', 14),
(35, 2016, 3, '1.07', 73),
(35, 2016, 4, '1.02', 40),
(35, 2016, 5, '0.76', 37),
(35, 2016, 6, '0.55', 16),
(35, 2016, 7, '0.11', 79),
(35, 2016, 8, '0.23', 78),
(35, 2017, 1, '12.00', 12),
(35, 2017, 2, '7.08', 12),
(35, 2017, 3, '1.11', 67),
(35, 2017, 4, '1.42', 39),
(35, 2017, 5, '0.76', 33),
(35, 2017, 6, '0.58', 21),
(35, 2017, 7, '0.10', 64),
(35, 2017, 8, '0.21', 86),
(35, 2018, 1, '13.00', 13),
(35, 2018, 2, '7.07', 13),
(35, 2018, 3, '1.01', 67),
(35, 2018, 5, '0.82', 34),
(35, 2018, 6, '0.63', 20),
(35, 2018, 7, '0.10', 63),
(35, 2018, 8, '0.14', 96),
(35, 2018, 9, '1.46', 41),
(35, 2019, 1, '12.00', 12),
(35, 2019, 2, '7.17', 12),
(35, 2019, 3, '1.03', 69),
(35, 2019, 5, '0.96', 30),
(35, 2019, 6, '0.56', 15),
(35, 2019, 7, '0.09', 65),
(35, 2019, 8, '0.14', 100),
(35, 2019, 9, '1.44', 42),
(36, 2015, 1, '62.00', 62),
(36, 2015, 2, '5.76', 62),
(36, 2015, 3, '1.08', 52),
(36, 2015, 4, '0.80', 125),
(36, 2015, 5, '0.79', 47),
(36, 2015, 6, '0.26', 133),
(36, 2015, 7, '0.02', 148),
(36, 2015, 8, '0.05', 155),
(36, 2016, 1, '74.00', 74),
(36, 2016, 2, '5.49', 74),
(36, 2016, 3, '1.19', 51),
(36, 2016, 4, '0.61', 126),
(36, 2016, 5, '0.71', 46),
(36, 2016, 6, '0.24', 124),
(36, 2016, 7, '0.04', 136),
(36, 2016, 8, '0.18', 101),
(36, 2017, 1, '76.00', 76),
(36, 2017, 2, '5.29', 76),
(36, 2017, 3, '1.22', 50),
(36, 2017, 4, '0.97', 124),
(36, 2017, 5, '0.70', 46),
(36, 2017, 6, '0.26', 128),
(36, 2017, 7, '0.04', 127),
(36, 2017, 8, '0.25', 68),
(36, 2018, 1, '82.00', 82),
(36, 2018, 2, '5.32', 82),
(36, 2018, 3, '1.12', 52),
(36, 2018, 5, '0.74', 47),
(36, 2018, 6, '0.38', 112),
(36, 2018, 7, '0.04', 125),
(36, 2018, 8, '0.12', 109),
(36, 2018, 9, '1.16', 104),
(36, 2019, 1, '75.00', 75),
(36, 2019, 2, '5.43', 75),
(36, 2019, 3, '1.16', 52),
(36, 2019, 5, '0.91', 34),
(36, 2019, 6, '0.30', 119),
(36, 2019, 7, '0.02', 147),
(36, 2019, 8, '0.12', 111),
(36, 2019, 9, '1.27', 80),
(37, 2015, 1, '67.00', 67),
(37, 2015, 2, '5.69', 67),
(37, 2015, 3, '1.21', 34),
(37, 2015, 4, '0.89', 113),
(37, 2015, 5, '0.92', 11),
(37, 2015, 6, '0.41', 93),
(37, 2015, 7, '0.06', 119),
(37, 2015, 8, '0.31', 41),
(37, 2016, 1, '69.00', 69),
(37, 2016, 2, '5.55', 69),
(37, 2016, 3, '1.32', 34),
(37, 2016, 4, '0.71', 109),
(37, 2016, 5, '0.85', 11),
(37, 2016, 6, '0.30', 109),
(37, 2016, 7, '0.05', 126),
(37, 2016, 8, '0.28', 50),
(37, 2017, 1, '65.00', 65),
(37, 2017, 2, '5.62', 65),
(37, 2017, 3, '1.36', 32),
(37, 2017, 4, '1.13', 104),
(37, 2017, 5, '0.84', 8),
(37, 2017, 6, '0.36', 104),
(37, 2017, 7, '0.04', 129),
(37, 2017, 8, '0.27', 54),
(37, 2018, 1, '61.00', 61),
(37, 2018, 2, '5.76', 61),
(37, 2018, 3, '1.23', 34),
(37, 2018, 5, '0.91', 11),
(37, 2018, 6, '0.42', 99),
(37, 2018, 7, '0.04', 130),
(37, 2018, 8, '0.20', 55),
(37, 2018, 9, '1.19', 97),
(37, 2019, 1, '49.00', 49),
(37, 2019, 2, '6.05', 49),
(37, 2019, 3, '1.26', 34),
(37, 2019, 5, '1.04', 7),
(37, 2019, 6, '0.41', 82),
(37, 2019, 7, '0.04', 121),
(37, 2019, 8, '0.19', 69),
(37, 2019, 9, '1.22', 91),
(38, 2015, 1, '31.00', 31),
(38, 2015, 2, '6.51', 31),
(38, 2015, 3, '1.18', 38),
(38, 2015, 4, '1.21', 42),
(38, 2015, 5, '0.84', 35),
(38, 2015, 6, '0.46', 70),
(38, 2015, 7, '0.03', 146),
(38, 2015, 8, '0.11', 142),
(38, 2016, 1, '27.00', 27),
(38, 2016, 2, '6.60', 27),
(38, 2016, 3, '1.31', 36),
(38, 2016, 4, '1.01', 42),
(38, 2016, 5, '0.76', 35),
(38, 2016, 6, '0.41', 68),
(38, 2016, 7, '0.04', 137),
(38, 2016, 8, '0.10', 139),
(38, 2017, 1, '23.00', 23),
(38, 2017, 2, '6.61', 23),
(38, 2017, 3, '1.35', 33),
(38, 2017, 4, '1.43', 33),
(38, 2017, 5, '0.75', 34),
(38, 2017, 6, '0.49', 50),
(38, 2017, 7, '0.04', 135),
(38, 2017, 8, '0.09', 138),
(38, 2018, 1, '21.00', 21),
(38, 2018, 2, '6.71', 21),
(38, 2018, 3, '1.23', 33),
(38, 2018, 5, '0.85', 32),
(38, 2018, 6, '0.54', 52),
(38, 2018, 7, '0.03', 132),
(38, 2018, 8, '0.06', 140),
(38, 2018, 9, '1.49', 30),
(38, 2019, 1, '20.00', 20),
(38, 2019, 2, '6.85', 20),
(38, 2019, 3, '1.27', 33),
(38, 2019, 5, '0.92', 32),
(38, 2019, 6, '0.46', 59),
(38, 2019, 7, '0.04', 128),
(38, 2019, 8, '0.05', 149),
(38, 2019, 9, '1.49', 24),
(39, 2015, 1, '3.00', 3),
(39, 2015, 2, '7.53', 3),
(39, 2015, 3, '1.33', 19),
(39, 2015, 4, '1.36', 3),
(39, 2015, 5, '0.87', 30),
(39, 2015, 6, '0.65', 7),
(39, 2015, 7, '0.48', 4),
(39, 2015, 8, '0.34', 29),
(39, 2016, 1, '1.00', 1),
(39, 2016, 2, '7.53', 1),
(39, 2016, 3, '1.44', 17),
(39, 2016, 4, '1.16', 4),
(39, 2016, 5, '0.80', 30),
(39, 2016, 6, '0.58', 7),
(39, 2016, 7, '0.44', 4),
(39, 2016, 8, '0.36', 29),
(39, 2017, 1, '2.00', 2),
(39, 2017, 2, '7.52', 2),
(39, 2017, 3, '1.48', 17),
(39, 2017, 4, '1.55', 3),
(39, 2017, 5, '0.79', 30),
(39, 2017, 6, '0.63', 5),
(39, 2017, 7, '0.40', 4),
(39, 2017, 8, '0.36', 28),
(39, 2018, 1, '3.00', 3),
(39, 2018, 2, '7.56', 3),
(39, 2018, 3, '1.35', 15),
(39, 2018, 5, '0.87', 27),
(39, 2018, 6, '0.68', 4),
(39, 2018, 7, '0.41', 3),
(39, 2018, 8, '0.28', 23),
(39, 2018, 9, '1.59', 4),
(39, 2019, 1, '2.00', 2),
(39, 2019, 2, '7.60', 2),
(39, 2019, 3, '1.38', 14),
(39, 2019, 5, '1.00', 25),
(39, 2019, 6, '0.59', 6),
(39, 2019, 7, '0.41', 3),
(39, 2019, 8, '0.25', 37),
(39, 2019, 9, '1.57', 4),
(40, 2015, 1, '126.00', 126),
(40, 2015, 2, '4.37', 126),
(40, 2015, 3, '0.44', 126),
(40, 2015, 4, '0.59', 145),
(40, 2015, 5, '0.36', 130),
(40, 2015, 6, '0.46', 71),
(40, 2015, 7, '0.28', 25),
(40, 2015, 8, '0.18', 105),
(41, 2015, 1, '98.00', 98),
(41, 2015, 2, '4.89', 98),
(41, 2015, 3, '0.90', 82),
(41, 2015, 4, '1.17', 49),
(41, 2015, 5, '0.67', 87),
(41, 2015, 6, '0.58', 33),
(41, 2015, 7, '0.14', 59),
(41, 2015, 8, '0.22', 79),
(41, 2016, 1, '89.00', 89),
(41, 2016, 2, '5.16', 89),
(41, 2016, 3, '1.03', 78),
(41, 2016, 4, '0.99', 45),
(41, 2016, 5, '0.58', 89),
(41, 2016, 6, '0.52', 27),
(41, 2016, 7, '0.12', 64),
(41, 2016, 8, '0.21', 84),
(41, 2017, 1, '85.00', 85),
(41, 2017, 2, '5.23', 85),
(41, 2017, 3, '1.08', 73),
(41, 2017, 4, '1.40', 42),
(41, 2017, 5, '0.57', 87),
(41, 2017, 6, '0.55', 30),
(41, 2017, 7, '0.11', 59),
(41, 2017, 8, '0.19', 103),
(41, 2018, 1, '83.00', 83),
(41, 2018, 2, '5.30', 83),
(41, 2018, 3, '0.98', 73),
(41, 2018, 5, '0.61', 87),
(41, 2018, 6, '0.58', 40),
(41, 2018, 7, '0.11', 56),
(41, 2018, 8, '0.12', 109),
(41, 2018, 9, '1.44', 46),
(41, 2019, 1, '77.00', 77),
(41, 2019, 2, '5.43', 77),
(41, 2019, 3, '1.02', 71),
(41, 2019, 5, '0.78', 83),
(41, 2019, 6, '0.50', 44),
(41, 2019, 7, '0.10', 57),
(41, 2019, 8, '0.11', 114),
(41, 2019, 9, '1.40', 55),
(42, 2015, 1, '48.00', 48),
(42, 2015, 2, '5.98', 48),
(42, 2015, 3, '0.86', 87),
(42, 2015, 4, '1.00', 90),
(42, 2015, 5, '0.79', 45),
(42, 2015, 6, '0.49', 61),
(42, 2015, 7, '0.18', 39),
(42, 2015, 8, '0.12', 134),
(42, 2016, 1, '51.00', 51),
(42, 2016, 2, '5.98', 51),
(42, 2016, 3, '0.97', 87),
(42, 2016, 4, '0.86', 76),
(42, 2016, 5, '0.69', 50),
(42, 2016, 6, '0.40', 76),
(42, 2016, 7, '0.18', 36),
(42, 2016, 8, '0.10', 138),
(42, 2017, 1, '44.00', 44),
(42, 2017, 2, '6.01', 44),
(42, 2017, 3, '1.00', 83),
(42, 2017, 4, '1.29', 63),
(42, 2017, 5, '0.69', 51),
(42, 2017, 6, '0.46', 67),
(42, 2017, 7, '0.14', 43),
(42, 2017, 8, '0.15', 118),
(42, 2018, 1, '48.00', 48),
(42, 2018, 2, '5.97', 48),
(42, 2018, 3, '0.89', 87),
(42, 2018, 5, '0.74', 49),
(42, 2018, 6, '0.56', 46),
(42, 2018, 7, '0.12', 51),
(42, 2018, 8, '0.11', 115),
(42, 2018, 9, '1.33', 66),
(42, 2019, 1, '50.00', 50),
(42, 2019, 2, '6.03', 50),
(42, 2019, 3, '0.91', 88),
(42, 2019, 5, '0.87', 48),
(42, 2019, 6, '0.50', 41),
(42, 2019, 7, '0.09', 75),
(42, 2019, 8, '0.13', 109),
(42, 2019, 9, '1.31', 72),
(43, 2015, 1, '135.00', 135),
(43, 2015, 2, '4.19', 135),
(43, 2015, 3, '0.88', 84),
(43, 2015, 4, '0.75', 133),
(43, 2015, 5, '0.62', 98),
(43, 2015, 6, '0.17', 150),
(43, 2015, 7, '0.06', 117),
(43, 2015, 8, '0.11', 136),
(43, 2016, 1, '120.00', 120),
(43, 2016, 2, '4.36', 120),
(43, 2016, 3, '0.95', 89),
(43, 2016, 4, '0.50', 135),
(43, 2016, 5, '0.52', 102),
(43, 2016, 6, '0.19', 136),
(43, 2016, 7, '0.10', 81),
(43, 2016, 8, '0.13', 128),
(43, 2017, 1, '103.00', 103),
(43, 2017, 2, '4.74', 103),
(43, 2017, 3, '0.99', 87),
(43, 2017, 4, '1.00', 120),
(43, 2017, 5, '0.52', 97),
(43, 2017, 6, '0.28', 123),
(43, 2017, 7, '0.11', 58),
(43, 2017, 8, '0.13', 125),
(43, 2018, 1, '122.00', 122),
(43, 2018, 2, '4.42', 122),
(43, 2018, 3, '0.89', 88),
(43, 2018, 5, '0.55', 100),
(43, 2018, 6, '0.31', 124),
(43, 2018, 7, '0.11', 55),
(43, 2018, 8, '0.09', 126),
(43, 2018, 9, '1.03', 121),
(43, 2019, 1, '137.00', 137),
(43, 2019, 2, '4.17', 137),
(43, 2019, 3, '0.91', 87),
(43, 2019, 5, '0.64', 106),
(43, 2019, 6, '0.24', 130),
(43, 2019, 7, '0.07', 96),
(43, 2019, 8, '0.08', 137),
(43, 2019, 9, '1.04', 119),
(44, 2015, 1, '42.00', 42),
(44, 2015, 2, '6.13', 42),
(44, 2015, 3, '0.76', 97),
(44, 2015, 4, '1.03', 81),
(44, 2015, 5, '0.68', 84),
(44, 2015, 6, '0.40', 96),
(44, 2015, 7, '0.12', 74),
(44, 2015, 8, '0.11', 141),
(44, 2016, 1, '46.00', 46),
(44, 2016, 2, '6.07', 46),
(44, 2016, 3, '0.87', 97),
(44, 2016, 4, '0.81', 87),
(44, 2016, 5, '0.60', 80),
(44, 2016, 6, '0.37', 91),
(44, 2016, 7, '0.11', 77),
(44, 2016, 8, '0.09', 142),
(44, 2017, 1, '45.00', 45),
(44, 2017, 2, '6.00', 45),
(44, 2017, 3, '0.91', 94),
(44, 2017, 4, '1.18', 93),
(44, 2017, 5, '0.60', 80),
(44, 2017, 6, '0.43', 80),
(44, 2017, 7, '0.09', 76),
(44, 2017, 8, '0.08', 141),
(44, 2018, 1, '40.00', 40),
(44, 2018, 2, '6.17', 40),
(44, 2018, 3, '0.81', 97),
(44, 2018, 5, '0.64', 80),
(44, 2018, 6, '0.46', 85),
(44, 2018, 7, '0.08', 76),
(44, 2018, 8, '0.07', 138),
(44, 2018, 9, '1.23', 85),
(44, 2019, 1, '35.00', 35),
(44, 2019, 2, '6.25', 35),
(44, 2019, 3, '0.79', 102),
(44, 2019, 5, '0.79', 78),
(44, 2019, 6, '0.43', 75),
(44, 2019, 7, '0.07', 92),
(44, 2019, 8, '0.09', 129),
(44, 2019, 9, '1.24', 84),
(45, 2015, 1, '73.00', 73),
(45, 2015, 2, '5.43', 73),
(45, 2015, 3, '1.15', 42),
(45, 2015, 4, '1.23', 36),
(45, 2015, 5, '0.77', 50),
(45, 2015, 6, '0.45', 76),
(45, 2015, 7, '0.15', 52),
(45, 2015, 8, '0.09', 145),
(45, 2016, 1, '72.00', 72),
(45, 2016, 2, '5.52', 72),
(45, 2016, 3, '1.28', 40),
(45, 2016, 4, '1.05', 27),
(45, 2016, 5, '0.68', 51),
(45, 2016, 6, '0.42', 66),
(45, 2016, 7, '0.19', 33),
(45, 2016, 8, '0.08', 143),
(45, 2017, 1, '66.00', 66),
(45, 2017, 2, '5.61', 66),
(45, 2017, 3, '1.32', 38),
(45, 2017, 4, '1.48', 19),
(45, 2017, 5, '0.70', 48),
(45, 2017, 6, '0.48', 53),
(45, 2017, 7, '0.18', 28),
(45, 2017, 8, '0.10', 135),
(45, 2018, 1, '63.00', 63),
(45, 2018, 2, '5.74', 63),
(45, 2018, 3, '1.20', 39),
(45, 2018, 5, '0.74', 47),
(45, 2018, 6, '0.55', 48),
(45, 2018, 7, '0.17', 26),
(45, 2018, 8, '0.09', 131),
(45, 2018, 9, '1.53', 14),
(45, 2019, 1, '55.00', 55),
(45, 2019, 2, '5.89', 55),
(45, 2019, 3, '1.24', 39),
(45, 2019, 5, '0.87', 42),
(45, 2019, 6, '0.50', 45),
(45, 2019, 7, '0.16', 32),
(45, 2019, 8, '0.10', 123),
(45, 2019, 9, '1.53', 12),
(46, 2015, 1, '122.00', 122),
(46, 2015, 2, '4.51', 122),
(46, 2015, 3, '0.19', 149),
(46, 2015, 4, '0.60', 144),
(46, 2015, 5, '0.44', 118),
(46, 2015, 6, '0.43', 81),
(46, 2015, 7, '0.15', 54),
(46, 2015, 8, '0.24', 63),
(46, 2016, 1, '115.00', 115),
(46, 2016, 2, '4.51', 115),
(46, 2016, 3, '0.29', 146),
(46, 2016, 4, '0.38', 143),
(46, 2016, 5, '0.35', 124),
(46, 2016, 6, '0.37', 94),
(46, 2016, 7, '0.17', 44),
(46, 2016, 8, '0.30', 46),
(46, 2017, 1, '118.00', 118),
(46, 2017, 2, '4.46', 118),
(46, 2017, 3, '0.34', 143),
(46, 2017, 4, '0.86', 135),
(46, 2017, 5, '0.35', 118),
(46, 2017, 6, '0.41', 87),
(46, 2017, 7, '0.17', 34),
(46, 2017, 8, '0.31', 43),
(46, 2018, 1, '127.00', 127),
(46, 2018, 2, '4.35', 127),
(46, 2018, 3, '0.31', 145),
(46, 2018, 5, '0.39', 122),
(46, 2018, 6, '0.45', 91),
(46, 2018, 7, '0.15', 36),
(46, 2018, 8, '0.22', 45),
(46, 2018, 9, '0.95', 125),
(46, 2019, 1, '134.00', 134),
(46, 2019, 2, '4.29', 134),
(46, 2019, 3, '0.34', 138),
(46, 2019, 5, '0.53', 120),
(46, 2019, 6, '0.34', 107),
(46, 2019, 7, '0.10', 58),
(46, 2019, 8, '0.21', 60),
(46, 2019, 9, '1.03', 120),
(47, 2015, 1, '6.00', 6),
(47, 2015, 2, '7.41', 6),
(47, 2015, 3, '1.29', 24),
(47, 2015, 4, '1.32', 9),
(47, 2015, 5, '0.89', 24),
(47, 2015, 6, '0.64', 8),
(47, 2015, 7, '0.41', 8),
(47, 2015, 8, '0.23', 65),
(47, 2016, 1, '5.00', 5),
(47, 2016, 2, '7.41', 5),
(47, 2016, 3, '1.41', 22),
(47, 2016, 4, '1.13', 7),
(47, 2016, 5, '0.81', 23),
(47, 2016, 6, '0.57', 9),
(47, 2016, 7, '0.41', 7),
(47, 2016, 8, '0.25', 60),
(47, 2017, 1, '5.00', 5),
(47, 2017, 2, '7.47', 5),
(47, 2017, 3, '1.44', 21),
(47, 2017, 4, '1.54', 6),
(47, 2017, 5, '0.81', 24),
(47, 2017, 6, '0.62', 7),
(47, 2017, 7, '0.38', 7),
(47, 2017, 8, '0.25', 70),
(47, 2018, 1, '1.00', 1),
(47, 2018, 2, '7.63', 1),
(47, 2018, 3, '1.31', 23),
(47, 2018, 5, '0.87', 26),
(47, 2018, 6, '0.68', 5),
(47, 2018, 7, '0.39', 4),
(47, 2018, 8, '0.20', 55),
(47, 2018, 9, '1.59', 3),
(47, 2019, 1, '1.00', 1),
(47, 2019, 2, '7.77', 1),
(47, 2019, 3, '1.34', 23),
(47, 2019, 5, '0.99', 28),
(47, 2019, 6, '0.60', 5),
(47, 2019, 7, '0.39', 4),
(47, 2019, 8, '0.15', 92),
(47, 2019, 9, '1.59', 2),
(48, 2015, 1, '29.00', 29),
(48, 2015, 2, '6.58', 29),
(48, 2015, 3, '1.28', 25),
(48, 2015, 4, '1.26', 25),
(48, 2015, 5, '0.95', 8),
(48, 2015, 6, '0.55', 40),
(48, 2015, 7, '0.21', 32),
(48, 2015, 8, '0.12', 129),
(48, 2016, 1, '32.00', 32),
(48, 2016, 2, '6.48', 32),
(48, 2016, 3, '1.39', 25),
(48, 2016, 4, '1.01', 43),
(48, 2016, 5, '0.84', 14),
(48, 2016, 6, '0.47', 47),
(48, 2016, 7, '0.18', 39),
(48, 2016, 8, '0.12', 130),
(48, 2017, 1, '31.00', 31),
(48, 2017, 2, '6.44', 31),
(48, 2017, 3, '1.43', 24),
(48, 2017, 4, '1.39', 46),
(48, 2017, 5, '0.84', 9),
(48, 2017, 6, '0.47', 61),
(48, 2017, 7, '0.17', 33),
(48, 2017, 8, '0.13', 124),
(48, 2018, 1, '23.00', 23),
(48, 2018, 2, '6.49', 23),
(48, 2018, 3, '1.29', 26),
(48, 2018, 5, '0.91', 13),
(48, 2018, 6, '0.52', 67),
(48, 2018, 7, '0.18', 24),
(48, 2018, 8, '0.10', 123),
(48, 2018, 9, '1.47', 39),
(48, 2019, 1, '24.00', 24),
(48, 2019, 2, '6.59', 24),
(48, 2019, 3, '1.32', 26),
(48, 2019, 5, '1.05', 6),
(48, 2019, 6, '0.44', 70),
(48, 2019, 7, '0.18', 21),
(48, 2019, 8, '0.11', 115),
(48, 2019, 9, '1.47', 32),
(49, 2015, 1, '143.00', 143),
(49, 2015, 2, '3.90', 143),
(49, 2015, 3, '1.06', 56),
(49, 2015, 4, '0.91', 111),
(49, 2015, 5, '0.43', 121),
(49, 2015, 6, '0.32', 121),
(49, 2015, 7, '0.11', 76),
(49, 2015, 8, '0.07', 151),
(49, 2016, 1, '134.00', 134),
(49, 2016, 2, '4.12', 134),
(49, 2016, 3, '1.16', 56),
(49, 2016, 4, '0.72', 104),
(49, 2016, 5, '0.35', 121),
(49, 2016, 6, '0.28', 111),
(49, 2016, 7, '0.09', 86),
(49, 2016, 8, '0.06', 148),
(49, 2017, 1, '117.00', 117),
(49, 2017, 2, '4.47', 117),
(49, 2017, 3, '1.20', 54),
(49, 2017, 4, '1.16', 98),
(49, 2017, 5, '0.36', 117),
(49, 2017, 6, '0.31', 113),
(49, 2017, 7, '0.08', 89),
(49, 2017, 8, '0.04', 150),
(49, 2018, 1, '103.00', 103),
(49, 2018, 2, '4.76', 103),
(49, 2018, 3, '1.04', 61),
(49, 2018, 5, '0.40', 119),
(49, 2018, 6, '0.36', 117),
(49, 2018, 7, '0.05', 113),
(49, 2018, 8, '0.03', 151),
(49, 2018, 9, '1.16', 103),
(49, 2019, 1, '104.00', 104),
(49, 2019, 2, '4.80', 104),
(49, 2019, 3, '1.06', 61),
(49, 2019, 5, '0.57', 113),
(49, 2019, 6, '0.30', 120),
(49, 2019, 7, '0.06', 108),
(49, 2019, 8, '0.04', 150),
(49, 2019, 9, '1.18', 96),
(50, 2019, 1, '120.00', 120),
(50, 2019, 2, '4.52', 120),
(50, 2019, 3, '0.31', 142),
(50, 2019, 5, '0.43', 135),
(50, 2019, 6, '0.38', 90),
(50, 2019, 7, '0.17', 26),
(50, 2019, 8, '0.27', 25),
(50, 2019, 9, '0.94', 126),
(51, 2015, 1, '130.00', 130),
(51, 2015, 2, '4.30', 130),
(51, 2015, 3, '0.74', 101),
(51, 2015, 4, '0.39', 153),
(51, 2015, 5, '0.73', 67),
(51, 2015, 6, '0.41', 95),
(51, 2015, 7, '0.38', 11),
(51, 2015, 8, '0.06', 154),
(51, 2016, 1, '126.00', 126),
(51, 2016, 2, '4.25', 126),
(51, 2016, 3, '0.84', 103),
(51, 2016, 4, '0.19', 151),
(51, 2016, 5, '0.64', 66),
(51, 2016, 6, '0.32', 102),
(51, 2016, 7, '0.32', 14),
(51, 2016, 8, '0.07', 147),
(51, 2017, 1, '124.00', 124),
(51, 2017, 2, '4.29', 124),
(51, 2017, 3, '0.95', 91),
(51, 2017, 4, '0.57', 149),
(51, 2017, 5, '0.65', 58),
(51, 2017, 6, '0.31', 114),
(51, 2017, 7, '0.25', 22),
(51, 2017, 8, '0.05', 145),
(51, 2018, 1, '128.00', 128),
(51, 2018, 2, '4.34', 128),
(51, 2018, 3, '0.85', 91),
(51, 2018, 5, '0.64', 79),
(51, 2018, 6, '0.38', 113),
(51, 2018, 7, '0.22', 22),
(51, 2018, 8, '0.04', 150),
(51, 2018, 9, '0.59', 150),
(51, 2019, 1, '119.00', 119),
(51, 2019, 2, '4.52', 119),
(51, 2019, 3, '0.89', 89),
(51, 2019, 5, '0.75', 88),
(51, 2019, 6, '0.35', 105),
(51, 2019, 7, '0.16', 29),
(51, 2019, 8, '0.04', 150),
(51, 2019, 9, '0.67', 148),
(52, 2015, 1, '26.00', 26),
(52, 2015, 2, '6.75', 26),
(52, 2015, 3, '1.33', 17),
(52, 2015, 4, '1.30', 15),
(52, 2015, 5, '0.89', 22),
(52, 2015, 6, '0.61', 21),
(52, 2015, 7, '0.22', 30),
(52, 2015, 8, '0.28', 47),
(52, 2016, 1, '16.00', 16),
(52, 2016, 2, '6.99', 16),
(52, 2016, 3, '1.45', 15),
(52, 2016, 4, '1.10', 13),
(52, 2016, 5, '0.81', 20),
(52, 2016, 6, '0.53', 25),
(52, 2016, 7, '0.29', 21),
(52, 2016, 8, '0.30', 42),
(52, 2017, 1, '16.00', 16),
(52, 2017, 2, '6.95', 16),
(52, 2017, 3, '1.49', 14),
(52, 2017, 4, '1.47', 21),
(52, 2017, 5, '0.80', 26),
(52, 2017, 6, '0.56', 27),
(52, 2017, 7, '0.28', 17),
(52, 2017, 8, '0.34', 32),
(52, 2018, 1, '15.00', 15),
(52, 2018, 2, '6.97', 15),
(52, 2018, 3, '1.34', 18),
(52, 2018, 5, '0.86', 28),
(52, 2018, 6, '0.59', 34),
(52, 2018, 7, '0.28', 17),
(52, 2018, 8, '0.27', 27),
(52, 2018, 9, '1.47', 34),
(52, 2019, 1, '17.00', 17),
(52, 2019, 2, '6.99', 17),
(52, 2019, 3, '1.37', 17),
(52, 2019, 5, '0.99', 27),
(52, 2019, 6, '0.50', 45),
(52, 2019, 7, '0.27', 17),
(52, 2019, 8, '0.26', 32),
(52, 2019, 9, '1.45', 39),
(53, 2015, 1, '114.00', 114),
(53, 2015, 2, '4.63', 114);
INSERT INTO `avoir2` (`Id_Pays`, `annee`, `Id_Score`, `valeur_score`, `rang`) VALUES
(53, 2015, 3, '0.55', 119),
(53, 2015, 4, '0.68', 138),
(53, 2015, 5, '0.40', 124),
(53, 2015, 6, '0.42', 84),
(53, 2015, 7, '0.04', 131),
(53, 2015, 8, '0.23', 67),
(53, 2016, 1, '124.00', 124),
(53, 2016, 2, '4.28', 124),
(53, 2016, 3, '0.63', 119),
(53, 2016, 4, '0.49', 136),
(53, 2016, 5, '0.30', 131),
(53, 2016, 6, '0.41', 69),
(53, 2016, 7, '0.03', 142),
(53, 2016, 8, '0.21', 85),
(53, 2017, 1, '130.00', 130),
(53, 2017, 2, '4.12', 130),
(53, 2017, 3, '0.67', 115),
(53, 2017, 4, '0.87', 131),
(53, 2017, 5, '0.30', 125),
(53, 2017, 6, '0.42', 83),
(53, 2017, 7, '0.03', 143),
(53, 2017, 8, '0.26', 61),
(53, 2018, 1, '108.00', 108),
(53, 2018, 2, '4.66', 108),
(53, 2018, 3, '0.59', 119),
(53, 2018, 5, '0.34', 127),
(53, 2018, 6, '0.50', 75),
(53, 2018, 7, '0.03', 140),
(53, 2018, 8, '0.21', 50),
(53, 2018, 9, '0.90', 130),
(53, 2019, 1, '98.00', 98),
(53, 2019, 2, '5.00', 98),
(53, 2019, 3, '0.61', 117),
(53, 2019, 5, '0.49', 126),
(53, 2019, 6, '0.38', 91),
(53, 2019, 7, '0.04', 124),
(53, 2019, 8, '0.25', 42),
(53, 2019, 9, '0.87', 133),
(54, 2015, 1, '102.00', 102),
(54, 2015, 2, '4.86', 102),
(54, 2015, 3, '1.15', 41),
(54, 2015, 4, '0.93', 104),
(54, 2015, 5, '0.88', 27),
(54, 2015, 6, '0.08', 157),
(54, 2015, 7, '0.01', 151),
(54, 2015, 8, '0.00', 158),
(54, 2016, 1, '99.00', 99),
(54, 2016, 2, '5.03', 99),
(54, 2016, 3, '1.25', 44),
(54, 2016, 4, '0.75', 101),
(54, 2016, 5, '0.80', 27),
(54, 2016, 6, '0.06', 154),
(54, 2016, 7, '0.04', 135),
(54, 2016, 8, '0.00', 157),
(54, 2017, 1, '86.00', 86),
(54, 2017, 2, '5.23', 86),
(54, 2017, 3, '1.29', 43),
(54, 2017, 4, '1.24', 79),
(54, 2017, 5, '0.81', 22),
(54, 2017, 6, '0.10', 149),
(54, 2017, 7, '0.04', 126),
(54, 2017, 8, '0.00', 154),
(54, 2018, 1, '79.00', 79),
(54, 2018, 2, '5.36', 79),
(54, 2018, 3, '1.15', 45),
(54, 2018, 5, '0.88', 22),
(54, 2018, 6, '0.13', 147),
(54, 2018, 7, '0.04', 122),
(54, 2018, 8, '0.00', 156),
(54, 2018, 9, '1.20', 96),
(54, 2019, 1, '82.00', 82),
(54, 2019, 2, '5.29', 82),
(54, 2019, 3, '1.18', 48),
(54, 2019, 5, '1.00', 20),
(54, 2019, 6, '0.07', 151),
(54, 2019, 7, '0.03', 130),
(54, 2019, 8, '0.00', 156),
(54, 2019, 9, '1.16', 103),
(55, 2015, 1, '43.00', 43),
(55, 2015, 2, '6.12', 43),
(55, 2015, 3, '0.75', 100),
(55, 2015, 4, '1.04', 75),
(55, 2015, 5, '0.64', 91),
(55, 2015, 6, '0.58', 32),
(55, 2015, 7, '0.09', 87),
(55, 2015, 8, '0.27', 50),
(55, 2016, 1, '39.00', 39),
(55, 2016, 2, '6.32', 39),
(55, 2016, 3, '0.83', 104),
(55, 2016, 4, '0.87', 70),
(55, 2016, 5, '0.54', 95),
(55, 2016, 6, '0.50', 34),
(55, 2016, 7, '0.09', 91),
(55, 2016, 8, '0.29', 47),
(55, 2017, 1, '29.00', 29),
(55, 2017, 2, '6.45', 29),
(55, 2017, 3, '0.87', 100),
(55, 2017, 4, '1.26', 76),
(55, 2017, 5, '0.54', 94),
(55, 2017, 6, '0.53', 36),
(55, 2017, 7, '0.08', 88),
(55, 2017, 8, '0.28', 51),
(55, 2018, 1, '30.00', 30),
(55, 2018, 2, '6.38', 30),
(55, 2018, 3, '0.78', 100),
(55, 2018, 5, '0.61', 89),
(55, 2018, 6, '0.60', 29),
(55, 2018, 7, '0.07', 93),
(55, 2018, 8, '0.18', 73),
(55, 2018, 9, '1.27', 76),
(55, 2019, 1, '27.00', 27),
(55, 2019, 2, '6.44', 27),
(55, 2019, 3, '0.80', 101),
(55, 2019, 5, '0.75', 89),
(55, 2019, 6, '0.54', 26),
(55, 2019, 7, '0.08', 86),
(55, 2019, 8, '0.18', 82),
(55, 2019, 9, '1.27', 79),
(56, 2015, 1, '150.00', 150),
(56, 2015, 2, '3.66', 150),
(56, 2015, 3, '0.17', 151),
(56, 2015, 4, '0.46', 148),
(56, 2015, 5, '0.24', 143),
(56, 2015, 6, '0.38', 104),
(56, 2015, 7, '0.12', 73),
(56, 2015, 8, '0.29', 45),
(56, 2016, 1, '151.00', 151),
(56, 2016, 2, '3.61', 151),
(56, 2016, 3, '0.22', 151),
(56, 2016, 4, '0.31', 145),
(56, 2016, 5, '0.19', 143),
(56, 2016, 6, '0.31', 107),
(56, 2016, 7, '0.12', 67),
(56, 2016, 8, '0.30', 43),
(56, 2017, 1, '148.00', 148),
(56, 2017, 2, '3.51', 148),
(56, 2017, 3, '0.24', 146),
(56, 2017, 4, '0.79', 138),
(56, 2017, 5, '0.19', 138),
(56, 2017, 6, '0.35', 105),
(56, 2017, 7, '0.11', 61),
(56, 2017, 8, '0.26', 58),
(56, 2018, 1, '140.00', 140),
(56, 2018, 2, '3.96', 140),
(56, 2018, 3, '0.34', 138),
(56, 2018, 5, '0.21', 143),
(56, 2018, 6, '0.39', 109),
(56, 2018, 7, '0.09', 70),
(56, 2018, 8, '0.19', 69),
(56, 2018, 9, '0.79', 142),
(56, 2019, 1, '118.00', 118),
(56, 2019, 2, '4.53', 118),
(56, 2019, 3, '0.38', 133),
(56, 2019, 5, '0.38', 142),
(56, 2019, 6, '0.33', 110),
(56, 2019, 7, '0.09', 77),
(56, 2019, 8, '0.21', 61),
(56, 2019, 9, '0.83', 137),
(57, 2015, 1, '119.00', 119),
(57, 2015, 2, '4.52', 119),
(57, 2015, 3, '0.27', 141),
(57, 2015, 4, '0.74', 134),
(57, 2015, 5, '0.39', 126),
(57, 2015, 6, '0.24', 138),
(57, 2015, 7, '0.17', 45),
(57, 2015, 8, '0.46', 11),
(57, 2016, 1, '136.00', 136),
(57, 2016, 2, '4.03', 136),
(57, 2016, 3, '0.34', 142),
(57, 2016, 4, '0.30', 146),
(57, 2016, 5, '0.27', 135),
(57, 2016, 6, '0.12', 151),
(57, 2016, 7, '0.14', 52),
(57, 2016, 8, '0.48', 10),
(57, 2017, 1, '144.00', 144),
(57, 2017, 2, '3.60', 144),
(57, 2017, 3, '0.37', 139),
(57, 2017, 4, '0.64', 145),
(57, 2017, 5, '0.28', 129),
(57, 2017, 6, '0.03', 152),
(57, 2017, 7, '0.10', 65),
(57, 2017, 8, '0.49', 9),
(57, 2018, 1, '148.00', 148),
(57, 2018, 2, '3.58', 148),
(57, 2018, 3, '0.32', 143),
(57, 2018, 5, '0.29', 133),
(57, 2018, 6, '0.03', 154),
(57, 2018, 7, '0.10', 60),
(57, 2018, 8, '0.39', 3),
(57, 2018, 9, '0.71', 146),
(57, 2019, 1, '147.00', 147),
(57, 2019, 2, '3.60', 147),
(57, 2019, 3, '0.32', 141),
(57, 2019, 5, '0.45', 130),
(57, 2019, 6, '0.03', 153),
(57, 2019, 7, '0.11', 52),
(57, 2019, 8, '0.42', 3),
(57, 2019, 9, '0.69', 147),
(58, 2015, 1, '105.00', 105),
(58, 2015, 2, '4.79', 105),
(58, 2015, 3, '0.60', 114),
(58, 2015, 4, '0.95', 99),
(58, 2015, 5, '0.70', 81),
(58, 2015, 6, '0.40', 97),
(58, 2015, 7, '0.07', 112),
(58, 2015, 8, '0.23', 68),
(58, 2016, 1, '104.00', 104),
(58, 2016, 2, '4.87', 104),
(58, 2016, 3, '0.69', 113),
(58, 2016, 4, '0.76', 100),
(58, 2016, 5, '0.58', 87),
(58, 2016, 6, '0.27', 116),
(58, 2016, 7, '0.07', 111),
(58, 2016, 8, '0.20', 89),
(58, 2017, 1, '90.00', 90),
(58, 2017, 2, '5.18', 90),
(58, 2017, 3, '0.73', 111),
(58, 2017, 4, '1.14', 102),
(58, 2017, 5, '0.58', 84),
(58, 2017, 6, '0.35', 106),
(58, 2017, 7, '0.07', 92),
(58, 2017, 8, '0.24', 74),
(58, 2018, 1, '72.00', 72),
(58, 2018, 2, '5.50', 72),
(58, 2018, 3, '0.62', 117),
(58, 2018, 5, '0.62', 84),
(58, 2018, 6, '0.46', 87),
(58, 2018, 7, '0.07', 89),
(58, 2018, 8, '0.20', 60),
(58, 2018, 9, '1.21', 94),
(58, 2019, 1, '59.00', 59),
(58, 2019, 2, '5.86', 59),
(58, 2019, 3, '0.64', 115),
(58, 2019, 5, '0.83', 59),
(58, 2019, 6, '0.51', 40),
(58, 2019, 7, '0.08', 86),
(58, 2019, 8, '0.25', 41),
(58, 2019, 9, '1.24', 85),
(59, 2015, 1, '72.00', 72),
(59, 2015, 2, '5.47', 72),
(59, 2015, 3, '1.39', 10),
(59, 2015, 4, '1.06', 73),
(59, 2015, 5, '1.01', 2),
(59, 2015, 6, '0.60', 27),
(59, 2015, 7, '0.37', 13),
(59, 2015, 8, '0.39', 20),
(59, 2016, 1, '75.00', 75),
(59, 2016, 2, '5.46', 75),
(59, 2016, 3, '1.51', 8),
(59, 2016, 4, '0.87', 72),
(59, 2016, 5, '0.95', 1),
(59, 2016, 6, '0.48', 42),
(59, 2016, 7, '0.32', 15),
(59, 2016, 8, '0.40', 22),
(59, 2018, 1, '76.00', 76),
(59, 2018, 2, '5.43', 76),
(59, 2018, 3, '1.41', 9),
(59, 2018, 5, '1.03', 1),
(59, 2018, 6, '0.52', 66),
(59, 2018, 7, '0.29', 14),
(59, 2018, 8, '0.25', 36),
(59, 2018, 9, '1.29', 73),
(59, 2019, 1, '76.00', 76),
(59, 2019, 2, '5.43', 76),
(59, 2019, 3, '1.44', 9),
(59, 2019, 5, '1.12', 2),
(59, 2019, 6, '0.44', 67),
(59, 2019, 7, '0.29', 14),
(59, 2019, 8, '0.26', 35),
(59, 2019, 9, '1.28', 77),
(60, 2015, 1, '104.00', 104),
(60, 2015, 2, '4.80', 104),
(60, 2015, 3, '1.12', 49),
(60, 2015, 4, '1.20', 44),
(60, 2015, 5, '0.76', 54),
(60, 2015, 6, '0.32', 120),
(60, 2015, 7, '0.03', 144),
(60, 2015, 8, '0.13', 126),
(60, 2016, 1, '91.00', 91),
(60, 2016, 2, '5.15', 91),
(60, 2016, 3, '1.24', 46),
(60, 2016, 4, '0.93', 56),
(60, 2016, 5, '0.68', 53),
(60, 2016, 6, '0.20', 133),
(60, 2016, 7, '0.04', 132),
(60, 2016, 8, '0.10', 140),
(60, 2017, 1, '74.00', 74),
(60, 2017, 2, '5.32', 74),
(60, 2017, 3, '1.29', 44),
(60, 2017, 4, '1.34', 57),
(60, 2017, 5, '0.69', 50),
(60, 2017, 6, '0.18', 142),
(60, 2017, 7, '0.04', 136),
(60, 2017, 8, '0.08', 140),
(60, 2018, 1, '69.00', 69),
(60, 2018, 2, '5.62', 69),
(60, 2018, 3, '1.17', 43),
(60, 2018, 5, '0.73', 50),
(60, 2018, 6, '0.26', 138),
(60, 2018, 7, '0.02', 146),
(60, 2018, 8, '0.06', 143),
(60, 2018, 9, '1.40', 56),
(60, 2019, 1, '62.00', 62),
(60, 2019, 2, '5.76', 62),
(60, 2019, 3, '1.20', 44),
(60, 2019, 5, '0.83', 59),
(60, 2019, 6, '0.20', 139),
(60, 2019, 7, '0.02', 148),
(60, 2019, 8, '0.08', 134),
(60, 2019, 9, '1.41', 51),
(61, 2015, 1, '2.00', 2),
(61, 2015, 2, '7.56', 2),
(61, 2015, 3, '1.30', 22),
(61, 2015, 4, '1.40', 1),
(61, 2015, 5, '0.95', 7),
(61, 2015, 6, '0.63', 15),
(61, 2015, 7, '0.14', 60),
(61, 2015, 8, '0.44', 14),
(61, 2016, 1, '3.00', 3),
(61, 2016, 2, '7.50', 3),
(61, 2016, 3, '1.43', 20),
(61, 2016, 4, '1.18', 1),
(61, 2016, 5, '0.87', 6),
(61, 2016, 6, '0.57', 13),
(61, 2016, 7, '0.15', 50),
(61, 2016, 8, '0.48', 11),
(61, 2017, 1, '3.00', 3),
(61, 2017, 2, '7.50', 3),
(61, 2017, 3, '1.48', 18),
(61, 2017, 4, '1.61', 1),
(61, 2017, 5, '0.83', 14),
(61, 2017, 6, '0.63', 4),
(61, 2017, 7, '0.15', 38),
(61, 2017, 8, '0.48', 11),
(61, 2018, 1, '4.00', 4),
(61, 2018, 2, '7.50', 4),
(61, 2018, 3, '1.34', 16),
(61, 2018, 5, '0.91', 8),
(61, 2018, 6, '0.68', 6),
(61, 2018, 7, '0.14', 40),
(61, 2018, 8, '0.35', 11),
(61, 2018, 9, '1.64', 1),
(61, 2019, 1, '4.00', 4),
(61, 2019, 2, '7.49', 4),
(61, 2019, 3, '1.38', 15),
(61, 2019, 5, '1.03', 15),
(61, 2019, 6, '0.59', 7),
(61, 2019, 7, '0.12', 49),
(61, 2019, 8, '0.35', 8),
(61, 2019, 9, '1.62', 1),
(62, 2015, 1, '117.00', 117),
(62, 2015, 2, '4.57', 117),
(62, 2015, 3, '0.64', 109),
(62, 2015, 4, '0.38', 154),
(62, 2015, 5, '0.52', 114),
(62, 2015, 6, '0.40', 98),
(62, 2015, 7, '0.08', 94),
(62, 2015, 8, '0.26', 52),
(62, 2016, 1, '118.00', 118),
(62, 2016, 2, '4.40', 118),
(62, 2016, 3, '0.74', 111),
(62, 2016, 4, '0.29', 147),
(62, 2016, 5, '0.45', 112),
(62, 2016, 6, '0.40', 75),
(62, 2016, 7, '0.09', 90),
(62, 2016, 8, '0.25', 64),
(62, 2017, 1, '121.00', 121),
(62, 2017, 2, '4.32', 121),
(62, 2017, 3, '0.79', 105),
(62, 2017, 4, '0.75', 140),
(62, 2017, 5, '0.46', 108),
(62, 2017, 6, '0.47', 62),
(62, 2017, 7, '0.09', 74),
(62, 2017, 8, '0.23', 77),
(62, 2018, 1, '133.00', 133),
(62, 2018, 2, '4.19', 133),
(62, 2018, 3, '0.72', 105),
(62, 2018, 5, '0.49', 110),
(62, 2018, 6, '0.54', 56),
(62, 2018, 7, '0.09', 71),
(62, 2018, 8, '0.17', 80),
(62, 2018, 9, '0.75', 145),
(62, 2019, 1, '140.00', 140),
(62, 2019, 2, '4.02', 140),
(62, 2019, 3, '0.76', 105),
(62, 2019, 5, '0.59', 110),
(62, 2019, 6, '0.50', 41),
(62, 2019, 7, '0.09', 79),
(62, 2019, 8, '0.20', 63),
(62, 2019, 9, '0.77', 143),
(63, 2015, 1, '74.00', 74),
(63, 2015, 2, '5.40', 74),
(63, 2015, 3, '0.83', 90),
(63, 2015, 4, '1.09', 64),
(63, 2015, 5, '0.64', 94),
(63, 2015, 6, '0.47', 68),
(63, 2015, 7, '0.00', 158),
(63, 2015, 8, '0.52', 5),
(63, 2016, 1, '79.00', 79),
(63, 2016, 2, '5.31', 79),
(63, 2016, 3, '0.95', 90),
(63, 2016, 4, '0.88', 69),
(63, 2016, 5, '0.49', 108),
(63, 2016, 6, '0.39', 80),
(63, 2016, 7, '0.00', 156),
(63, 2016, 8, '0.57', 3),
(63, 2017, 1, '80.00', 80),
(63, 2017, 2, '5.26', 80),
(63, 2017, 3, '1.00', 85),
(63, 2017, 4, '1.27', 68),
(63, 2017, 5, '0.49', 105),
(63, 2017, 6, '0.44', 74),
(63, 2017, 7, '0.02', 148),
(63, 2017, 8, '0.61', 2),
(63, 2018, 1, '96.00', 96),
(63, 2018, 2, '5.09', 96),
(63, 2018, 3, '0.90', 86),
(63, 2018, 5, '0.52', 106),
(63, 2018, 6, '0.54', 57),
(63, 2018, 7, '0.02', 148),
(63, 2018, 8, '0.48', 2),
(63, 2018, 9, '1.22', 91),
(63, 2019, 1, '92.00', 92),
(63, 2019, 2, '5.19', 92),
(63, 2019, 3, '0.93', 85),
(63, 2019, 5, '0.66', 103),
(63, 2019, 6, '0.49', 49),
(63, 2019, 7, '0.03', 136),
(63, 2019, 8, '0.50', 2),
(63, 2019, 9, '1.20', 95),
(64, 2015, 1, '110.00', 110),
(64, 2015, 2, '4.69', 110),
(64, 2015, 3, '1.01', 65),
(64, 2015, 4, '0.54', 146),
(64, 2015, 5, '0.70', 78),
(64, 2015, 6, '0.30', 127),
(64, 2015, 7, '0.06', 122),
(64, 2015, 8, '0.38', 21),
(64, 2016, 1, '105.00', 105),
(64, 2016, 2, '4.81', 105),
(64, 2016, 3, '1.12', 63),
(64, 2016, 4, '0.39', 141),
(64, 2016, 5, '0.64', 64),
(64, 2016, 6, '0.23', 129),
(64, 2016, 7, '0.06', 121),
(64, 2016, 8, '0.39', 23),
(64, 2017, 1, '107.00', 107),
(64, 2017, 2, '4.69', 107),
(64, 2017, 3, '1.16', 58),
(64, 2017, 4, '0.71', 143),
(64, 2017, 5, '0.64', 62),
(64, 2017, 6, '0.25', 131),
(64, 2017, 7, '0.05', 122),
(64, 2017, 8, '0.39', 22),
(64, 2018, 1, '106.00', 106),
(64, 2018, 2, '4.71', 106),
(64, 2018, 3, '1.06', 57),
(64, 2018, 5, '0.69', 61),
(64, 2018, 6, '0.46', 87),
(64, 2018, 7, '0.13', 45),
(64, 2018, 8, '0.28', 24),
(64, 2018, 9, '0.77', 144),
(64, 2019, 1, '117.00', 117),
(64, 2019, 2, '4.55', 117),
(64, 2019, 3, '1.10', 56),
(64, 2019, 5, '0.79', 80),
(64, 2019, 6, '0.31', 118),
(64, 2019, 7, '0.13', 48),
(64, 2019, 8, '0.27', 24),
(64, 2019, 9, '0.84', 135),
(65, 2015, 1, '112.00', 112),
(65, 2015, 2, '4.68', 112),
(65, 2015, 3, '0.99', 69),
(65, 2015, 4, '0.82', 121),
(65, 2015, 5, '0.60', 104),
(65, 2015, 6, '0.00', 158),
(65, 2015, 7, '0.14', 61),
(65, 2015, 8, '0.18', 106),
(65, 2016, 1, '112.00', 112),
(65, 2016, 2, '4.58', 112),
(65, 2016, 3, '1.07', 72),
(65, 2016, 4, '0.59', 129),
(65, 2016, 5, '0.51', 103),
(65, 2016, 6, '0.25', 123),
(65, 2016, 7, '0.14', 56),
(65, 2016, 8, '0.20', 95),
(65, 2017, 1, '116.00', 116),
(65, 2017, 2, '4.50', 116),
(65, 2017, 3, '1.10', 69),
(65, 2017, 4, '0.98', 123),
(65, 2017, 5, '0.50', 101),
(65, 2017, 6, '0.29', 121),
(65, 2017, 7, '0.11', 62),
(65, 2017, 8, '0.20', 97),
(65, 2018, 1, '117.00', 117),
(65, 2018, 2, '4.46', 117),
(65, 2018, 3, '1.01', 67),
(65, 2018, 5, '0.54', 104),
(65, 2018, 6, '0.30', 129),
(65, 2018, 7, '0.10', 68),
(65, 2018, 8, '0.15', 93),
(65, 2018, 9, '0.97', 124),
(65, 2019, 1, '126.00', 126),
(65, 2019, 2, '4.44', 126),
(65, 2019, 3, '1.04', 66),
(65, 2019, 5, '0.57', 112),
(65, 2019, 6, '0.24', 130),
(65, 2019, 7, '0.09', 70),
(65, 2019, 8, '0.15', 97),
(65, 2019, 9, '0.98', 125),
(66, 2015, 1, '18.00', 18),
(66, 2015, 2, '6.94', 18),
(66, 2015, 3, '1.34', 13),
(66, 2015, 4, '1.37', 2),
(66, 2015, 5, '0.90', 20),
(66, 2015, 6, '0.62', 18),
(66, 2015, 7, '0.29', 24),
(66, 2015, 8, '0.46', 12),
(66, 2016, 1, '19.00', 19),
(66, 2016, 2, '6.91', 19),
(66, 2016, 3, '1.48', 11),
(66, 2016, 4, '1.16', 5),
(66, 2016, 5, '0.81', 21),
(66, 2016, 6, '0.54', 24),
(66, 2016, 7, '0.30', 20),
(66, 2016, 8, '0.45', 15),
(66, 2017, 1, '15.00', 15),
(66, 2017, 2, '6.98', 15),
(66, 2017, 3, '1.54', 9),
(66, 2017, 4, '1.56', 2),
(66, 2017, 5, '0.81', 23),
(66, 2017, 6, '0.57', 23),
(66, 2017, 7, '0.30', 13),
(66, 2017, 8, '0.43', 17),
(66, 2018, 1, '14.00', 14),
(66, 2018, 2, '6.98', 14),
(66, 2018, 3, '1.45', 7),
(66, 2018, 5, '0.88', 24),
(66, 2018, 6, '0.61', 27),
(66, 2018, 7, '0.31', 11),
(66, 2018, 8, '0.31', 17),
(66, 2018, 9, '1.58', 6),
(66, 2019, 1, '16.00', 16),
(66, 2019, 2, '7.02', 16),
(66, 2019, 3, '1.50', 6),
(66, 2019, 5, '1.00', 20),
(66, 2019, 6, '0.52', 33),
(66, 2019, 7, '0.31', 10),
(66, 2019, 8, '0.30', 16),
(66, 2019, 9, '1.55', 6),
(67, 2015, 1, '11.00', 11),
(67, 2015, 2, '7.28', 11),
(67, 2015, 3, '1.23', 32),
(67, 2015, 4, '1.22', 38),
(67, 2015, 5, '0.91', 14),
(67, 2015, 6, '0.41', 90),
(67, 2015, 7, '0.08', 105),
(67, 2015, 8, '0.33', 33),
(67, 2016, 1, '11.00', 11),
(67, 2016, 2, '7.27', 11),
(67, 2016, 3, '1.34', 32),
(67, 2016, 4, '1.00', 44),
(67, 2016, 5, '0.85', 10),
(67, 2016, 6, '0.36', 95),
(67, 2016, 7, '0.09', 89),
(67, 2016, 8, '0.32', 35),
(67, 2017, 1, '11.00', 11),
(67, 2017, 2, '7.21', 11),
(67, 2017, 3, '1.38', 30),
(67, 2017, 4, '1.38', 51),
(67, 2017, 5, '0.84', 11),
(67, 2017, 6, '0.41', 90),
(67, 2017, 7, '0.09', 83),
(67, 2017, 8, '0.33', 34),
(67, 2018, 1, '19.00', 19),
(67, 2018, 2, '6.81', 19),
(67, 2018, 3, '1.30', 24),
(67, 2018, 5, '0.88', 21),
(67, 2018, 6, '0.53', 58),
(67, 2018, 7, '0.27', 18),
(67, 2018, 8, '0.35', 10),
(67, 2018, 9, '1.56', 9),
(67, 2019, 1, '13.00', 13),
(67, 2019, 2, '7.14', 13),
(67, 2019, 3, '1.28', 32),
(67, 2019, 5, '1.03', 13),
(67, 2019, 6, '0.37', 94),
(67, 2019, 7, '0.08', 81),
(67, 2019, 8, '0.26', 32),
(67, 2019, 9, '1.46', 38),
(68, 2015, 1, '50.00', 50),
(68, 2015, 2, '5.95', 50),
(68, 2015, 3, '1.25', 28),
(68, 2015, 4, '1.20', 46),
(68, 2015, 5, '0.95', 6),
(68, 2015, 6, '0.26', 132),
(68, 2015, 7, '0.03', 142),
(68, 2015, 8, '0.23', 71),
(68, 2016, 1, '50.00', 50),
(68, 2016, 2, '5.98', 50),
(68, 2016, 3, '1.35', 30),
(68, 2016, 4, '1.04', 32),
(68, 2016, 5, '0.85', 9),
(68, 2016, 6, '0.19', 137),
(68, 2016, 7, '0.03', 148),
(68, 2016, 8, '0.17', 113),
(68, 2017, 1, '48.00', 48),
(68, 2017, 2, '5.96', 48),
(68, 2017, 3, '1.40', 28),
(68, 2017, 4, '1.44', 29),
(68, 2017, 5, '0.85', 6),
(68, 2017, 6, '0.26', 127),
(68, 2017, 7, '0.03', 140),
(68, 2017, 8, '0.17', 108),
(68, 2018, 1, '47.00', 47),
(68, 2018, 2, '6.00', 47),
(68, 2018, 3, '1.26', 30),
(68, 2018, 5, '0.95', 6),
(68, 2018, 6, '0.28', 133),
(68, 2018, 7, '0.03', 142),
(68, 2018, 8, '0.14', 101),
(68, 2018, 9, '1.50', 25),
(68, 2019, 1, '36.00', 36),
(68, 2019, 2, '6.22', 36),
(68, 2019, 3, '1.29', 30),
(68, 2019, 5, '1.04', 9),
(68, 2019, 6, '0.23', 133),
(68, 2019, 7, '0.03', 135),
(68, 2019, 8, '0.16', 89),
(68, 2019, 9, '1.49', 23),
(69, 2015, 1, '151.00', 151),
(69, 2015, 2, '3.66', 151),
(69, 2015, 3, '0.47', 123),
(69, 2015, 4, '0.77', 131),
(69, 2015, 5, '0.15', 150),
(69, 2015, 6, '0.47', 67),
(69, 2015, 7, '0.18', 41),
(69, 2015, 8, '0.20', 89),
(69, 2016, 1, '139.00', 139),
(69, 2016, 2, '3.92', 139),
(69, 2016, 3, '0.56', 126),
(69, 2016, 4, '0.58', 130),
(69, 2016, 5, '0.04', 155),
(69, 2016, 6, '0.41', 71),
(69, 2016, 7, '0.16', 49),
(69, 2016, 8, '0.20', 91),
(69, 2017, 1, '127.00', 127),
(69, 2017, 2, '4.18', 127),
(69, 2017, 3, '0.60', 119),
(69, 2017, 4, '0.90', 130),
(69, 2017, 5, '0.05', 150),
(69, 2017, 6, '0.45', 72),
(69, 2017, 7, '0.13', 49),
(69, 2017, 8, '0.20', 96),
(69, 2018, 1, '107.00', 107),
(69, 2018, 2, '4.67', 107),
(69, 2018, 3, '0.54', 123),
(69, 2018, 5, '0.08', 151),
(69, 2018, 6, '0.47', 82),
(69, 2018, 7, '0.10', 61),
(69, 2018, 8, '0.15', 95),
(69, 2018, 9, '0.87', 133),
(69, 2019, 1, '99.00', 99),
(69, 2019, 2, '4.94', 99),
(69, 2019, 3, '0.57', 121),
(69, 2019, 5, '0.23', 152),
(69, 2019, 6, '0.35', 101),
(69, 2019, 7, '0.09', 69),
(69, 2019, 8, '0.15', 91),
(69, 2019, 9, '0.81', 138),
(70, 2015, 1, '65.00', 65),
(70, 2015, 2, '5.71', 65),
(70, 2015, 3, '0.81', 92),
(70, 2015, 4, '1.15', 52),
(70, 2015, 5, '0.69', 83),
(70, 2015, 6, '0.50', 53),
(70, 2015, 7, '0.02', 149),
(70, 2015, 8, '0.21', 83),
(70, 2016, 1, '73.00', 73),
(70, 2016, 2, '5.51', 73),
(70, 2016, 3, '0.89', 95),
(70, 2016, 4, '0.96', 48),
(70, 2016, 5, '0.59', 83),
(70, 2016, 6, '0.44', 57),
(70, 2016, 7, '0.04', 134),
(70, 2016, 8, '0.22', 79),
(70, 2017, 1, '75.00', 75),
(70, 2017, 2, '5.31', 75),
(70, 2017, 3, '0.93', 93),
(70, 2017, 4, '1.37', 53),
(70, 2017, 5, '0.64', 61),
(70, 2017, 6, '0.47', 56),
(70, 2017, 7, '0.06', 119),
(70, 2017, 8, '0.23', 76),
(70, 2018, 1, '56.00', 56),
(70, 2018, 2, '5.89', 56),
(70, 2018, 3, '0.82', 94),
(70, 2018, 5, '0.69', 60),
(70, 2018, 6, '0.58', 41),
(70, 2018, 7, '0.03', 138),
(70, 2018, 8, '0.10', 125),
(70, 2018, 9, '1.49', 28),
(70, 2019, 1, '56.00', 56),
(70, 2019, 2, '5.89', 56),
(70, 2019, 3, '0.83', 95),
(70, 2019, 5, '0.83', 57),
(70, 2019, 6, '0.49', 50),
(70, 2019, 7, '0.03', 136),
(70, 2019, 8, '0.11', 119),
(70, 2019, 9, '1.48', 28),
(71, 2015, 1, '46.00', 46),
(71, 2015, 2, '5.99', 46),
(71, 2015, 3, '1.27', 26),
(71, 2015, 4, '1.26', 27),
(71, 2015, 5, '0.99', 3),
(71, 2015, 6, '0.50', 54),
(71, 2015, 7, '0.18', 40),
(71, 2015, 8, '0.11', 140),
(71, 2016, 1, '53.00', 53),
(71, 2016, 2, '5.92', 53),
(71, 2016, 3, '1.38', 26),
(71, 2016, 4, '1.06', 23),
(71, 2016, 5, '0.91', 3),
(71, 2016, 6, '0.47', 45),
(71, 2016, 7, '0.19', 32),
(71, 2016, 8, '0.10', 137),
(71, 2017, 1, '51.00', 51),
(71, 2017, 2, '5.92', 51),
(71, 2017, 3, '1.42', 25),
(71, 2017, 4, '1.44', 31),
(71, 2017, 5, '0.91', 2),
(71, 2017, 6, '0.51', 43),
(71, 2017, 7, '0.16', 35),
(71, 2017, 8, '0.12', 129),
(71, 2018, 1, '54.00', 54),
(71, 2018, 2, '5.92', 54),
(71, 2018, 3, '1.29', 25),
(71, 2018, 5, '0.99', 3),
(71, 2018, 6, '0.55', 48),
(71, 2018, 7, '0.15', 34),
(71, 2018, 8, '0.08', 134),
(71, 2018, 9, '1.46', 40),
(71, 2019, 1, '58.00', 58),
(71, 2019, 2, '5.89', 58),
(71, 2019, 3, '1.33', 25),
(71, 2019, 5, '1.09', 3),
(71, 2019, 6, '0.45', 65),
(71, 2019, 7, '0.14', 41),
(71, 2019, 8, '0.07', 143),
(71, 2019, 9, '1.42', 50),
(72, 2015, 1, '82.00', 82),
(72, 2015, 2, '5.19', 82),
(72, 2015, 3, '0.90', 80),
(72, 2015, 4, '1.05', 74),
(72, 2015, 5, '0.70', 80),
(72, 2015, 6, '0.41', 94),
(72, 2015, 7, '0.14', 57),
(72, 2015, 8, '0.11', 138),
(72, 2016, 1, '80.00', 80),
(72, 2016, 2, '5.30', 80),
(72, 2016, 3, '1.00', 82),
(72, 2016, 4, '0.86', 75),
(72, 2016, 5, '0.61', 78),
(72, 2016, 6, '0.36', 96),
(72, 2016, 7, '0.13', 58),
(72, 2016, 8, '0.14', 122),
(72, 2017, 1, '73.00', 73),
(72, 2017, 2, '5.34', 73),
(72, 2017, 3, '0.99', 86),
(72, 2017, 4, '1.24', 80),
(72, 2017, 5, '0.60', 78),
(72, 2017, 6, '0.42', 84),
(72, 2017, 7, '0.12', 53),
(72, 2017, 8, '0.17', 111),
(72, 2018, 1, '90.00', 90),
(72, 2018, 2, '5.16', 90),
(72, 2018, 3, '0.82', 93),
(72, 2018, 5, '0.65', 78),
(72, 2018, 6, '0.47', 81),
(72, 2018, 7, '0.13', 43),
(72, 2018, 8, '0.13', 106),
(72, 2018, 9, '1.27', 77),
(72, 2019, 1, '101.00', 101),
(72, 2019, 2, '4.91', 101),
(72, 2019, 3, '0.84', 94),
(72, 2019, 5, '0.82', 66),
(72, 2019, 6, '0.38', 88),
(72, 2019, 7, '0.13', 45),
(72, 2019, 8, '0.11', 116),
(72, 2019, 9, '1.23', 89),
(73, 2015, 1, '54.00', 54),
(73, 2015, 2, '5.86', 54),
(73, 2015, 3, '1.12', 48),
(73, 2015, 4, '1.12', 58),
(73, 2015, 5, '0.64', 92),
(73, 2015, 6, '0.52', 51),
(73, 2015, 7, '0.08', 96),
(73, 2015, 8, '0.12', 133),
(73, 2016, 1, '54.00', 54),
(73, 2016, 2, '5.92', 54),
(73, 2016, 3, '1.23', 48),
(73, 2016, 4, '0.96', 50),
(73, 2016, 5, '0.57', 90),
(73, 2016, 6, '0.41', 73),
(73, 2016, 7, '0.11', 74),
(73, 2016, 8, '0.15', 119),
(73, 2017, 1, '60.00', 60),
(73, 2017, 2, '5.82', 60),
(73, 2017, 3, '1.28', 45),
(73, 2017, 4, '1.38', 49),
(73, 2017, 5, '0.61', 77),
(73, 2017, 6, '0.44', 77),
(73, 2017, 7, '0.12', 54),
(73, 2017, 8, '0.20', 93),
(73, 2018, 1, '60.00', 60),
(73, 2018, 2, '5.79', 60),
(73, 2018, 3, '1.14', 49),
(73, 2018, 5, '0.63', 83),
(73, 2018, 6, '0.45', 89),
(73, 2018, 7, '0.12', 50),
(73, 2018, 8, '0.15', 93),
(73, 2018, 9, '1.52', 21),
(73, 2019, 1, '60.00', 60),
(73, 2019, 2, '5.81', 60),
(73, 2019, 3, '1.17', 49),
(73, 2019, 5, '0.73', 92),
(73, 2019, 6, '0.41', 81),
(73, 2019, 7, '0.10', 64),
(73, 2019, 8, '0.15', 99),
(73, 2019, 9, '1.51', 19),
(74, 2015, 1, '125.00', 125),
(74, 2015, 2, '4.42', 125),
(74, 2015, 3, '0.36', 132),
(74, 2015, 4, '1.00', 91),
(74, 2015, 5, '0.41', 123),
(74, 2015, 6, '0.42', 85),
(74, 2015, 7, '0.06', 123),
(74, 2015, 8, '0.38', 23),
(74, 2016, 1, '122.00', 122),
(74, 2016, 2, '4.36', 122),
(74, 2016, 3, '0.52', 129),
(74, 2016, 4, '0.76', 95),
(74, 2016, 5, '0.30', 128),
(74, 2016, 6, '0.41', 72),
(74, 2016, 7, '0.07', 112),
(74, 2016, 8, '0.41', 19),
(74, 2017, 1, '111.00', 111),
(74, 2017, 2, '4.55', 111),
(74, 2017, 3, '0.56', 125),
(74, 2017, 4, '1.07', 114),
(74, 2017, 5, '0.31', 124),
(74, 2017, 6, '0.45', 69),
(74, 2017, 7, '0.06', 104),
(74, 2017, 8, '0.44', 14),
(74, 2018, 1, '124.00', 124),
(74, 2018, 2, '4.41', 124),
(74, 2018, 3, '0.49', 127),
(74, 2018, 5, '0.45', 113),
(74, 2018, 6, '0.50', 72),
(74, 2018, 7, '0.06', 109),
(74, 2018, 8, '0.35', 12),
(74, 2018, 9, '1.05', 118),
(74, 2019, 1, '121.00', 121),
(74, 2019, 2, '4.51', 121),
(74, 2019, 3, '0.51', 125),
(74, 2019, 5, '0.58', 111),
(74, 2019, 6, '0.43', 73),
(74, 2019, 7, '0.05', 112),
(74, 2019, 8, '0.37', 5),
(74, 2019, 9, '0.98', 124),
(75, 2015, 1, '69.00', 69),
(75, 2015, 2, '5.59', 69),
(75, 2015, 3, '0.80', 93),
(75, 2015, 4, '0.81', 122),
(75, 2015, 5, '0.63', 95),
(75, 2015, 6, '0.25', 136),
(75, 2015, 7, '0.05', 129),
(75, 2015, 8, '0.28', 46),
(75, 2016, 1, '77.00', 77),
(75, 2016, 2, '5.40', 77),
(75, 2016, 3, '0.90', 93),
(75, 2016, 4, '0.66', 115),
(75, 2016, 5, '0.54', 96),
(75, 2016, 6, '0.14', 145),
(75, 2016, 7, '0.07', 115),
(75, 2016, 8, '0.28', 49),
(75, 2017, 1, '77.00', 77),
(75, 2017, 2, '5.28', 77),
(75, 2017, 3, '0.95', 90),
(75, 2017, 4, '1.14', 103),
(75, 2017, 5, '0.54', 92),
(75, 2017, 6, '0.26', 125),
(75, 2017, 7, '0.06', 115),
(75, 2017, 8, '0.32', 40),
(75, 2018, 1, '66.00', 66),
(75, 2018, 2, '5.66', 66),
(75, 2018, 3, '0.86', 90),
(75, 2018, 5, '0.58', 97),
(75, 2018, 6, '0.45', 94),
(75, 2018, 7, '0.02', 145),
(75, 2018, 8, '0.27', 26),
(75, 2018, 9, '1.23', 86),
(75, 2019, 1, '46.00', 46),
(75, 2019, 2, '6.10', 46),
(75, 2019, 3, '0.88', 90),
(75, 2019, 5, '0.76', 86),
(75, 2019, 6, '0.49', 51),
(75, 2019, 7, '0.01', 152),
(75, 2019, 8, '0.26', 30),
(75, 2019, 9, '1.23', 86),
(76, 2015, 1, '39.00', 39),
(76, 2015, 2, '6.30', 39),
(76, 2015, 3, '1.55', 3),
(76, 2015, 4, '1.17', 50),
(76, 2015, 5, '0.72', 69),
(76, 2015, 6, '0.55', 38),
(76, 2015, 7, '0.26', 26),
(76, 2015, 8, '0.16', 116),
(76, 2016, 1, '41.00', 41),
(76, 2016, 2, '6.24', 41),
(76, 2016, 3, '1.62', 4),
(76, 2016, 4, '0.88', 67),
(76, 2016, 5, '0.64', 68),
(76, 2016, 6, '0.43', 60),
(76, 2016, 7, '0.24', 27),
(76, 2016, 8, '0.16', 115),
(76, 2017, 1, '39.00', 39),
(76, 2017, 2, '6.11', 39),
(76, 2017, 3, '1.63', 4),
(76, 2017, 4, '1.26', 74),
(76, 2017, 5, '0.63', 68),
(76, 2017, 6, '0.50', 47),
(76, 2017, 7, '0.22', 26),
(76, 2017, 8, '0.23', 81),
(76, 2018, 1, '45.00', 45),
(76, 2018, 2, '6.08', 45),
(76, 2018, 3, '1.47', 5),
(76, 2018, 5, '0.68', 68),
(76, 2018, 6, '0.55', 47),
(76, 2018, 7, '0.11', 56),
(76, 2018, 8, '0.17', 83),
(76, 2018, 9, '1.30', 71),
(76, 2019, 1, '51.00', 51),
(76, 2019, 2, '6.02', 51),
(76, 2019, 3, '1.50', 5),
(76, 2019, 5, '0.81', 72),
(76, 2019, 6, '0.49', 48),
(76, 2019, 7, '0.10', 62),
(76, 2019, 8, '0.14', 102),
(76, 2019, 9, '1.32', 69),
(77, 2015, 1, '77.00', 77),
(77, 2015, 2, '5.29', 77),
(77, 2015, 3, '0.47', 121),
(77, 2015, 4, '1.15', 51),
(77, 2015, 5, '0.65', 90),
(77, 2015, 6, '0.43', 80),
(77, 2015, 7, '0.04', 132),
(77, 2015, 8, '0.30', 42),
(77, 2016, 1, '85.00', 85),
(77, 2016, 2, '5.19', 85),
(77, 2016, 3, '0.56', 124),
(77, 2016, 4, '0.95', 51),
(77, 2016, 5, '0.55', 93),
(77, 2016, 6, '0.40', 77),
(77, 2016, 7, '0.05', 131),
(77, 2016, 8, '0.38', 24),
(77, 2017, 1, '97.00', 97),
(77, 2017, 2, '5.00', 97),
(77, 2017, 3, '0.60', 121),
(77, 2017, 4, '1.39', 45),
(77, 2017, 5, '0.55', 90),
(77, 2017, 6, '0.45', 68),
(77, 2017, 7, '0.04', 132),
(77, 2017, 8, '0.43', 16),
(77, 2018, 1, '92.00', 92),
(77, 2018, 2, '5.13', 92),
(77, 2018, 3, '0.53', 126),
(77, 2018, 5, '0.59', 95),
(77, 2018, 6, '0.54', 55),
(77, 2018, 7, '0.04', 130),
(77, 2018, 8, '0.28', 25),
(77, 2018, 9, '1.42', 53),
(77, 2019, 1, '86.00', 86),
(77, 2019, 2, '5.26', 86),
(77, 2019, 3, '0.55', 123),
(77, 2019, 5, '0.72', 94),
(77, 2019, 6, '0.51', 37),
(77, 2019, 7, '0.02', 146),
(77, 2019, 8, '0.30', 15),
(77, 2019, 9, '1.44', 44),
(78, 2015, 1, '99.00', 99),
(78, 2015, 2, '4.88', 99),
(78, 2015, 3, '0.59', 117),
(78, 2015, 4, '0.74', 135),
(78, 2015, 5, '0.55', 111),
(78, 2015, 6, '0.60', 28),
(78, 2015, 7, '0.24', 28),
(78, 2015, 8, '0.42', 16),
(78, 2016, 1, '102.00', 102),
(78, 2016, 2, '4.88', 102),
(78, 2016, 3, '0.68', 117),
(78, 2016, 4, '0.55', 131),
(78, 2016, 5, '0.38', 118),
(78, 2016, 6, '0.52', 29),
(78, 2016, 7, '0.22', 28),
(78, 2016, 8, '0.43', 17),
(78, 2018, 1, '110.00', 110),
(78, 2018, 2, '4.62', 110),
(78, 2018, 3, '0.72', 106),
(78, 2018, 5, '0.44', 114),
(78, 2018, 6, '0.63', 23),
(78, 2018, 7, '0.17', 26),
(78, 2018, 8, '0.23', 42),
(78, 2018, 9, '1.03', 120),
(78, 2019, 1, '105.00', 105),
(78, 2019, 2, '4.80', 105),
(78, 2019, 3, '0.76', 104),
(78, 2019, 5, '0.55', 117),
(78, 2019, 6, '0.55', 23),
(78, 2019, 7, '0.16', 29),
(78, 2019, 8, '0.27', 27),
(78, 2019, 9, '1.03', 121),
(79, 2015, 1, '89.00', 89),
(79, 2015, 2, '5.10', 89),
(79, 2015, 3, '1.11', 50),
(79, 2015, 4, '1.10', 63),
(79, 2015, 5, '0.72', 70),
(79, 2015, 6, '0.30', 128),
(79, 2015, 7, '0.06', 116),
(79, 2015, 8, '0.18', 104),
(79, 2016, 1, '68.00', 68),
(79, 2016, 2, '5.56', 68),
(79, 2016, 3, '1.22', 49),
(79, 2016, 4, '0.95', 53),
(79, 2016, 5, '0.64', 67),
(79, 2016, 6, '0.28', 112),
(79, 2016, 7, '0.09', 88),
(79, 2016, 8, '0.17', 108),
(79, 2017, 1, '54.00', 54),
(79, 2017, 2, '5.85', 54),
(79, 2017, 3, '1.26', 47),
(79, 2017, 4, '1.40', 41),
(79, 2017, 5, '0.64', 63),
(79, 2017, 6, '0.33', 110),
(79, 2017, 7, '0.07', 90),
(79, 2017, 8, '0.15', 116),
(79, 2018, 1, '53.00', 53),
(79, 2018, 2, '5.93', 53),
(79, 2018, 3, '1.15', 47),
(79, 2018, 5, '0.67', 72),
(79, 2018, 6, '0.36', 115),
(79, 2018, 7, '0.07', 95),
(79, 2018, 8, '0.09', 126),
(79, 2018, 9, '1.45', 43),
(79, 2019, 1, '53.00', 53),
(79, 2019, 2, '5.94', 53),
(79, 2019, 3, '1.19', 45),
(79, 2019, 5, '0.81', 71),
(79, 2019, 6, '0.26', 127),
(79, 2019, 7, '0.06', 98),
(79, 2019, 8, '0.08', 138),
(79, 2019, 9, '1.47', 33),
(80, 2015, 1, '103.00', 103),
(80, 2015, 2, '4.84', 103),
(80, 2015, 3, '1.03', 61),
(80, 2015, 4, '0.80', 124),
(80, 2015, 5, '0.84', 36),
(80, 2015, 6, '0.34', 114),
(80, 2015, 7, '0.05', 130),
(80, 2015, 8, '0.22', 77),
(80, 2016, 1, '93.00', 93),
(80, 2016, 2, '5.13', 93),
(80, 2016, 3, '1.12', 62),
(80, 2016, 4, '0.64', 118),
(80, 2016, 5, '0.76', 36),
(80, 2016, 6, '0.26', 117),
(80, 2016, 7, '0.03', 143),
(80, 2016, 8, '0.24', 70),
(80, 2017, 1, '87.00', 87),
(80, 2017, 2, '5.22', 87),
(80, 2017, 3, '1.07', 74),
(80, 2017, 4, '1.13', 106),
(80, 2017, 5, '0.74', 36),
(80, 2017, 6, '0.29', 122),
(80, 2017, 7, '0.04', 134),
(80, 2017, 8, '0.26', 59),
(80, 2018, 1, '80.00', 80),
(80, 2018, 2, '5.36', 80),
(80, 2018, 3, '0.97', 76),
(80, 2018, 5, '0.79', 38),
(80, 2018, 6, '0.50', 73),
(80, 2018, 7, '0.14', 41),
(80, 2018, 8, '0.21', 49),
(80, 2018, 9, '1.18', 98),
(80, 2019, 1, '91.00', 91),
(80, 2019, 2, '5.20', 91),
(80, 2019, 3, '0.99', 75),
(80, 2019, 5, '0.82', 66),
(80, 2019, 6, '0.22', 137),
(80, 2019, 7, '0.03', 140),
(80, 2019, 8, '0.17', 86),
(80, 2019, 9, '1.22', 90),
(81, 2015, 1, '97.00', 97),
(81, 2015, 2, '4.90', 97),
(81, 2015, 3, '0.38', 130),
(81, 2015, 4, '1.04', 76),
(81, 2015, 5, '0.08', 154),
(81, 2015, 6, '0.32', 122),
(81, 2015, 7, '0.13', 68),
(81, 2015, 8, '0.16', 115),
(81, 2017, 1, '138.00', 138),
(81, 2017, 2, '3.81', 138),
(81, 2017, 3, '0.52', 127),
(81, 2017, 4, '1.19', 91),
(81, 2017, 5, '0.00', 154),
(81, 2017, 6, '0.39', 95),
(81, 2017, 7, '0.12', 55),
(81, 2017, 8, '0.16', 114),
(81, 2018, 1, '141.00', 141),
(81, 2018, 2, '3.81', 141),
(81, 2018, 3, '0.47', 129),
(81, 2018, 5, '0.08', 152),
(81, 2018, 6, '0.42', 99),
(81, 2018, 7, '0.11', 53),
(81, 2018, 8, '0.12', 113),
(81, 2018, 9, '1.22', 91),
(81, 2019, 1, '144.00', 144),
(81, 2019, 2, '3.80', 144),
(81, 2019, 3, '0.49', 127),
(81, 2019, 5, '0.17', 154),
(81, 2019, 6, '0.36', 98),
(81, 2019, 7, '0.09', 65),
(81, 2019, 8, '0.11', 119),
(81, 2019, 9, '1.17', 99),
(82, 2015, 1, '116.00', 116),
(82, 2015, 2, '4.57', 116),
(82, 2015, 3, '0.07', 154),
(82, 2015, 4, '0.79', 127),
(82, 2015, 5, '0.34', 132),
(82, 2015, 6, '0.29', 130),
(82, 2015, 7, '0.06', 118),
(82, 2015, 8, '0.24', 62),
(82, 2016, 1, '150.00', 150),
(82, 2016, 2, '3.62', 150),
(82, 2016, 3, '0.11', 153),
(82, 2016, 4, '0.50', 133),
(82, 2016, 5, '0.23', 139),
(82, 2016, 6, '0.26', 118),
(82, 2016, 7, '0.05', 130),
(82, 2016, 8, '0.24', 68),
(82, 2017, 1, '147.00', 147),
(82, 2017, 2, '3.53', 147),
(82, 2017, 3, '0.12', 150),
(82, 2017, 4, '0.87', 132),
(82, 2017, 5, '0.23', 133),
(82, 2017, 6, '0.33', 108),
(82, 2017, 7, '0.04', 133),
(82, 2017, 8, '0.27', 57),
(82, 2018, 1, '149.00', 149),
(82, 2018, 2, '3.50', 149),
(82, 2018, 3, '0.08', 153),
(82, 2018, 5, '0.27', 135),
(82, 2018, 6, '0.42', 101),
(82, 2018, 7, '0.03', 139),
(82, 2018, 8, '0.21', 53),
(82, 2018, 9, '0.86', 135),
(82, 2019, 1, '141.00', 141),
(82, 2019, 2, '3.98', 141),
(82, 2019, 3, '0.07', 153),
(82, 2019, 5, '0.44', 131),
(82, 2019, 6, '0.37', 95),
(82, 2019, 7, '0.03', 133),
(82, 2019, 8, '0.23', 50),
(82, 2019, 9, '0.92', 128),
(83, 2015, 1, '63.00', 63),
(83, 2015, 2, '5.75', 63),
(83, 2015, 3, '1.13', 45),
(83, 2015, 4, '1.12', 59),
(83, 2015, 5, '0.70', 77),
(83, 2015, 6, '0.42', 87),
(83, 2015, 7, '0.11', 78),
(83, 2015, 8, '0.18', 100),
(83, 2016, 1, '67.00', 67),
(83, 2016, 2, '5.62', 67),
(83, 2016, 3, '1.07', 74),
(83, 2016, 4, '0.95', 52),
(83, 2016, 5, '0.52', 101),
(83, 2016, 6, '0.41', 70),
(83, 2016, 7, '0.10', 82),
(83, 2016, 8, '0.17', 111),
(83, 2017, 1, '68.00', 68),
(83, 2017, 2, '5.53', 68),
(83, 2017, 3, '1.10', 70),
(83, 2017, 4, '1.36', 55),
(83, 2017, 5, '0.52', 98),
(83, 2017, 6, '0.47', 64),
(83, 2017, 7, '0.09', 73),
(83, 2017, 8, '0.15', 117),
(83, 2018, 1, '70.00', 70),
(83, 2018, 2, '5.57', 70),
(83, 2018, 3, '0.99', 72),
(83, 2018, 5, '0.55', 100),
(83, 2018, 6, '0.50', 76),
(83, 2018, 7, '0.15', 35),
(83, 2018, 8, '0.12', 113),
(83, 2018, 9, '1.35', 62),
(83, 2019, 1, '72.00', 72),
(83, 2019, 2, '5.53', 72),
(83, 2019, 3, '1.04', 65),
(83, 2019, 5, '0.67', 100),
(83, 2019, 6, '0.42', 80),
(83, 2019, 7, '0.15', 33),
(83, 2019, 8, '0.13', 106),
(83, 2019, 9, '1.30', 74),
(84, 2015, 1, '56.00', 56),
(84, 2015, 2, '5.83', 56),
(84, 2015, 3, '1.15', 43),
(84, 2015, 4, '1.26', 26),
(84, 2015, 5, '0.73', 64),
(84, 2015, 6, '0.21', 145),
(84, 2015, 7, '0.01', 154),
(84, 2015, 8, '0.03', 156),
(84, 2016, 1, '60.00', 60),
(84, 2016, 2, '5.81', 60),
(84, 2016, 3, '1.27', 42),
(84, 2016, 4, '1.06', 22),
(84, 2016, 5, '0.65', 62),
(84, 2016, 6, '0.19', 135),
(84, 2016, 7, '0.02', 151),
(84, 2016, 8, '0.02', 156),
(84, 2017, 1, '52.00', 52),
(84, 2017, 2, '5.90', 52),
(84, 2017, 3, '1.31', 40),
(84, 2017, 4, '1.47', 20),
(84, 2017, 5, '0.63', 70),
(84, 2017, 6, '0.23', 135),
(84, 2017, 7, '0.01', 149),
(84, 2017, 8, '0.01', 153),
(84, 2018, 1, '50.00', 50),
(84, 2018, 2, '5.95', 50),
(84, 2018, 3, '1.20', 40),
(84, 2018, 5, '0.72', 53),
(84, 2018, 6, '0.35', 121),
(84, 2018, 7, '0.01', 153),
(84, 2018, 8, '0.03', 154),
(84, 2018, 9, '1.53', 16),
(84, 2019, 1, '42.00', 42),
(84, 2019, 2, '6.15', 42),
(84, 2019, 3, '1.24', 38),
(84, 2019, 5, '0.82', 65),
(84, 2019, 6, '0.29', 123),
(84, 2019, 7, '0.04', 120),
(84, 2019, 8, '0.04', 150),
(84, 2019, 9, '1.52', 17),
(85, 2015, 1, '17.00', 17),
(85, 2015, 2, '6.95', 17),
(85, 2015, 3, '1.56', 2),
(85, 2015, 4, '1.22', 39),
(85, 2015, 5, '0.92', 13),
(85, 2015, 6, '0.62', 19),
(85, 2015, 7, '0.38', 12),
(85, 2015, 8, '0.28', 48),
(85, 2016, 1, '20.00', 20),
(85, 2016, 2, '6.87', 20),
(85, 2016, 3, '1.70', 2),
(85, 2016, 4, '1.04', 33),
(85, 2016, 5, '0.85', 12),
(85, 2016, 6, '0.55', 19),
(85, 2016, 7, '0.35', 12),
(85, 2016, 8, '0.28', 51),
(85, 2017, 1, '18.00', 18),
(85, 2017, 2, '6.86', 18),
(85, 2017, 3, '1.74', 2),
(85, 2017, 4, '1.46', 25),
(85, 2017, 5, '0.85', 7),
(85, 2017, 6, '0.60', 15),
(85, 2017, 7, '0.32', 10),
(85, 2017, 8, '0.28', 52),
(85, 2018, 1, '17.00', 17),
(85, 2018, 2, '6.91', 17),
(85, 2018, 3, '1.58', 3),
(85, 2018, 5, '0.90', 14),
(85, 2018, 6, '0.63', 20),
(85, 2018, 7, '0.32', 9),
(85, 2018, 8, '0.20', 63),
(85, 2018, 9, '1.52', 19),
(85, 2019, 1, '14.00', 14),
(85, 2019, 2, '7.09', 14),
(85, 2019, 3, '1.61', 2),
(85, 2019, 5, '1.01', 18),
(85, 2019, 6, '0.53', 29),
(85, 2019, 7, '0.32', 9),
(85, 2019, 8, '0.19', 67),
(85, 2019, 9, '1.48', 27),
(86, 2015, 1, '93.00', 93),
(86, 2015, 2, '5.01', 93),
(86, 2015, 3, '0.92', 79),
(86, 2015, 4, '1.00', 88),
(86, 2015, 5, '0.74', 62),
(86, 2015, 6, '0.33', 115),
(86, 2015, 7, '0.05', 126),
(86, 2015, 8, '0.22', 73),
(86, 2016, 1, '95.00', 95),
(86, 2016, 2, '5.12', 95),
(86, 2016, 3, '1.02', 81),
(86, 2016, 4, '0.78', 91),
(86, 2016, 5, '0.65', 60),
(86, 2016, 6, '0.28', 114),
(86, 2016, 7, '0.07', 109),
(86, 2016, 8, '0.24', 73),
(86, 2017, 1, '91.00', 91),
(86, 2017, 2, '5.18', 91),
(86, 2017, 3, '1.06', 77),
(86, 2017, 4, '1.21', 90),
(86, 2017, 5, '0.64', 60),
(86, 2017, 6, '0.33', 109),
(86, 2017, 7, '0.06', 111),
(86, 2017, 8, '0.25', 62),
(86, 2018, 1, '89.00', 89),
(86, 2018, 2, '5.19', 89),
(86, 2018, 3, '0.96', 78),
(86, 2018, 5, '0.69', 61),
(86, 2018, 6, '0.39', 109),
(86, 2018, 7, '0.05', 113),
(86, 2018, 8, '0.17', 79),
(86, 2018, 9, '1.24', 83),
(87, 2015, 1, '147.00', 147),
(87, 2015, 2, '3.68', 147),
(87, 2015, 3, '0.21', 148),
(87, 2015, 4, '0.67', 139),
(87, 2015, 5, '0.47', 117),
(87, 2015, 6, '0.19', 148),
(87, 2015, 7, '0.08', 100),
(87, 2015, 8, '0.21', 82),
(87, 2016, 1, '148.00', 148),
(87, 2016, 2, '3.70', 148),
(87, 2016, 3, '0.28', 148),
(87, 2016, 4, '0.46', 139),
(87, 2016, 5, '0.37', 119),
(87, 2016, 6, '0.14', 147),
(87, 2016, 7, '0.08', 105),
(87, 2016, 8, '0.22', 81),
(87, 2017, 1, '143.00', 143),
(87, 2017, 2, '3.64', 143),
(87, 2017, 3, '0.31', 144),
(87, 2017, 4, '0.91', 129),
(87, 2017, 5, '0.38', 115),
(87, 2017, 6, '0.19', 141),
(87, 2017, 7, '0.07', 101),
(87, 2017, 8, '0.21', 89),
(87, 2018, 1, '143.00', 143),
(87, 2018, 2, '3.77', 143),
(87, 2018, 3, '0.26', 146),
(87, 2018, 5, '0.40', 120),
(87, 2018, 6, '0.22', 143),
(87, 2018, 7, '0.05', 121),
(87, 2018, 8, '0.16', 88),
(87, 2018, 9, '0.91', 126),
(87, 2019, 1, '143.00', 143),
(87, 2019, 2, '3.93', 143),
(87, 2019, 3, '0.27', 146),
(87, 2019, 5, '0.56', 115),
(87, 2019, 6, '0.15', 147),
(87, 2019, 7, '0.04', 121),
(87, 2019, 8, '0.17', 85),
(87, 2019, 9, '0.92', 129),
(88, 2015, 1, '131.00', 131),
(88, 2015, 2, '4.29', 131),
(88, 2015, 3, '0.02', 156),
(88, 2015, 4, '0.41', 152),
(88, 2015, 5, '0.23', 145),
(88, 2015, 6, '0.43', 82),
(88, 2015, 7, '0.07', 111),
(88, 2015, 8, '0.33', 34),
(88, 2016, 1, '132.00', 132),
(88, 2016, 2, '4.16', 132),
(88, 2016, 3, '0.09', 154),
(88, 2016, 4, '0.15', 154),
(88, 2016, 5, '0.29', 132),
(88, 2016, 6, '0.41', 67),
(88, 2016, 7, '0.08', 104),
(88, 2016, 8, '0.31', 41),
(88, 2017, 1, '135.00', 135),
(88, 2017, 2, '3.97', 135),
(88, 2017, 3, '0.23', 148),
(88, 2017, 4, '0.51', 150),
(88, 2017, 5, '0.32', 122),
(88, 2017, 6, '0.47', 63),
(88, 2017, 7, '0.07', 94),
(88, 2017, 8, '0.29', 49),
(88, 2018, 1, '147.00', 147),
(88, 2018, 2, '3.59', 147),
(88, 2018, 3, '0.19', 150),
(88, 2018, 5, '0.31', 130),
(88, 2018, 6, '0.53', 59),
(88, 2018, 7, '0.08', 82),
(88, 2018, 8, '0.21', 51),
(88, 2018, 9, '0.54', 151),
(88, 2019, 1, '150.00', 150),
(88, 2019, 2, '3.41', 150),
(88, 2019, 3, '0.19', 150),
(88, 2019, 5, '0.50', 124),
(88, 2019, 6, '0.44', 66),
(88, 2019, 7, '0.09', 70),
(88, 2019, 8, '0.22', 55),
(88, 2019, 9, '0.56', 151),
(89, 2015, 1, '61.00', 61),
(89, 2015, 2, '5.77', 61),
(89, 2015, 3, '1.12', 47),
(89, 2015, 4, '1.07', 71),
(89, 2015, 5, '0.72', 71),
(89, 2015, 6, '0.53', 49),
(89, 2015, 7, '0.11', 82),
(89, 2015, 8, '0.33', 36),
(89, 2016, 1, '47.00', 47),
(89, 2016, 2, '6.01', 47),
(89, 2016, 3, '1.25', 43),
(89, 2016, 4, '0.88', 64),
(89, 2016, 5, '0.62', 73),
(89, 2016, 6, '0.39', 82),
(89, 2016, 7, '0.09', 87),
(89, 2016, 8, '0.41', 18),
(89, 2017, 1, '42.00', 42),
(89, 2017, 2, '6.08', 42),
(89, 2017, 3, '1.29', 42),
(89, 2017, 4, '1.28', 64),
(89, 2017, 5, '0.62', 72),
(89, 2017, 6, '0.40', 91),
(89, 2017, 7, '0.07', 103),
(89, 2017, 8, '0.42', 18),
(89, 2018, 1, '35.00', 35),
(89, 2018, 2, '6.32', 35),
(89, 2018, 3, '1.16', 44),
(89, 2018, 5, '0.67', 74),
(89, 2018, 6, '0.36', 117),
(89, 2018, 7, '0.06', 106),
(89, 2018, 8, '0.31', 16),
(89, 2018, 9, '1.26', 78),
(89, 2019, 1, '80.00', 80),
(89, 2019, 2, '5.34', 80),
(89, 2019, 3, '1.22', 41),
(89, 2019, 5, '0.83', 59),
(89, 2019, 6, '0.51', 37),
(89, 2019, 7, '0.02', 145),
(89, 2019, 8, '0.26', 34),
(89, 2019, 9, '1.17', 98),
(90, 2015, 1, '138.00', 138),
(90, 2015, 2, '4.00', 138),
(90, 2015, 3, '0.26', 142),
(90, 2015, 4, '1.04', 77),
(90, 2015, 5, '0.21', 147),
(90, 2015, 6, '0.39', 101),
(90, 2015, 7, '0.12', 71),
(90, 2015, 8, '0.19', 96),
(90, 2016, 1, '135.00', 135),
(90, 2016, 2, '4.07', 135),
(90, 2016, 3, '0.31', 145),
(90, 2016, 4, '0.86', 74),
(90, 2016, 5, '0.16', 147),
(90, 2016, 6, '0.28', 115),
(90, 2016, 7, '0.14', 55),
(90, 2016, 8, '0.21', 86),
(90, 2017, 1, '126.00', 126),
(90, 2017, 2, '4.19', 126),
(90, 2017, 3, '0.48', 131),
(90, 2017, 4, '1.28', 66),
(90, 2017, 5, '0.17', 142),
(90, 2017, 6, '0.31', 115),
(90, 2017, 7, '0.10', 63),
(90, 2017, 8, '0.18', 105),
(90, 2018, 1, '118.00', 118),
(90, 2018, 2, '4.45', 118),
(90, 2018, 3, '0.37', 135),
(90, 2018, 5, '0.15', 148),
(90, 2018, 6, '0.37', 114),
(90, 2018, 7, '0.06', 107),
(90, 2018, 8, '0.14', 99),
(90, 2018, 9, '1.23', 84),
(90, 2019, 1, '128.00', 128),
(90, 2019, 2, '4.39', 128),
(90, 2019, 3, '0.39', 132),
(90, 2019, 5, '0.31', 147),
(90, 2019, 6, '0.33', 111),
(90, 2019, 7, '0.05', 114),
(90, 2019, 8, '0.15', 92),
(90, 2019, 9, '1.11', 113),
(91, 2015, 1, '37.00', 37),
(91, 2015, 2, '6.30', 37),
(91, 2015, 3, '1.21', 36),
(91, 2015, 4, '1.30', 13),
(91, 2015, 5, '0.89', 25),
(91, 2015, 6, '0.60', 23),
(91, 2015, 7, '0.14', 63),
(91, 2015, 8, '0.52', 4),
(91, 2016, 1, '30.00', 30),
(91, 2016, 2, '6.49', 30),
(91, 2016, 3, '1.31', 37),
(91, 2016, 4, '1.10', 12),
(91, 2016, 5, '0.80', 26),
(91, 2016, 6, '0.55', 18),
(91, 2016, 7, '0.18', 40),
(91, 2016, 8, '0.56', 4),
(91, 2017, 1, '27.00', 27),
(91, 2017, 2, '6.53', 27),
(91, 2017, 3, '1.34', 35),
(91, 2017, 4, '1.49', 16),
(91, 2017, 5, '0.82', 16),
(91, 2017, 6, '0.59', 16),
(91, 2017, 7, '0.15', 39),
(91, 2017, 8, '0.57', 3),
(91, 2018, 1, '22.00', 22),
(91, 2018, 2, '6.63', 22),
(91, 2018, 3, '1.27', 27),
(91, 2018, 5, '0.88', 19),
(91, 2018, 6, '0.65', 14),
(91, 2018, 7, '0.14', 39),
(91, 2018, 8, '0.38', 4),
(91, 2018, 9, '1.53', 17),
(91, 2019, 1, '22.00', 22),
(91, 2019, 2, '6.73', 22),
(91, 2019, 3, '1.30', 29),
(91, 2019, 5, '1.00', 20),
(91, 2019, 6, '0.56', 12),
(91, 2019, 7, '0.15', 34),
(91, 2019, 8, '0.38', 4),
(91, 2019, 9, '1.52', 16),
(92, 2015, 1, '124.00', 124),
(92, 2015, 2, '4.44', 124),
(92, 2015, 3, '0.45', 125),
(92, 2015, 4, '0.87', 116),
(92, 2015, 5, '0.36', 131),
(92, 2015, 6, '0.24', 139),
(92, 2015, 7, '0.17', 43),
(92, 2015, 8, '0.22', 76),
(92, 2016, 1, '130.00', 130),
(92, 2016, 2, '4.20', 130),
(92, 2016, 3, '0.61', 121),
(92, 2016, 4, '0.84', 79),
(92, 2016, 5, '0.29', 133),
(92, 2016, 6, '0.13', 150),
(92, 2016, 7, '0.18', 37),
(92, 2016, 8, '0.23', 75),
(92, 2017, 1, '122.00', 122),
(92, 2017, 2, '4.29', 122),
(92, 2017, 3, '0.65', 117),
(92, 2017, 4, '1.27', 70),
(92, 2017, 5, '0.29', 128),
(92, 2017, 6, '0.10', 148),
(92, 2017, 7, '0.14', 45),
(92, 2017, 8, '0.20', 94),
(92, 2018, 1, '126.00', 126),
(92, 2018, 2, '4.36', 126),
(92, 2018, 3, '0.56', 121),
(92, 2018, 5, '0.29', 132),
(92, 2018, 6, '0.13', 148),
(92, 2018, 7, '0.09', 71),
(92, 2018, 8, '0.13', 102),
(92, 2018, 9, '1.25', 81),
(92, 2019, 1, '122.00', 122),
(92, 2019, 2, '4.49', 122),
(92, 2019, 3, '0.57', 120),
(92, 2019, 5, '0.49', 125),
(92, 2019, 6, '0.07', 152),
(92, 2019, 7, '0.09', 74),
(92, 2019, 8, '0.11', 121),
(92, 2019, 9, '1.17', 100),
(93, 2015, 1, '71.00', 71),
(93, 2015, 2, '5.48', 71),
(93, 2015, 3, '1.01', 66),
(93, 2015, 4, '0.99', 92),
(93, 2015, 5, '0.71', 75),
(93, 2015, 6, '0.56', 35),
(93, 2015, 7, '0.08', 107),
(93, 2015, 8, '0.38', 22),
(93, 2016, 1, '66.00', 66),
(93, 2016, 2, '5.65', 66),
(93, 2016, 3, '1.14', 58),
(93, 2016, 4, '0.76', 98),
(93, 2016, 5, '0.66', 55),
(93, 2016, 6, '0.46', 49),
(93, 2016, 7, '0.05', 127),
(93, 2016, 8, '0.37', 28),
(93, 2017, 1, '64.00', 64),
(93, 2017, 2, '5.63', 64),
(93, 2017, 3, '1.19', 55),
(93, 2017, 4, '1.21', 89),
(93, 2017, 5, '0.64', 64),
(93, 2017, 6, '0.49', 49),
(93, 2017, 7, '0.04', 128),
(93, 2017, 8, '0.36', 27),
(93, 2018, 1, '55.00', 55),
(93, 2018, 2, '5.89', 55),
(93, 2018, 3, '1.09', 55),
(93, 2018, 5, '0.68', 67),
(93, 2018, 6, '0.58', 36),
(93, 2018, 7, '0.05', 119),
(93, 2018, 8, '0.25', 37),
(93, 2018, 9, '1.39', 57),
(93, 2019, 1, '57.00', 57),
(93, 2019, 2, '5.89', 57),
(93, 2019, 3, '1.12', 55),
(93, 2019, 5, '0.80', 76),
(93, 2019, 6, '0.50', 41),
(93, 2019, 7, '0.06', 102),
(93, 2019, 8, '0.22', 57),
(93, 2019, 9, '1.40', 54),
(94, 2015, 1, '14.00', 14),
(94, 2015, 2, '7.19', 14),
(94, 2015, 3, '1.02', 63),
(94, 2015, 4, '0.91', 108),
(94, 2015, 5, '0.81', 38),
(94, 2015, 6, '0.48', 63),
(94, 2015, 7, '0.21', 31),
(94, 2015, 8, '0.14', 122),
(94, 2016, 1, '21.00', 21),
(94, 2016, 2, '6.78', 21),
(94, 2016, 3, '1.12', 64),
(94, 2016, 4, '0.71', 108),
(94, 2016, 5, '0.71', 43),
(94, 2016, 6, '0.38', 87),
(94, 2016, 7, '0.18', 35),
(94, 2016, 8, '0.12', 133),
(94, 2017, 1, '25.00', 25),
(94, 2017, 2, '6.58', 25),
(94, 2017, 3, '1.15', 61),
(94, 2017, 4, '1.21', 88),
(94, 2017, 5, '0.71', 42),
(94, 2017, 6, '0.41', 86),
(94, 2017, 7, '0.13', 47),
(94, 2017, 8, '0.12', 127),
(94, 2018, 1, '24.00', 24),
(94, 2018, 2, '6.49', 24),
(94, 2018, 3, '1.04', 60),
(94, 2018, 5, '0.76', 42),
(94, 2018, 6, '0.48', 80),
(94, 2018, 7, '0.10', 68),
(94, 2018, 8, '0.07', 137),
(94, 2018, 9, '1.25', 79),
(94, 2019, 1, '23.00', 23),
(94, 2019, 2, '6.60', 23),
(94, 2019, 3, '1.07', 59),
(94, 2019, 5, '0.86', 49),
(94, 2019, 6, '0.43', 72),
(94, 2019, 7, '0.07', 93),
(94, 2019, 8, '0.07', 139),
(94, 2019, 9, '1.32', 67),
(95, 2015, 1, '52.00', 52),
(95, 2015, 2, '5.89', 52),
(95, 2015, 3, '0.59', 115),
(95, 2015, 4, '1.02', 84),
(95, 2015, 5, '0.62', 96),
(95, 2015, 6, '0.33', 119),
(95, 2015, 7, '0.02', 150),
(95, 2015, 8, '0.21', 85),
(95, 2016, 1, '55.00', 55),
(95, 2016, 2, '5.90', 55),
(95, 2016, 3, '0.69', 115),
(95, 2016, 4, '0.83', 82),
(95, 2016, 5, '0.52', 100),
(95, 2016, 6, '0.25', 121),
(95, 2016, 7, '0.02', 149),
(95, 2016, 8, '0.20', 94),
(95, 2017, 1, '56.00', 56),
(95, 2017, 2, '5.84', 56),
(95, 2017, 3, '0.73', 112),
(95, 2017, 4, '1.25', 78),
(95, 2017, 5, '0.59', 83),
(95, 2017, 6, '0.24', 132),
(95, 2017, 7, '0.01', 151),
(95, 2017, 8, '0.21', 88),
(95, 2018, 1, '67.00', 67),
(95, 2018, 2, '5.64', 67),
(95, 2018, 3, '0.66', 114),
(95, 2018, 5, '0.62', 85),
(95, 2018, 6, '0.23', 142),
(95, 2018, 7, '0.00', 155),
(95, 2018, 8, '0.17', 81),
(95, 2018, 9, '1.30', 71),
(95, 2019, 1, '71.00', 71),
(95, 2019, 2, '5.53', 71),
(95, 2019, 3, '0.69', 111),
(95, 2019, 5, '0.74', 90),
(95, 2019, 6, '0.25', 129),
(95, 2019, 7, '0.00', 156),
(95, 2019, 8, '0.18', 77),
(95, 2019, 9, '1.33', 65),
(96, 2015, 1, '100.00', 100),
(96, 2015, 2, '4.87', 100),
(96, 2015, 3, '0.83', 91),
(96, 2015, 4, '1.30', 14),
(96, 2015, 5, '0.60', 103),
(96, 2015, 6, '0.44', 79),
(96, 2015, 7, '0.03', 145),
(96, 2015, 8, '0.33', 32),
(96, 2016, 1, '101.00', 101),
(96, 2016, 2, '4.91', 101),
(96, 2016, 3, '0.99', 84),
(96, 2016, 4, '1.09', 15),
(96, 2016, 5, '0.55', 92),
(96, 2016, 6, '0.36', 97),
(96, 2016, 7, '0.03', 141),
(96, 2016, 8, '0.35', 30),
(96, 2017, 1, '99.00', 99),
(96, 2017, 2, '4.95', 99),
(96, 2017, 3, '1.03', 80),
(96, 2017, 4, '1.49', 15),
(96, 2017, 5, '0.56', 89),
(96, 2017, 6, '0.39', 94),
(96, 2017, 7, '0.03', 138),
(96, 2017, 8, '0.34', 31),
(96, 2018, 1, '94.00', 94),
(96, 2018, 2, '5.13', 94),
(96, 2018, 3, '0.91', 84),
(96, 2018, 5, '0.58', 98),
(96, 2018, 6, '0.40', 108),
(96, 2018, 7, '0.03', 135),
(96, 2018, 8, '0.25', 35),
(96, 2018, 9, '1.52', 20),
(96, 2019, 1, '83.00', 83),
(96, 2019, 2, '5.29', 83),
(96, 2019, 3, '0.95', 82),
(96, 2019, 5, '0.67', 102),
(96, 2019, 6, '0.32', 113),
(96, 2019, 7, '0.04', 126),
(96, 2019, 8, '0.24', 48),
(96, 2019, 9, '1.53', 10),
(97, 2015, 1, '82.00', 82),
(97, 2015, 2, '5.19', 82),
(97, 2015, 3, '0.97', 71),
(97, 2015, 4, '0.91', 110),
(97, 2015, 5, '0.73', 68),
(97, 2015, 6, '0.18', 149),
(97, 2015, 7, '0.14', 56),
(97, 2015, 8, '0.16', 117),
(97, 2016, 1, '88.00', 88),
(97, 2016, 2, '5.16', 88),
(97, 2016, 3, '1.08', 71),
(97, 2016, 4, '0.74', 102),
(97, 2016, 5, '0.64', 69),
(97, 2016, 6, '0.15', 143),
(97, 2016, 7, '0.13', 60),
(97, 2016, 8, '0.17', 109),
(97, 2017, 1, '82.00', 82),
(97, 2017, 2, '5.24', 82),
(97, 2017, 3, '1.12', 66),
(97, 2017, 4, '1.24', 81),
(97, 2017, 5, '0.67', 53),
(97, 2017, 6, '0.19', 140),
(97, 2017, 7, '0.09', 79),
(97, 2017, 8, '0.20', 98),
(97, 2018, 1, '81.00', 81),
(97, 2018, 2, '5.35', 81),
(97, 2018, 3, '1.02', 63),
(97, 2018, 5, '0.73', 51),
(97, 2018, 6, '0.26', 138),
(97, 2018, 7, '0.08', 81),
(97, 2018, 8, '0.11', 116),
(97, 2018, 9, '1.28', 75),
(97, 2019, 1, '73.00', 73),
(97, 2019, 2, '5.52', 73),
(97, 2019, 3, '1.05', 63),
(97, 2019, 5, '0.87', 45),
(97, 2019, 6, '0.20', 140),
(97, 2019, 7, '0.08', 83),
(97, 2019, 8, '0.14', 102),
(97, 2019, 9, '1.36', 60),
(98, 2015, 1, '92.00', 92),
(98, 2015, 2, '5.01', 92),
(98, 2015, 3, '0.73', 102),
(98, 2015, 4, '0.64', 141),
(98, 2015, 5, '0.61', 101),
(98, 2015, 6, '0.42', 86),
(98, 2015, 7, '0.09', 93),
(98, 2015, 8, '0.07', 150),
(98, 2016, 1, '90.00', 90),
(98, 2016, 2, '5.15', 90),
(98, 2016, 3, '0.84', 102),
(98, 2016, 4, '0.39', 142),
(98, 2016, 5, '0.59', 82),
(98, 2016, 6, '0.26', 119),
(98, 2016, 7, '0.08', 96),
(98, 2016, 8, '0.04', 153),
(98, 2017, 1, '83.00', 83),
(98, 2017, 2, '5.24', 83),
(98, 2017, 3, '0.88', 99),
(98, 2017, 4, '0.77', 139),
(98, 2017, 5, '0.60', 79),
(98, 2017, 6, '0.41', 89),
(98, 2017, 7, '0.09', 80),
(98, 2017, 8, '0.03', 151),
(98, 2018, 1, '85.00', 85),
(98, 2018, 2, '5.25', 85),
(98, 2018, 3, '0.78', 101),
(98, 2018, 5, '0.67', 74),
(98, 2018, 6, '0.46', 86),
(98, 2018, 7, '0.07', 89),
(98, 2018, 8, '0.03', 154),
(98, 2018, 9, '0.80', 141),
(98, 2019, 1, '89.00', 89),
(98, 2019, 2, '5.21', 89),
(98, 2019, 3, '0.80', 100),
(98, 2019, 5, '0.78', 82),
(98, 2019, 6, '0.42', 77),
(98, 2019, 7, '0.08', 91),
(98, 2019, 8, '0.04', 153),
(98, 2019, 9, '0.78', 140),
(99, 2015, 1, '94.00', 94),
(99, 2015, 2, '4.97', 94),
(99, 2015, 3, '0.08', 152),
(99, 2015, 4, '1.03', 80),
(99, 2015, 5, '0.09', 153),
(99, 2015, 6, '0.34', 113),
(99, 2015, 7, '0.16', 50),
(99, 2015, 8, '0.22', 74),
(99, 2017, 1, '112.00', 112),
(99, 2017, 2, '4.55', 112),
(99, 2017, 3, '0.23', 147),
(99, 2017, 4, '0.87', 133),
(99, 2017, 5, '0.11', 147),
(99, 2017, 6, '0.48', 51),
(99, 2017, 7, '0.18', 30),
(99, 2017, 8, '0.32', 39),
(99, 2018, 1, '123.00', 123),
(99, 2018, 2, '4.42', 123),
(99, 2018, 3, '0.20', 149),
(99, 2018, 5, '0.17', 147),
(99, 2018, 6, '0.53', 59),
(99, 2018, 7, '0.16', 30),
(99, 2018, 8, '0.21', 53),
(99, 2018, 9, '0.90', 129),
(99, 2019, 1, '123.00', 123),
(99, 2019, 2, '4.47', 123),
(99, 2019, 3, '0.20', 149),
(99, 2019, 5, '0.39', 139),
(99, 2019, 6, '0.49', 47),
(99, 2019, 7, '0.14', 42),
(99, 2019, 8, '0.20', 66),
(99, 2019, 9, '0.99', 123),
(100, 2015, 1, '129.00', 129),
(100, 2015, 2, '4.31', 129),
(100, 2015, 3, '0.27', 139),
(100, 2015, 4, '0.71', 136),
(100, 2015, 5, '0.48', 116),
(100, 2015, 6, '0.44', 78),
(100, 2015, 7, '0.19', 36),
(100, 2015, 8, '0.80', 1),
(100, 2016, 1, '119.00', 119),
(100, 2016, 2, '4.40', 119),
(100, 2016, 3, '0.34', 141),
(100, 2016, 4, '0.70', 111),
(100, 2016, 5, '0.40', 117),
(100, 2016, 6, '0.43', 62),
(100, 2016, 7, '0.20', 31),
(100, 2016, 8, '0.82', 1),
(100, 2017, 1, '113.00', 113),
(100, 2017, 2, '4.55', 113),
(100, 2017, 3, '0.37', 141),
(100, 2017, 4, '1.12', 108),
(100, 2017, 5, '0.40', 114),
(100, 2017, 6, '0.51', 40),
(100, 2017, 7, '0.19', 27),
(100, 2017, 8, '0.84', 1),
(100, 2018, 1, '130.00', 130),
(100, 2018, 2, '4.31', 130),
(100, 2018, 3, '0.68', 111),
(100, 2018, 5, '0.43', 116),
(100, 2018, 6, '0.58', 38),
(100, 2018, 7, '0.18', 23),
(100, 2018, 8, '0.60', 1),
(100, 2018, 9, '1.17', 99),
(100, 2019, 1, '131.00', 131),
(100, 2019, 2, '4.36', 131),
(100, 2019, 3, '0.71', 108),
(100, 2019, 5, '0.56', 115),
(100, 2019, 6, '0.53', 30),
(100, 2019, 7, '0.17', 25),
(100, 2019, 8, '0.57', 1),
(100, 2019, 9, '1.18', 97),
(101, 2016, 1, '113.00', 113),
(101, 2016, 2, '4.57', 113),
(101, 2016, 3, '0.93', 92),
(101, 2016, 4, '0.70', 110),
(101, 2016, 5, '0.35', 123),
(101, 2016, 6, '0.49', 39),
(101, 2016, 7, '0.10', 80),
(101, 2016, 8, '0.08', 144),
(101, 2017, 1, '110.00', 110),
(101, 2017, 2, '4.57', 110),
(101, 2017, 3, '0.96', 89),
(101, 2017, 4, '1.10', 110),
(101, 2017, 5, '0.34', 120),
(101, 2017, 6, '0.52', 38),
(101, 2017, 7, '0.09', 72),
(101, 2017, 8, '0.08', 142),
(101, 2018, 1, '119.00', 119),
(101, 2018, 2, '4.44', 119),
(101, 2018, 3, '0.87', 89),
(101, 2018, 5, '0.37', 124),
(101, 2018, 6, '0.52', 68),
(101, 2018, 7, '0.06', 97),
(101, 2018, 8, '0.05', 147),
(101, 2018, 9, '1.28', 74),
(101, 2019, 1, '113.00', 113),
(101, 2019, 2, '4.64', 113),
(101, 2019, 3, '0.88', 91),
(101, 2019, 5, '0.48', 127),
(101, 2019, 6, '0.40', 83),
(101, 2019, 7, '0.06', 105),
(101, 2019, 8, '0.07', 142),
(101, 2019, 9, '1.31', 70),
(102, 2015, 1, '121.00', 121),
(102, 2015, 2, '4.51', 121),
(102, 2015, 3, '0.36', 133),
(102, 2015, 4, '0.86', 117),
(102, 2015, 5, '0.57', 110),
(102, 2015, 6, '0.38', 102),
(102, 2015, 7, '0.06', 121),
(102, 2015, 8, '0.32', 38),
(102, 2016, 1, '107.00', 107),
(102, 2016, 2, '4.79', 107),
(102, 2016, 3, '0.45', 132),
(102, 2016, 4, '0.70', 112),
(102, 2016, 5, '0.50', 106),
(102, 2016, 6, '0.37', 92),
(102, 2016, 7, '0.07', 110),
(102, 2016, 8, '0.38', 26),
(102, 2017, 1, '98.00', 98),
(102, 2017, 2, '4.96', 98),
(102, 2017, 3, '0.48', 129),
(102, 2017, 4, '1.18', 95),
(102, 2017, 5, '0.50', 100),
(102, 2017, 6, '0.44', 76),
(102, 2017, 7, '0.07', 93),
(102, 2017, 8, '0.39', 20),
(102, 2018, 1, '101.00', 101),
(102, 2018, 2, '4.88', 101),
(102, 2018, 3, '0.43', 133),
(102, 2018, 5, '0.54', 102),
(102, 2018, 6, '0.53', 65),
(102, 2018, 7, '0.08', 84),
(102, 2018, 8, '0.30', 19),
(102, 2018, 9, '1.23', 87),
(102, 2019, 1, '100.00', 100),
(102, 2019, 2, '4.91', 100),
(102, 2019, 3, '0.45', 130),
(102, 2019, 5, '0.68', 99),
(102, 2019, 6, '0.44', 68),
(102, 2019, 7, '0.09', 70),
(102, 2019, 8, '0.29', 17),
(102, 2019, 9, '1.23', 88),
(103, 2015, 1, '7.00', 7),
(103, 2015, 2, '7.38', 7);
INSERT INTO `avoir2` (`Id_Pays`, `annee`, `Id_Score`, `valeur_score`, `rang`) VALUES
(103, 2015, 3, '1.33', 16),
(103, 2015, 4, '1.28', 20),
(103, 2015, 5, '0.89', 21),
(103, 2015, 6, '0.62', 20),
(103, 2015, 7, '0.32', 20),
(103, 2015, 8, '0.48', 8),
(103, 2016, 1, '7.00', 7),
(103, 2016, 2, '7.34', 7),
(103, 2016, 3, '1.46', 12),
(103, 2016, 4, '1.03', 38),
(103, 2016, 5, '0.81', 22),
(103, 2016, 6, '0.55', 17),
(103, 2016, 7, '0.30', 19),
(103, 2016, 8, '0.47', 12),
(103, 2017, 1, '6.00', 6),
(103, 2017, 2, '7.38', 6),
(103, 2017, 3, '1.50', 11),
(103, 2017, 4, '1.43', 36),
(103, 2017, 5, '0.81', 21),
(103, 2017, 6, '0.59', 17),
(103, 2017, 7, '0.28', 15),
(103, 2017, 8, '0.47', 13),
(103, 2018, 1, '6.00', 6),
(103, 2018, 2, '7.44', 6),
(103, 2018, 3, '1.36', 13),
(103, 2018, 5, '0.88', 23),
(103, 2018, 6, '0.64', 16),
(103, 2018, 7, '0.30', 13),
(103, 2018, 8, '0.33', 13),
(103, 2018, 9, '1.49', 31),
(103, 2019, 1, '5.00', 5),
(103, 2019, 2, '7.49', 5),
(103, 2019, 3, '1.40', 12),
(103, 2019, 5, '1.00', 20),
(103, 2019, 6, '0.56', 17),
(103, 2019, 7, '0.30', 12),
(103, 2019, 8, '0.32', 13),
(103, 2019, 9, '1.52', 15),
(104, 2015, 1, '9.00', 9),
(104, 2015, 2, '7.29', 9),
(104, 2015, 3, '1.25', 29),
(104, 2015, 4, '1.32', 8),
(104, 2015, 5, '0.91', 17),
(104, 2015, 6, '0.64', 11),
(104, 2015, 7, '0.43', 6),
(104, 2015, 8, '0.48', 9),
(104, 2016, 1, '8.00', 8),
(104, 2016, 2, '7.33', 8),
(104, 2016, 3, '1.36', 27),
(104, 2016, 4, '1.17', 2),
(104, 2016, 5, '0.83', 16),
(104, 2016, 6, '0.58', 6),
(104, 2016, 7, '0.42', 5),
(104, 2016, 8, '0.49', 7),
(104, 2017, 1, '8.00', 8),
(104, 2017, 2, '7.31', 8),
(104, 2017, 3, '1.41', 26),
(104, 2017, 4, '1.55', 5),
(104, 2017, 5, '0.82', 19),
(104, 2017, 6, '0.61', 8),
(104, 2017, 7, '0.38', 6),
(104, 2017, 8, '0.50', 5),
(104, 2018, 1, '8.00', 8),
(104, 2018, 2, '7.32', 8),
(104, 2018, 3, '1.27', 28),
(104, 2018, 5, '0.88', 24),
(104, 2018, 6, '0.67', 8),
(104, 2018, 7, '0.39', 5),
(104, 2018, 8, '0.37', 6),
(104, 2018, 9, '1.60', 2),
(104, 2019, 1, '8.00', 8),
(104, 2019, 2, '7.31', 8),
(104, 2019, 3, '1.30', 27),
(104, 2019, 5, '1.03', 15),
(104, 2019, 6, '0.59', 8),
(104, 2019, 7, '0.38', 5),
(104, 2019, 8, '0.33', 12),
(104, 2019, 9, '1.56', 5),
(105, 2015, 1, '57.00', 57),
(105, 2015, 2, '5.83', 57),
(105, 2015, 3, '0.59', 116),
(105, 2015, 4, '1.14', 53),
(105, 2015, 5, '0.74', 58),
(105, 2015, 6, '0.55', 39),
(105, 2015, 7, '0.19', 34),
(105, 2015, 8, '0.28', 49),
(105, 2016, 1, '48.00', 48),
(105, 2016, 2, '5.99', 48),
(105, 2016, 3, '0.69', 114),
(105, 2016, 4, '0.90', 62),
(105, 2016, 5, '0.65', 58),
(105, 2016, 6, '0.47', 46),
(105, 2016, 7, '0.16', 46),
(105, 2016, 8, '0.30', 45),
(105, 2017, 1, '43.00', 43),
(105, 2017, 2, '6.07', 43),
(105, 2017, 3, '0.74', 110),
(105, 2017, 4, '1.29', 61),
(105, 2017, 5, '0.65', 55),
(105, 2017, 6, '0.45', 73),
(105, 2017, 7, '0.13', 48),
(105, 2017, 8, '0.30', 45),
(105, 2018, 1, '41.00', 41),
(105, 2018, 2, '6.14', 41),
(105, 2018, 3, '0.67', 113),
(105, 2018, 5, '0.70', 57),
(105, 2018, 6, '0.53', 64),
(105, 2018, 7, '0.13', 46),
(105, 2018, 8, '0.21', 52),
(105, 2018, 9, '1.32', 67),
(105, 2019, 1, '45.00', 45),
(105, 2019, 2, '6.11', 45),
(105, 2019, 3, '0.69', 110),
(105, 2019, 5, '0.84', 56),
(105, 2019, 6, '0.44', 71),
(105, 2019, 7, '0.13', 47),
(105, 2019, 8, '0.20', 63),
(105, 2019, 9, '1.33', 66),
(106, 2015, 1, '144.00', 144),
(106, 2015, 2, '3.85', 144),
(106, 2015, 3, '0.07', 155),
(106, 2015, 4, '0.77', 130),
(106, 2015, 5, '0.30', 139),
(106, 2015, 6, '0.48', 64),
(106, 2015, 7, '0.16', 49),
(106, 2015, 8, '0.19', 92),
(106, 2016, 1, '142.00', 142),
(106, 2016, 2, '3.86', 142),
(106, 2016, 3, '0.13', 152),
(106, 2016, 4, '0.61', 127),
(106, 2016, 5, '0.26', 136),
(106, 2016, 6, '0.38', 83),
(106, 2016, 7, '0.17', 43),
(106, 2016, 8, '0.21', 87),
(106, 2017, 1, '134.00', 134),
(106, 2017, 2, '4.03', 134),
(106, 2017, 3, '0.16', 149),
(106, 2017, 4, '0.99', 121),
(106, 2017, 5, '0.27', 130),
(106, 2017, 6, '0.36', 102),
(106, 2017, 7, '0.14', 44),
(106, 2017, 8, '0.23', 80),
(106, 2018, 1, '134.00', 134),
(106, 2018, 2, '4.17', 134),
(106, 2018, 3, '0.13', 151),
(106, 2018, 5, '0.22', 142),
(106, 2018, 6, '0.39', 111),
(106, 2018, 7, '0.10', 65),
(106, 2018, 8, '0.18', 76),
(106, 2018, 9, '0.87', 134),
(106, 2019, 1, '114.00', 114),
(106, 2019, 2, '4.63', 114),
(106, 2019, 3, '0.14', 151),
(106, 2019, 5, '0.37', 143),
(106, 2019, 6, '0.32', 112),
(106, 2019, 7, '0.10', 56),
(106, 2019, 8, '0.19', 70),
(106, 2019, 9, '0.77', 141),
(107, 2015, 1, '78.00', 78),
(107, 2015, 2, '5.27', 78),
(107, 2015, 3, '0.65', 108),
(107, 2015, 4, '0.90', 112),
(107, 2015, 5, '0.16', 149),
(107, 2015, 6, '0.34', 112),
(107, 2015, 7, '0.04', 134),
(107, 2015, 8, '0.27', 51),
(107, 2016, 1, '103.00', 103),
(107, 2016, 2, '4.88', 103),
(107, 2016, 3, '0.75', 108),
(107, 2016, 4, '0.64', 116),
(107, 2016, 5, '0.05', 153),
(107, 2016, 6, '0.28', 113),
(107, 2016, 7, '0.03', 144),
(107, 2016, 8, '0.23', 74),
(107, 2017, 1, '94.00', 94),
(107, 2017, 2, '5.07', 94),
(107, 2017, 3, '0.78', 108),
(107, 2017, 4, '1.22', 86),
(107, 2017, 5, '0.06', 148),
(107, 2017, 6, '0.39', 93),
(107, 2017, 7, '0.03', 142),
(107, 2017, 8, '0.23', 79),
(107, 2018, 1, '91.00', 91),
(107, 2018, 2, '5.16', 91),
(107, 2018, 3, '0.69', 109),
(107, 2018, 5, '0.05', 154),
(107, 2018, 6, '0.46', 84),
(107, 2018, 7, '0.03', 135),
(107, 2018, 8, '0.20', 57),
(107, 2018, 9, '1.17', 101),
(107, 2019, 1, '85.00', 85),
(107, 2019, 2, '5.27', 85),
(107, 2019, 3, '0.70', 109),
(107, 2019, 5, '0.25', 150),
(107, 2019, 6, '0.43', 76),
(107, 2019, 7, '0.04', 121),
(107, 2019, 8, '0.22', 57),
(107, 2019, 9, '1.11', 112),
(108, 2015, 1, '66.00', 66),
(108, 2015, 2, '5.70', 66),
(108, 2015, 3, '1.21', 35),
(108, 2015, 4, '1.07', 72),
(108, 2015, 5, '0.92', 11),
(108, 2015, 6, '0.49', 58),
(108, 2015, 7, '0.14', 58),
(108, 2015, 8, '0.26', 54),
(108, 2016, 1, '62.00', 62),
(108, 2016, 2, '5.77', 62),
(108, 2016, 3, '1.31', 35),
(108, 2016, 4, '0.82', 84),
(108, 2016, 5, '0.84', 13),
(108, 2016, 6, '0.44', 58),
(108, 2016, 7, '0.17', 45),
(108, 2016, 8, '0.26', 55),
(108, 2017, 1, '61.00', 61),
(108, 2017, 2, '5.81', 61),
(108, 2017, 3, '1.35', 34),
(108, 2017, 4, '1.19', 92),
(108, 2017, 5, '0.83', 12),
(108, 2017, 6, '0.47', 60),
(108, 2017, 7, '0.16', 37),
(108, 2017, 8, '0.27', 56),
(109, 2019, 1, '84.00', 84),
(109, 2019, 2, '5.27', 84),
(109, 2019, 3, '0.98', 77),
(109, 2019, 5, '0.84', 55),
(109, 2019, 6, '0.35', 106),
(109, 2019, 7, '0.03', 130),
(109, 2019, 8, '0.19', 74),
(109, 2019, 9, '1.29', 75),
(110, 2018, 1, '58.00', 58),
(110, 2018, 2, '5.84', 58),
(110, 2018, 3, '1.23', 34),
(110, 2018, 5, '0.91', 11),
(110, 2018, 6, '0.50', 77),
(110, 2018, 7, '0.15', 32),
(110, 2018, 8, '0.18', 73),
(110, 2018, 9, '1.21', 93),
(110, 2019, 1, '64.00', 64),
(110, 2019, 2, '5.72', 64),
(110, 2019, 3, '1.26', 34),
(110, 2019, 5, '1.04', 7),
(110, 2019, 6, '0.42', 78),
(110, 2019, 7, '0.16', 31),
(110, 2019, 8, '0.19', 68),
(110, 2019, 9, '1.25', 82),
(111, 2015, 1, '4.00', 4),
(111, 2015, 2, '7.52', 4),
(111, 2015, 3, '1.46', 5),
(111, 2015, 4, '1.33', 6),
(111, 2015, 5, '0.89', 26),
(111, 2015, 6, '0.67', 1),
(111, 2015, 7, '0.37', 14),
(111, 2015, 8, '0.35', 26),
(111, 2016, 1, '4.00', 4),
(111, 2016, 2, '7.50', 4),
(111, 2016, 3, '1.58', 5),
(111, 2016, 4, '1.13', 9),
(111, 2016, 5, '0.80', 28),
(111, 2016, 6, '0.60', 2),
(111, 2016, 7, '0.36', 10),
(111, 2016, 8, '0.38', 27),
(111, 2017, 1, '1.00', 1),
(111, 2017, 2, '7.54', 1),
(111, 2017, 3, '1.62', 6),
(111, 2017, 4, '1.53', 7),
(111, 2017, 5, '0.80', 27),
(111, 2017, 6, '0.64', 2),
(111, 2017, 7, '0.32', 11),
(111, 2017, 8, '0.36', 25),
(111, 2018, 1, '2.00', 2),
(111, 2018, 2, '7.59', 2),
(111, 2018, 3, '1.46', 6),
(111, 2018, 5, '0.86', 28),
(111, 2018, 6, '0.69', 3),
(111, 2018, 7, '0.34', 8),
(111, 2018, 8, '0.29', 21),
(111, 2018, 9, '1.58', 7),
(111, 2019, 1, '3.00', 3),
(111, 2019, 2, '7.55', 3),
(111, 2019, 3, '1.49', 7),
(111, 2019, 5, '1.03', 14),
(111, 2019, 6, '0.60', 3),
(111, 2019, 7, '0.34', 8),
(111, 2019, 8, '0.27', 22),
(111, 2019, 9, '1.58', 3),
(112, 2015, 1, '22.00', 22),
(112, 2015, 2, '6.85', 22),
(112, 2015, 3, '1.36', 11),
(112, 2015, 4, '1.08', 66),
(112, 2015, 5, '0.76', 53),
(112, 2015, 6, '0.63', 14),
(112, 2015, 7, '0.33', 17),
(112, 2015, 8, '0.22', 80),
(113, 2015, 1, '81.00', 81),
(113, 2015, 2, '5.19', 81),
(113, 2015, 3, '0.60', 113),
(113, 2015, 4, '0.41', 151),
(113, 2015, 5, '0.51', 115),
(113, 2015, 6, '0.12', 152),
(113, 2015, 7, '0.10', 83),
(113, 2015, 8, '0.34', 30),
(113, 2016, 1, '92.00', 92),
(113, 2016, 2, '5.13', 92),
(113, 2016, 3, '0.69', 116),
(113, 2016, 4, '0.26', 148),
(113, 2016, 5, '0.40', 116),
(113, 2016, 6, '0.15', 144),
(113, 2016, 7, '0.14', 54),
(113, 2016, 8, '0.31', 40),
(113, 2017, 1, '79.00', 79),
(113, 2017, 2, '5.27', 79),
(113, 2017, 3, '0.73', 113),
(113, 2017, 4, '0.67', 144),
(113, 2017, 5, '0.40', 113),
(113, 2017, 6, '0.24', 134),
(113, 2017, 7, '0.12', 50),
(113, 2017, 8, '0.32', 42),
(113, 2018, 1, '75.00', 75),
(113, 2018, 2, '5.47', 75),
(113, 2018, 3, '0.65', 115),
(113, 2018, 5, '0.42', 117),
(113, 2018, 6, '0.33', 122),
(113, 2018, 7, '0.11', 52),
(113, 2018, 8, '0.22', 47),
(113, 2018, 9, '0.81', 140),
(113, 2019, 1, '67.00', 67),
(113, 2019, 2, '5.65', 67),
(113, 2019, 3, '0.68', 112),
(113, 2019, 5, '0.54', 119),
(113, 2019, 6, '0.31', 114),
(113, 2019, 7, '0.10', 61),
(113, 2019, 8, '0.22', 53),
(113, 2019, 9, '0.89', 131),
(114, 2015, 1, '108.00', 108),
(114, 2015, 2, '4.72', 108),
(114, 2015, 3, '0.60', 112),
(114, 2015, 4, '0.93', 105),
(114, 2015, 5, '0.66', 89),
(114, 2015, 6, '0.24', 137),
(114, 2015, 7, '0.13', 64),
(114, 2015, 8, '0.11', 137),
(114, 2016, 1, '108.00', 108),
(114, 2016, 2, '4.75', 108),
(114, 2016, 3, '0.67', 118),
(114, 2016, 4, '0.72', 106),
(114, 2016, 5, '0.57', 91),
(114, 2016, 6, '0.18', 138),
(114, 2016, 7, '0.11', 77),
(114, 2016, 8, '0.11', 135),
(114, 2017, 1, '102.00', 102),
(114, 2017, 2, '4.78', 102),
(114, 2017, 3, '0.72', 114),
(114, 2017, 4, '1.16', 97),
(114, 2017, 5, '0.57', 88),
(114, 2017, 6, '0.25', 129),
(114, 2017, 7, '0.09', 78),
(114, 2017, 8, '0.11', 130),
(114, 2018, 1, '104.00', 104),
(114, 2018, 2, '4.74', 104),
(114, 2018, 3, '0.64', 116),
(114, 2018, 5, '0.60', 92),
(114, 2018, 6, '0.27', 136),
(114, 2018, 7, '0.08', 87),
(114, 2018, 8, '0.09', 131),
(114, 2018, 9, '1.22', 90),
(114, 2019, 1, '110.00', 110),
(114, 2019, 2, '4.70', 110),
(114, 2019, 3, '0.66', 114),
(114, 2019, 5, '0.67', 101),
(114, 2019, 6, '0.23', 134),
(114, 2019, 7, '0.07', 97),
(114, 2019, 8, '0.10', 123),
(114, 2019, 9, '1.25', 83),
(115, 2015, 1, '25.00', 25),
(115, 2015, 2, '6.79', 25),
(115, 2015, 3, '1.06', 53),
(115, 2015, 4, '1.20', 45),
(115, 2015, 5, '0.80', 43),
(115, 2015, 6, '0.54', 43),
(115, 2015, 7, '0.09', 88),
(115, 2015, 8, '0.24', 61),
(115, 2016, 1, '25.00', 25),
(115, 2016, 2, '6.70', 25),
(115, 2016, 3, '1.18', 52),
(115, 2016, 4, '0.99', 46),
(115, 2016, 5, '0.71', 44),
(115, 2016, 6, '0.49', 37),
(115, 2016, 7, '0.08', 94),
(115, 2016, 8, '0.24', 67),
(115, 2017, 1, '30.00', 30),
(115, 2017, 2, '6.45', 30),
(115, 2017, 3, '1.23', 49),
(115, 2017, 4, '1.37', 52),
(115, 2017, 5, '0.71', 44),
(115, 2017, 6, '0.55', 31),
(115, 2017, 7, '0.07', 97),
(115, 2017, 8, '0.21', 87),
(115, 2018, 1, '27.00', 27),
(115, 2018, 2, '6.43', 27),
(115, 2018, 3, '1.11', 53),
(115, 2018, 5, '0.76', 43),
(115, 2018, 6, '0.60', 30),
(115, 2018, 7, '0.06', 100),
(115, 2018, 8, '0.13', 108),
(115, 2018, 9, '1.44', 48),
(115, 2019, 1, '31.00', 31),
(115, 2019, 2, '6.32', 31),
(115, 2019, 3, '1.15', 53),
(115, 2019, 5, '0.91', 36),
(115, 2019, 6, '0.52', 33),
(115, 2019, 7, '0.05', 111),
(115, 2019, 8, '0.11', 117),
(115, 2019, 9, '1.44', 41),
(116, 2015, 1, '53.00', 53),
(116, 2015, 2, '5.88', 53),
(116, 2015, 3, '0.76', 98),
(116, 2015, 4, '1.30', 12),
(116, 2015, 5, '0.66', 88),
(116, 2015, 6, '0.54', 44),
(116, 2015, 7, '0.08', 98),
(116, 2015, 8, '0.34', 28),
(116, 2016, 1, '70.00', 70),
(116, 2016, 2, '5.54', 70),
(116, 2016, 3, '0.89', 94),
(116, 2016, 4, '1.11', 10),
(116, 2016, 5, '0.58', 88),
(116, 2016, 6, '0.46', 48),
(116, 2016, 7, '0.07', 106),
(116, 2016, 8, '0.25', 62),
(116, 2017, 1, '70.00', 70),
(116, 2017, 2, '5.49', 70),
(116, 2017, 3, '0.93', 92),
(116, 2017, 4, '1.51', 11),
(116, 2017, 5, '0.58', 85),
(116, 2017, 6, '0.47', 57),
(116, 2017, 7, '0.09', 75),
(116, 2017, 8, '0.22', 83),
(116, 2018, 1, '64.00', 64),
(116, 2018, 2, '5.68', 64),
(116, 2018, 3, '0.84', 92),
(116, 2018, 5, '0.62', 86),
(116, 2018, 6, '0.54', 53),
(116, 2018, 7, '0.07', 89),
(116, 2018, 8, '0.16', 85),
(116, 2018, 9, '1.52', 18),
(116, 2019, 1, '63.00', 63),
(116, 2019, 2, '5.74', 63),
(116, 2019, 3, '0.86', 92),
(116, 2019, 5, '0.78', 84),
(116, 2019, 6, '0.51', 35),
(116, 2019, 7, '0.08', 83),
(116, 2019, 8, '0.18', 76),
(116, 2019, 9, '1.48', 30),
(117, 2015, 1, '58.00', 58),
(117, 2015, 2, '5.82', 58),
(117, 2015, 3, '0.90', 81),
(117, 2015, 4, '0.97', 95),
(117, 2015, 5, '0.73', 65),
(117, 2015, 6, '0.41', 88),
(117, 2015, 7, '0.06', 120),
(117, 2015, 8, '0.15', 119),
(117, 2016, 1, '64.00', 64),
(117, 2016, 2, '5.74', 64),
(117, 2016, 3, '1.00', 83),
(117, 2016, 4, '0.81', 86),
(117, 2016, 5, '0.63', 71),
(117, 2016, 6, '0.38', 89),
(117, 2016, 7, '0.05', 125),
(117, 2016, 8, '0.15', 120),
(117, 2017, 1, '63.00', 63),
(117, 2017, 2, '5.72', 63),
(117, 2017, 3, '1.04', 79),
(117, 2017, 4, '1.22', 85),
(117, 2017, 5, '0.63', 69),
(117, 2017, 6, '0.45', 70),
(117, 2017, 7, '0.05', 123),
(117, 2017, 8, '0.13', 126),
(117, 2018, 1, '65.00', 65),
(117, 2018, 2, '5.66', 65),
(117, 2018, 3, '0.93', 80),
(117, 2018, 5, '0.67', 70),
(117, 2018, 6, '0.53', 62),
(117, 2018, 7, '0.03', 132),
(117, 2018, 8, '0.09', 126),
(117, 2018, 9, '1.25', 80),
(117, 2019, 1, '65.00', 65),
(117, 2019, 2, '5.70', 65),
(117, 2019, 3, '0.96', 78),
(117, 2019, 5, '0.85', 50),
(117, 2019, 6, '0.46', 61),
(117, 2019, 7, '0.03', 140),
(117, 2019, 8, '0.08', 130),
(117, 2019, 9, '1.27', 78),
(118, 2015, 1, '90.00', 90),
(118, 2015, 2, '5.07', 90),
(118, 2015, 3, '0.71', 104),
(118, 2015, 4, '1.04', 78),
(118, 2015, 5, '0.58', 107),
(118, 2015, 6, '0.63', 16),
(118, 2015, 7, '0.12', 72),
(118, 2015, 8, '0.25', 58),
(118, 2016, 1, '82.00', 82),
(118, 2016, 2, '5.28', 82),
(118, 2016, 3, '0.81', 105),
(118, 2016, 4, '0.88', 66),
(118, 2016, 5, '0.47', 109),
(118, 2016, 6, '0.55', 20),
(118, 2016, 7, '0.12', 68),
(118, 2016, 8, '0.22', 83),
(118, 2017, 1, '71.00', 71),
(118, 2017, 2, '5.43', 71),
(118, 2017, 3, '0.86', 102),
(118, 2017, 4, '1.25', 77),
(118, 2017, 5, '0.47', 107),
(118, 2017, 6, '0.59', 18),
(118, 2017, 7, '0.10', 67),
(118, 2017, 8, '0.19', 100),
(118, 2018, 1, '71.00', 71),
(118, 2018, 2, '5.52', 71),
(118, 2018, 3, '0.78', 102),
(118, 2018, 5, '0.51', 108),
(118, 2018, 6, '0.64', 15),
(118, 2018, 7, '0.11', 59),
(118, 2018, 8, '0.12', 109),
(118, 2018, 9, '1.31', 69),
(118, 2019, 1, '69.00', 69),
(118, 2019, 2, '5.63', 69),
(118, 2019, 3, '0.81', 99),
(118, 2019, 5, '0.66', 104),
(118, 2019, 6, '0.56', 15),
(118, 2019, 7, '0.11', 54),
(118, 2019, 8, '0.12', 112),
(118, 2019, 9, '1.29', 76),
(119, 2015, 1, '60.00', 60),
(119, 2015, 2, '5.79', 60),
(119, 2015, 3, '1.13', 46),
(119, 2015, 4, '1.28', 21),
(119, 2015, 5, '0.78', 49),
(119, 2015, 6, '0.53', 48),
(119, 2015, 7, '0.04', 133),
(119, 2015, 8, '0.17', 113),
(119, 2016, 1, '57.00', 57),
(119, 2016, 2, '5.84', 57),
(119, 2016, 3, '1.25', 45),
(119, 2016, 4, '1.05', 30),
(119, 2016, 5, '0.69', 49),
(119, 2016, 6, '0.45', 51),
(119, 2016, 7, '0.06', 122),
(119, 2016, 8, '0.14', 121),
(119, 2017, 1, '46.00', 46),
(119, 2017, 2, '5.97', 46),
(119, 2017, 3, '1.29', 41),
(119, 2017, 4, '1.45', 27),
(119, 2017, 5, '0.70', 47),
(119, 2017, 6, '0.52', 37),
(119, 2017, 7, '0.06', 114),
(119, 2017, 8, '0.16', 113),
(119, 2018, 1, '42.00', 42),
(119, 2018, 2, '6.12', 42),
(119, 2018, 3, '1.18', 42),
(119, 2018, 5, '0.78', 39),
(119, 2018, 6, '0.55', 51),
(119, 2018, 7, '0.06', 97),
(119, 2018, 8, '0.11', 118),
(119, 2018, 9, '1.45', 45),
(119, 2019, 1, '40.00', 40),
(119, 2019, 2, '6.18', 40),
(119, 2019, 3, '1.21', 43),
(119, 2019, 5, '0.88', 39),
(119, 2019, 6, '0.48', 53),
(119, 2019, 7, '0.05', 115),
(119, 2019, 8, '0.12', 112),
(119, 2019, 9, '1.44', 44),
(120, 2015, 1, '88.00', 88),
(120, 2015, 2, '5.10', 88),
(120, 2015, 3, '1.16', 40),
(120, 2015, 4, '1.14', 54),
(120, 2015, 5, '0.88', 29),
(120, 2015, 6, '0.51', 52),
(120, 2015, 7, '0.01', 153),
(120, 2015, 8, '0.14', 124),
(120, 2016, 1, '94.00', 94),
(120, 2016, 2, '5.12', 94),
(120, 2016, 3, '1.28', 41),
(120, 2016, 4, '0.94', 55),
(120, 2016, 5, '0.79', 31),
(120, 2016, 6, '0.45', 53),
(120, 2016, 7, '0.02', 152),
(120, 2016, 8, '0.12', 134),
(120, 2017, 1, '88.00', 88),
(120, 2017, 2, '5.20', 88),
(120, 2017, 3, '1.32', 39),
(120, 2017, 4, '1.37', 54),
(120, 2017, 5, '0.80', 28),
(120, 2017, 6, '0.50', 46),
(120, 2017, 7, '0.02', 147),
(120, 2017, 8, '0.10', 137),
(120, 2018, 1, '77.00', 77),
(120, 2018, 2, '5.41', 77),
(120, 2018, 3, '1.19', 41),
(120, 2018, 5, '0.88', 19),
(120, 2018, 6, '0.56', 44),
(120, 2018, 7, '0.02', 149),
(120, 2018, 8, '0.06', 145),
(120, 2018, 9, '1.43', 51),
(120, 2019, 1, '66.00', 66),
(120, 2019, 2, '5.69', 66),
(120, 2019, 3, '1.22', 41),
(120, 2019, 5, '1.00', 20),
(120, 2019, 6, '0.51', 37),
(120, 2019, 7, '0.03', 143),
(120, 2019, 8, '0.05', 148),
(120, 2019, 9, '1.43', 47),
(121, 2016, 1, '15.00', 15),
(121, 2016, 2, '7.04', 15),
(121, 2016, 3, '1.36', 29),
(121, 2016, 4, '1.08', 20),
(121, 2016, 5, '0.78', 34),
(121, 2016, 6, '0.47', 44),
(121, 2016, 7, '0.12', 66),
(121, 2016, 8, '0.22', 80),
(122, 2015, 1, '28.00', 28),
(122, 2015, 2, '6.61', 28),
(122, 2015, 3, '1.69', 1),
(122, 2015, 4, '1.08', 67),
(122, 2015, 5, '0.80', 42),
(122, 2015, 6, '0.64', 10),
(122, 2015, 7, '0.52', 2),
(122, 2015, 8, '0.33', 37),
(122, 2016, 1, '36.00', 36),
(122, 2016, 2, '6.38', 36),
(122, 2016, 3, '1.82', 1),
(122, 2016, 4, '0.88', 65),
(122, 2016, 5, '0.72', 42),
(122, 2016, 6, '0.57', 12),
(122, 2016, 7, '0.48', 2),
(122, 2016, 8, '0.32', 34),
(122, 2017, 1, '35.00', 35),
(122, 2017, 2, '6.38', 35),
(122, 2017, 3, '1.87', 1),
(122, 2017, 4, '1.27', 69),
(122, 2017, 5, '0.71', 41),
(122, 2017, 6, '0.60', 12),
(122, 2017, 7, '0.44', 3),
(122, 2017, 8, '0.33', 33),
(122, 2018, 1, '32.00', 32),
(122, 2018, 2, '6.37', 32),
(122, 2018, 3, '1.65', 2),
(122, 2018, 5, '0.75', 45),
(122, 2018, 6, '0.65', 11),
(122, 2018, 7, '0.17', 28),
(122, 2018, 8, '0.26', 32),
(122, 2018, 9, '1.30', 70),
(122, 2019, 1, '29.00', 29),
(122, 2019, 2, '6.37', 29),
(122, 2019, 3, '1.68', 1),
(122, 2019, 5, '0.87', 45),
(122, 2019, 6, '0.56', 21),
(122, 2019, 7, '0.17', 26),
(122, 2019, 8, '0.22', 53),
(122, 2019, 9, '1.31', 70),
(123, 2015, 1, '86.00', 86),
(123, 2015, 2, '5.12', 86),
(123, 2015, 3, '1.04', 59),
(123, 2015, 4, '0.89', 115),
(123, 2015, 5, '0.77', 51),
(123, 2015, 6, '0.35', 111),
(123, 2015, 7, '0.01', 156),
(123, 2015, 8, '0.14', 123),
(123, 2016, 1, '71.00', 71),
(123, 2016, 2, '5.53', 71),
(123, 2016, 3, '1.17', 54),
(123, 2016, 4, '0.73', 103),
(123, 2016, 5, '0.68', 54),
(123, 2016, 6, '0.37', 93),
(123, 2016, 7, '0.01', 154),
(123, 2016, 8, '0.13', 126),
(123, 2017, 1, '57.00', 57),
(123, 2017, 2, '5.82', 57),
(123, 2017, 3, '1.22', 51),
(123, 2017, 4, '1.15', 100),
(123, 2017, 5, '0.69', 52),
(123, 2017, 6, '0.46', 66),
(123, 2017, 7, '0.00', 153),
(123, 2017, 8, '0.13', 123),
(123, 2018, 1, '52.00', 52),
(123, 2018, 2, '5.95', 52),
(123, 2018, 3, '1.12', 51),
(123, 2018, 5, '0.73', 52),
(123, 2018, 6, '0.53', 63),
(123, 2018, 7, '0.00', 154),
(123, 2018, 8, '0.09', 130),
(123, 2018, 9, '1.22', 89),
(123, 2019, 1, '48.00', 48),
(123, 2019, 2, '6.07', 48),
(123, 2019, 3, '1.16', 50),
(123, 2019, 5, '0.83', 63),
(123, 2019, 6, '0.46', 58),
(123, 2019, 7, '0.01', 154),
(123, 2019, 8, '0.08', 130),
(123, 2019, 9, '1.23', 86),
(124, 2015, 1, '64.00', 64),
(124, 2015, 2, '5.72', 64),
(124, 2015, 3, '1.14', 44),
(124, 2015, 4, '1.24', 33),
(124, 2015, 5, '0.67', 86),
(124, 2015, 6, '0.37', 107),
(124, 2015, 7, '0.03', 140),
(124, 2015, 8, '0.00', 157),
(124, 2016, 1, '56.00', 56),
(124, 2016, 2, '5.86', 56),
(124, 2016, 3, '1.23', 47),
(124, 2016, 4, '1.05', 25),
(124, 2016, 5, '0.59', 85),
(124, 2016, 6, '0.33', 101),
(124, 2016, 7, '0.04', 140),
(124, 2016, 8, '0.03', 155),
(124, 2017, 1, '49.00', 49),
(124, 2017, 2, '5.96', 49),
(124, 2017, 3, '1.28', 46),
(124, 2017, 4, '1.47', 22),
(124, 2017, 5, '0.55', 91),
(124, 2017, 6, '0.37', 101),
(124, 2017, 7, '0.03', 137),
(124, 2017, 8, '0.05', 146),
(124, 2018, 1, '59.00', 59),
(124, 2018, 2, '5.81', 59),
(124, 2018, 3, '1.15', 46),
(124, 2018, 5, '0.60', 93),
(124, 2018, 6, '0.40', 107),
(124, 2018, 7, '0.03', 144),
(124, 2018, 8, '0.07', 138),
(124, 2018, 9, '1.48', 33),
(124, 2019, 1, '68.00', 68),
(124, 2019, 2, '5.65', 68),
(124, 2019, 3, '1.18', 46),
(124, 2019, 5, '0.73', 93),
(124, 2019, 6, '0.33', 108),
(124, 2019, 7, '0.03', 134),
(124, 2019, 8, '0.08', 133),
(124, 2019, 9, '1.45', 40),
(125, 2015, 1, '154.00', 154),
(125, 2015, 2, '3.47', 154),
(125, 2015, 3, '0.22', 145),
(125, 2015, 4, '0.77', 129),
(125, 2015, 5, '0.43', 122),
(125, 2015, 6, '0.59', 30),
(125, 2015, 7, '0.55', 1),
(125, 2015, 8, '0.23', 72),
(125, 2016, 1, '152.00', 152),
(125, 2016, 2, '3.52', 152),
(125, 2016, 3, '0.33', 143),
(125, 2016, 4, '0.62', 125),
(125, 2016, 5, '0.32', 126),
(125, 2016, 6, '0.54', 23),
(125, 2016, 7, '0.51', 1),
(125, 2016, 8, '0.24', 72),
(125, 2017, 1, '150.00', 150),
(125, 2017, 2, '3.47', 150),
(125, 2017, 3, '0.37', 138),
(125, 2017, 4, '0.95', 127),
(125, 2017, 5, '0.33', 121),
(125, 2017, 6, '0.58', 19),
(125, 2017, 7, '0.46', 2),
(125, 2017, 8, '0.25', 63),
(125, 2018, 1, '151.00', 151),
(125, 2018, 2, '3.41', 151),
(125, 2018, 3, '0.33', 140),
(125, 2018, 5, '0.40', 121),
(125, 2018, 6, '0.64', 18),
(125, 2018, 7, '0.44', 2),
(125, 2018, 8, '0.20', 58),
(125, 2018, 9, '0.90', 130),
(125, 2019, 1, '152.00', 152),
(125, 2019, 2, '3.33', 152),
(125, 2019, 3, '0.36', 135),
(125, 2019, 5, '0.61', 108),
(125, 2019, 6, '0.56', 21),
(125, 2019, 7, '0.41', 2),
(125, 2019, 8, '0.22', 56),
(125, 2019, 9, '0.71', 145),
(126, 2015, 1, '35.00', 35),
(126, 2015, 2, '6.41', 35),
(126, 2015, 3, '1.40', 8),
(126, 2015, 4, '1.08', 65),
(126, 2015, 5, '0.72', 74),
(126, 2015, 6, '0.31', 124),
(126, 2015, 7, '0.33', 17),
(126, 2015, 8, '0.14', 125),
(126, 2016, 1, '34.00', 34),
(126, 2016, 2, '6.38', 34),
(126, 2016, 3, '1.49', 10),
(126, 2016, 4, '0.85', 77),
(126, 2016, 5, '0.59', 84),
(126, 2016, 6, '0.38', 85),
(126, 2016, 7, '0.30', 18),
(126, 2016, 8, '0.15', 118),
(126, 2017, 1, '37.00', 37),
(126, 2017, 2, '6.34', 37),
(126, 2017, 3, '1.53', 10),
(126, 2017, 4, '1.29', 62),
(126, 2017, 5, '0.59', 82),
(126, 2017, 6, '0.45', 71),
(126, 2017, 7, '0.27', 18),
(126, 2017, 8, '0.15', 120),
(126, 2018, 1, '33.00', 33),
(126, 2018, 2, '6.37', 33),
(126, 2018, 3, '1.38', 11),
(126, 2018, 5, '0.63', 82),
(126, 2018, 6, '0.51', 71),
(126, 2018, 7, '0.13', 48),
(126, 2018, 8, '0.10', 123),
(126, 2018, 9, '1.33', 64),
(126, 2019, 1, '28.00', 28),
(126, 2019, 2, '6.38', 28),
(126, 2019, 3, '1.40', 11),
(126, 2019, 5, '0.80', 77),
(126, 2019, 6, '0.44', 68),
(126, 2019, 7, '0.13', 44),
(126, 2019, 8, '0.08', 136),
(126, 2019, 9, '1.36', 62),
(127, 2015, 1, '142.00', 142),
(127, 2015, 2, '3.90', 142),
(127, 2015, 3, '0.36', 131),
(127, 2015, 4, '0.98', 94),
(127, 2015, 5, '0.44', 120),
(127, 2015, 6, '0.37', 106),
(127, 2015, 7, '0.11', 80),
(127, 2015, 8, '0.21', 86),
(127, 2016, 1, '128.00', 128),
(127, 2016, 2, '4.22', 128),
(127, 2016, 3, '0.44', 133),
(127, 2016, 4, '0.77', 94),
(127, 2016, 5, '0.40', 115),
(127, 2016, 6, '0.31', 106),
(127, 2016, 7, '0.12', 69),
(127, 2016, 8, '0.19', 97),
(127, 2017, 1, '114.00', 114),
(127, 2017, 2, '4.53', 114),
(127, 2017, 3, '0.48', 130),
(127, 2017, 4, '1.18', 94),
(127, 2017, 5, '0.41', 112),
(127, 2017, 6, '0.38', 99),
(127, 2017, 7, '0.12', 57),
(127, 2017, 8, '0.18', 104),
(127, 2018, 1, '109.00', 109),
(127, 2018, 2, '4.63', 109),
(127, 2018, 3, '0.43', 132),
(127, 2018, 5, '0.43', 115),
(127, 2018, 6, '0.41', 105),
(127, 2018, 7, '0.08', 76),
(127, 2018, 8, '0.14', 100),
(127, 2018, 9, '1.12', 110),
(127, 2019, 1, '111.00', 111),
(127, 2019, 2, '4.68', 111),
(127, 2019, 3, '0.45', 129),
(127, 2019, 5, '0.57', 113),
(127, 2019, 6, '0.29', 122),
(127, 2019, 7, '0.07', 95),
(127, 2019, 8, '0.15', 92),
(127, 2019, 9, '1.13', 107),
(128, 2015, 1, '87.00', 87),
(128, 2015, 2, '5.12', 87),
(128, 2015, 3, '0.92', 76),
(128, 2015, 4, '1.01', 86),
(128, 2015, 5, '0.75', 55),
(128, 2015, 6, '0.20', 146),
(128, 2015, 7, '0.03', 147),
(128, 2015, 8, '0.19', 93),
(128, 2016, 1, '86.00', 86),
(128, 2016, 2, '5.18', 86),
(128, 2016, 3, '1.03', 76),
(128, 2016, 4, '0.81', 85),
(128, 2016, 5, '0.65', 63),
(128, 2016, 6, '0.16', 140),
(128, 2016, 7, '0.04', 133),
(128, 2016, 8, '0.21', 88),
(128, 2017, 1, '72.00', 72),
(128, 2017, 2, '5.39', 72),
(128, 2017, 3, '1.07', 76),
(128, 2017, 4, '1.26', 75),
(128, 2017, 5, '0.65', 57),
(128, 2017, 6, '0.21', 137),
(128, 2017, 7, '0.04', 130),
(128, 2017, 8, '0.22', 84),
(128, 2018, 1, '78.00', 78),
(128, 2018, 2, '5.40', 78),
(128, 2018, 3, '0.98', 75),
(128, 2018, 5, '0.69', 66),
(128, 2018, 6, '0.29', 131),
(128, 2018, 7, '0.04', 123),
(128, 2018, 8, '0.13', 102),
(128, 2018, 9, '1.37', 59),
(128, 2019, 1, '70.00', 70),
(128, 2019, 2, '5.60', 70),
(128, 2019, 3, '1.00', 72),
(128, 2019, 5, '0.85', 50),
(128, 2019, 6, '0.28', 125),
(128, 2019, 7, '0.04', 125),
(128, 2019, 8, '0.14', 104),
(128, 2019, 9, '1.38', 57),
(129, 2015, 1, '123.00', 123),
(129, 2015, 2, '4.51', 123),
(129, 2015, 3, '0.33', 135),
(129, 2015, 4, '0.96', 98),
(129, 2015, 5, '0.00', 158),
(129, 2015, 6, '0.41', 91),
(129, 2015, 7, '0.09', 92),
(129, 2015, 8, '0.21', 81),
(129, 2016, 1, '111.00', 111),
(129, 2016, 2, '4.64', 111),
(129, 2016, 3, '0.36', 138),
(129, 2016, 4, '0.63', 122),
(129, 2016, 5, '0.00', 157),
(129, 2016, 6, '0.31', 108),
(129, 2016, 7, '0.08', 98),
(129, 2016, 8, '0.24', 69),
(129, 2017, 1, '105.00', 105),
(129, 2017, 2, '4.71', 105),
(129, 2017, 3, '0.37', 140),
(129, 2017, 4, '0.98', 122),
(129, 2017, 5, '0.01', 153),
(129, 2017, 6, '0.32', 112),
(129, 2017, 7, '0.07', 96),
(129, 2017, 8, '0.29', 46),
(129, 2018, 1, '113.00', 113),
(129, 2018, 2, '4.57', 113),
(129, 2018, 3, '0.26', 148),
(129, 2018, 5, '0.00', 156),
(129, 2018, 6, '0.36', 119),
(129, 2018, 7, '0.05', 112),
(129, 2018, 8, '0.24', 40),
(129, 2018, 9, '0.81', 138),
(129, 2019, 1, '129.00', 129),
(129, 2019, 2, '4.37', 129),
(129, 2019, 3, '0.27', 148),
(129, 2019, 5, '0.24', 151),
(129, 2019, 6, '0.31', 117),
(129, 2019, 7, '0.05', 119),
(129, 2019, 8, '0.25', 37),
(129, 2019, 9, '0.84', 136),
(130, 2015, 1, '24.00', 24),
(130, 2015, 2, '6.80', 24),
(130, 2015, 3, '1.52', 4),
(130, 2015, 4, '1.02', 82),
(130, 2015, 5, '1.03', 1),
(130, 2015, 6, '0.54', 42),
(130, 2015, 7, '0.49', 3),
(130, 2015, 8, '0.31', 40),
(130, 2016, 1, '22.00', 22),
(130, 2016, 2, '6.74', 22),
(130, 2016, 3, '1.65', 3),
(130, 2016, 4, '0.87', 73),
(130, 2016, 5, '0.95', 2),
(130, 2016, 6, '0.49', 38),
(130, 2016, 7, '0.47', 3),
(130, 2016, 8, '0.33', 33),
(130, 2017, 1, '26.00', 26),
(130, 2017, 2, '6.57', 26),
(130, 2017, 3, '1.69', 3),
(130, 2017, 4, '1.35', 56),
(130, 2017, 5, '0.95', 1),
(130, 2017, 6, '0.55', 32),
(130, 2017, 7, '0.46', 1),
(130, 2017, 8, '0.35', 30),
(130, 2018, 1, '34.00', 34),
(130, 2018, 2, '6.34', 34),
(130, 2018, 3, '1.53', 4),
(130, 2018, 5, '1.01', 2),
(130, 2018, 6, '0.63', 22),
(130, 2018, 7, '0.46', 1),
(130, 2018, 8, '0.26', 30),
(130, 2018, 9, '1.45', 44),
(130, 2019, 1, '34.00', 34),
(130, 2019, 2, '6.26', 34),
(130, 2019, 3, '1.57', 3),
(130, 2019, 5, '1.14', 1),
(130, 2019, 6, '0.56', 20),
(130, 2019, 7, '0.45', 1),
(130, 2019, 8, '0.27', 22),
(130, 2019, 9, '1.46', 36),
(131, 2015, 1, '45.00', 45),
(131, 2015, 2, '6.00', 45),
(131, 2015, 3, '1.17', 39),
(131, 2015, 4, '1.27', 23),
(131, 2015, 5, '0.79', 46),
(131, 2015, 6, '0.32', 123),
(131, 2015, 7, '0.03', 137),
(131, 2015, 8, '0.17', 111),
(131, 2016, 1, '45.00', 45),
(131, 2016, 2, '6.08', 45),
(131, 2016, 3, '1.28', 39),
(131, 2016, 4, '1.08', 19),
(131, 2016, 5, '0.70', 47),
(131, 2016, 6, '0.23', 127),
(131, 2016, 7, '0.03', 145),
(131, 2016, 8, '0.14', 124),
(131, 2017, 1, '40.00', 40),
(131, 2017, 2, '6.10', 40),
(131, 2017, 3, '1.33', 37),
(131, 2017, 4, '1.51', 12),
(131, 2017, 5, '0.71', 40),
(131, 2017, 6, '0.30', 117),
(131, 2017, 7, '0.02', 144),
(131, 2017, 8, '0.14', 122),
(131, 2018, 1, '39.00', 39),
(131, 2018, 2, '6.17', 39),
(131, 2018, 3, '1.21', 38),
(131, 2018, 5, '0.78', 40),
(131, 2018, 6, '0.35', 120),
(131, 2018, 7, '0.01', 150),
(131, 2018, 8, '0.12', 112),
(131, 2018, 9, '1.54', 12),
(131, 2019, 1, '38.00', 38),
(131, 2019, 2, '6.20', 38),
(131, 2019, 3, '1.25', 37),
(131, 2019, 5, '0.88', 40),
(131, 2019, 6, '0.33', 108),
(131, 2019, 7, '0.01', 150),
(131, 2019, 8, '0.12', 110),
(131, 2019, 9, '1.50', 21),
(132, 2015, 1, '55.00', 55),
(132, 2015, 2, '5.85', 55),
(132, 2015, 3, '1.18', 37),
(132, 2015, 4, '1.27', 22),
(132, 2015, 5, '0.87', 31),
(132, 2015, 6, '0.61', 22),
(132, 2015, 7, '0.04', 136),
(132, 2015, 8, '0.25', 57),
(132, 2016, 1, '63.00', 63),
(132, 2016, 2, '5.77', 63),
(132, 2016, 3, '1.30', 38),
(132, 2016, 4, '1.06', 24),
(132, 2016, 5, '0.79', 32),
(132, 2016, 6, '0.53', 26),
(132, 2016, 7, '0.04', 138),
(132, 2016, 8, '0.26', 58),
(132, 2017, 1, '62.00', 62),
(132, 2017, 2, '5.76', 62),
(132, 2017, 3, '1.34', 36),
(132, 2017, 4, '1.45', 26),
(132, 2017, 5, '0.79', 31),
(132, 2017, 6, '0.57', 24),
(132, 2017, 7, '0.05', 125),
(132, 2017, 8, '0.24', 71),
(132, 2018, 1, '51.00', 51),
(132, 2018, 2, '5.95', 51),
(132, 2018, 3, '1.22', 37),
(132, 2018, 5, '0.86', 31),
(132, 2018, 6, '0.63', 19),
(132, 2018, 7, '0.05', 117),
(132, 2018, 8, '0.16', 86),
(132, 2018, 9, '1.51', 23),
(132, 2019, 1, '44.00', 44),
(132, 2019, 2, '6.12', 44),
(132, 2019, 3, '1.26', 36),
(132, 2019, 5, '0.95', 31),
(132, 2019, 6, '0.56', 12),
(132, 2019, 7, '0.06', 104),
(132, 2019, 8, '0.14', 100),
(132, 2019, 9, '1.52', 14),
(133, 2016, 1, '76.00', 76),
(133, 2016, 2, '5.44', 76),
(133, 2016, 3, '0.00', 157),
(133, 2016, 4, '0.34', 144),
(133, 2016, 5, '0.11', 152),
(133, 2016, 6, '0.57', 11),
(133, 2016, 7, '0.31', 17),
(133, 2016, 8, '0.27', 52),
(133, 2017, 1, '92.00', 92),
(133, 2017, 2, '5.15', 92),
(133, 2017, 3, '0.02', 153),
(133, 2017, 4, '0.72', 142),
(133, 2017, 5, '0.11', 146),
(133, 2017, 6, '0.60', 13),
(133, 2017, 7, '0.28', 16),
(133, 2017, 8, '0.29', 47),
(133, 2018, 1, '98.00', 98),
(133, 2018, 2, '4.98', 98),
(133, 2018, 3, '0.00', 156),
(133, 2018, 5, '0.12', 150),
(133, 2018, 6, '0.67', 7),
(133, 2018, 7, '0.28', 16),
(133, 2018, 8, '0.24', 40),
(133, 2018, 9, '0.71', 147),
(133, 2019, 1, '112.00', 112),
(133, 2019, 2, '4.67', 112),
(133, 2019, 3, '0.00', 156),
(133, 2019, 5, '0.27', 149),
(133, 2019, 6, '0.56', 14),
(133, 2019, 7, '0.27', 16),
(133, 2019, 8, '0.24', 46),
(133, 2019, 9, '0.70', 146),
(134, 2015, 1, '91.00', 91),
(134, 2015, 2, '5.06', 91),
(134, 2015, 3, '0.19', 150),
(134, 2015, 4, '0.95', 100),
(134, 2015, 5, '0.44', 119),
(134, 2015, 6, '0.47', 69),
(134, 2015, 7, '0.40', 9),
(134, 2015, 8, '0.50', 6),
(134, 2016, 1, '97.00', 97),
(134, 2016, 2, '5.06', 97),
(134, 2016, 3, '0.26', 150),
(134, 2016, 4, '0.76', 97),
(134, 2016, 5, '0.33', 125),
(134, 2016, 6, '0.39', 81),
(134, 2016, 7, '0.37', 9),
(134, 2016, 8, '0.51', 5),
(135, 2015, 1, '113.00', 113),
(135, 2015, 2, '4.64', 113),
(135, 2015, 3, '0.92', 77),
(135, 2015, 4, '1.18', 47),
(135, 2015, 5, '0.28', 141),
(135, 2015, 6, '0.33', 117),
(135, 2015, 7, '0.09', 90),
(135, 2015, 8, '0.12', 131),
(135, 2016, 1, '116.00', 116),
(135, 2016, 2, '4.46', 116),
(135, 2016, 3, '1.02', 80),
(135, 2016, 4, '0.96', 49),
(135, 2016, 5, '0.19', 145),
(135, 2016, 6, '0.42', 64),
(135, 2016, 7, '0.08', 95),
(135, 2016, 8, '0.14', 125),
(135, 2017, 1, '100.00', 100),
(135, 2017, 2, '4.83', 100),
(135, 2017, 3, '1.05', 78),
(135, 2017, 4, '1.38', 47),
(135, 2017, 5, '0.19', 140),
(135, 2017, 6, '0.48', 52),
(135, 2017, 7, '0.07', 95),
(135, 2017, 8, '0.14', 121),
(135, 2018, 1, '105.00', 105),
(135, 2018, 2, '4.72', 105),
(135, 2018, 3, '0.94', 79),
(135, 2018, 5, '0.33', 128),
(135, 2018, 6, '0.52', 69),
(135, 2018, 7, '0.06', 107),
(135, 2018, 8, '0.10', 120),
(135, 2018, 9, '1.41', 55),
(135, 2019, 1, '106.00', 106),
(135, 2019, 2, '4.72', 106),
(135, 2019, 3, '0.96', 78),
(135, 2019, 5, '0.47', 128),
(135, 2019, 6, '0.39', 86),
(135, 2019, 7, '0.06', 108),
(135, 2019, 8, '0.13', 107),
(135, 2019, 9, '1.35', 63),
(136, 2015, 1, '47.00', 47),
(136, 2015, 2, '5.98', 47),
(136, 2015, 3, '1.24', 30),
(136, 2015, 4, '0.96', 97),
(136, 2015, 5, '0.97', 4),
(136, 2015, 6, '0.33', 116),
(136, 2015, 7, '0.08', 103),
(136, 2015, 8, '0.19', 97),
(136, 2016, 1, '57.00', 57),
(136, 2016, 2, '5.84', 57),
(136, 2016, 3, '1.36', 28),
(136, 2016, 4, '0.72', 105),
(136, 2016, 5, '0.89', 4),
(136, 2016, 6, '0.25', 122),
(136, 2016, 7, '0.08', 103),
(136, 2016, 8, '0.19', 98),
(136, 2017, 1, '55.00', 55),
(136, 2017, 2, '5.84', 55),
(136, 2017, 3, '1.40', 27),
(136, 2017, 4, '1.13', 107),
(136, 2017, 5, '0.90', 3),
(136, 2017, 6, '0.26', 126),
(136, 2017, 7, '0.06', 107),
(136, 2017, 8, '0.21', 91),
(136, 2018, 1, '57.00', 57),
(136, 2018, 2, '5.88', 57),
(136, 2018, 3, '1.27', 29),
(136, 2018, 5, '0.96', 5),
(136, 2018, 6, '0.24', 140),
(136, 2018, 7, '0.05', 117),
(136, 2018, 8, '0.18', 76),
(136, 2018, 9, '1.20', 95),
(136, 2019, 1, '54.00', 54),
(136, 2019, 2, '5.90', 54),
(136, 2019, 3, '1.30', 28),
(136, 2019, 5, '1.04', 11),
(136, 2019, 6, '0.16', 145),
(136, 2019, 7, '0.06', 105),
(136, 2019, 8, '0.18', 82),
(136, 2019, 9, '1.22', 92),
(137, 2016, 1, '143.00', 143),
(137, 2016, 2, '3.83', 143),
(137, 2016, 3, '0.39', 136),
(137, 2016, 4, '0.19', 152),
(137, 2016, 5, '0.16', 149),
(137, 2016, 6, '0.20', 134),
(137, 2016, 7, '0.13', 59),
(137, 2016, 8, '0.26', 57),
(137, 2017, 1, '146.00', 146),
(137, 2017, 2, '3.59', 146),
(137, 2017, 3, '0.40', 135),
(137, 2017, 4, '0.60', 147),
(137, 2017, 5, '0.16', 143),
(137, 2017, 6, '0.15', 145),
(137, 2017, 7, '0.12', 56),
(137, 2017, 8, '0.29', 50),
(137, 2018, 1, '154.00', 154),
(137, 2018, 2, '3.25', 154),
(137, 2018, 3, '0.34', 139),
(137, 2018, 5, '0.18', 146),
(137, 2018, 6, '0.11', 149),
(137, 2018, 7, '0.11', 56),
(137, 2018, 8, '0.22', 43),
(137, 2018, 9, '0.61', 149),
(137, 2019, 1, '156.00', 156),
(137, 2019, 2, '2.85', 156),
(137, 2019, 3, '0.31', 143),
(137, 2019, 5, '0.30', 148),
(137, 2019, 6, '0.01', 155),
(137, 2019, 7, '0.09', 68),
(137, 2019, 8, '0.20', 62),
(137, 2019, 9, '0.58', 149),
(138, 2015, 1, '36.00', 36),
(138, 2015, 2, '6.33', 36),
(138, 2015, 3, '1.23', 31),
(138, 2015, 4, '1.31', 10),
(138, 2015, 5, '0.96', 5),
(138, 2015, 6, '0.46', 72),
(138, 2015, 7, '0.06', 114),
(138, 2015, 8, '0.18', 103),
(138, 2016, 1, '37.00', 37),
(138, 2016, 2, '6.36', 37),
(138, 2016, 3, '1.34', 31),
(138, 2016, 4, '1.13', 8),
(138, 2016, 5, '0.88', 5),
(138, 2016, 6, '0.38', 88),
(138, 2016, 7, '0.06', 117),
(138, 2016, 8, '0.18', 106),
(138, 2017, 1, '34.00', 34),
(138, 2017, 2, '6.40', 34),
(138, 2017, 3, '1.38', 29),
(138, 2017, 4, '1.53', 8),
(138, 2017, 5, '0.89', 4),
(138, 2017, 6, '0.41', 88),
(138, 2017, 7, '0.07', 98),
(138, 2017, 8, '0.19', 101),
(138, 2018, 1, '36.00', 36),
(138, 2018, 2, '6.31', 36),
(138, 2018, 3, '1.25', 31),
(138, 2018, 5, '0.97', 4),
(138, 2018, 6, '0.45', 93),
(138, 2018, 7, '0.07', 89),
(138, 2018, 8, '0.14', 97),
(138, 2018, 9, '1.54', 11),
(138, 2019, 1, '30.00', 30),
(138, 2019, 2, '6.35', 30),
(138, 2019, 3, '1.29', 31),
(138, 2019, 5, '1.06', 4),
(138, 2019, 6, '0.36', 96),
(138, 2019, 7, '0.08', 85),
(138, 2019, 8, '0.15', 92),
(138, 2019, 9, '1.48', 26),
(139, 2015, 1, '132.00', 132),
(139, 2015, 2, '4.27', 132),
(139, 2015, 3, '0.84', 88),
(139, 2015, 4, '1.02', 83),
(139, 2015, 5, '0.71', 76),
(139, 2015, 6, '0.54', 45),
(139, 2015, 7, '0.09', 89),
(139, 2015, 8, '0.41', 17),
(139, 2016, 1, '117.00', 117),
(139, 2016, 2, '4.42', 117),
(139, 2016, 3, '0.97', 86),
(139, 2016, 4, '0.85', 78),
(139, 2016, 5, '0.62', 74),
(139, 2016, 6, '0.51', 33),
(139, 2016, 7, '0.08', 101),
(139, 2016, 8, '0.47', 14),
(139, 2017, 1, '119.00', 119),
(139, 2017, 2, '4.44', 119),
(139, 2017, 3, '1.01', 81),
(139, 2017, 4, '1.26', 73),
(139, 2017, 5, '0.63', 71),
(139, 2017, 6, '0.56', 28),
(139, 2017, 7, '0.07', 91),
(139, 2017, 8, '0.49', 8),
(139, 2018, 1, '116.00', 116),
(139, 2018, 2, '4.47', 116),
(139, 2018, 3, '0.92', 81),
(139, 2018, 5, '0.67', 71),
(139, 2018, 6, '0.59', 35),
(139, 2018, 7, '0.05', 119),
(139, 2018, 8, '0.31', 17),
(139, 2018, 9, '1.31', 68),
(139, 2019, 1, '130.00', 130),
(139, 2019, 2, '4.37', 130),
(139, 2019, 3, '0.95', 81),
(139, 2019, 5, '0.83', 57),
(139, 2019, 6, '0.47', 56),
(139, 2019, 7, '0.05', 117),
(139, 2019, 8, '0.24', 43),
(139, 2019, 9, '1.27', 81),
(140, 2015, 1, '118.00', 118),
(140, 2015, 2, '4.55', 118),
(140, 2015, 3, '0.52', 120),
(140, 2015, 4, '1.01', 85),
(140, 2015, 5, '0.37', 128),
(140, 2015, 6, '0.10', 155),
(140, 2015, 7, '0.15', 55),
(140, 2015, 8, '0.19', 94),
(140, 2016, 1, '133.00', 133),
(140, 2016, 2, '4.14', 133),
(140, 2016, 3, '0.63', 120),
(140, 2016, 4, '0.82', 83),
(140, 2016, 5, '0.30', 130),
(140, 2016, 6, '0.00', 157),
(140, 2016, 7, '0.10', 83),
(140, 2016, 8, '0.18', 103),
(140, 2017, 1, '129.00', 129),
(140, 2017, 2, '4.14', 129),
(140, 2017, 3, '0.66', 116),
(140, 2017, 4, '1.21', 87),
(140, 2017, 5, '0.29', 126),
(140, 2017, 6, '0.01', 153),
(140, 2017, 7, '0.09', 77),
(140, 2017, 8, '0.18', 106),
(140, 2018, 1, '137.00', 137),
(140, 2018, 2, '4.14', 137),
(140, 2018, 3, '0.61', 118),
(140, 2018, 5, '0.31', 129),
(140, 2018, 6, '0.02', 155),
(140, 2018, 7, '0.08', 76),
(140, 2018, 8, '0.13', 102),
(140, 2018, 9, '1.24', 82),
(141, 2015, 1, '40.00', 40),
(141, 2015, 2, '6.27', 40),
(141, 2015, 3, '1.00', 67),
(141, 2015, 4, '0.97', 96),
(141, 2015, 5, '0.61', 102),
(141, 2015, 6, '0.60', 25),
(141, 2015, 7, '0.14', 62),
(141, 2015, 8, '0.17', 109),
(141, 2016, 1, '40.00', 40),
(141, 2016, 2, '6.27', 40),
(141, 2016, 3, '1.10', 66),
(141, 2016, 4, '0.78', 92),
(141, 2016, 5, '0.51', 104),
(141, 2016, 6, '0.52', 28),
(141, 2016, 7, '0.13', 61),
(141, 2016, 8, '0.17', 114),
(142, 2015, 1, '101.00', 101),
(142, 2015, 2, '4.87', 101),
(142, 2015, 3, '0.71', 103),
(142, 2015, 4, '1.07', 70),
(142, 2015, 5, '0.08', 155),
(142, 2015, 6, '0.31', 125),
(142, 2015, 7, '0.03', 139),
(142, 2015, 8, '0.18', 102),
(142, 2019, 1, '135.00', 135),
(142, 2019, 2, '4.21', 135),
(142, 2019, 3, '0.81', 98),
(142, 2019, 5, '0.00', 156),
(142, 2019, 6, '0.31', 114),
(142, 2019, 7, '0.14', 43),
(142, 2019, 8, '0.07', 139),
(142, 2019, 9, '1.15', 104),
(143, 2015, 1, '8.00', 8),
(143, 2015, 2, '7.36', 8),
(143, 2015, 3, '1.33', 15),
(143, 2015, 4, '1.29', 17),
(143, 2015, 5, '0.91', 15),
(143, 2015, 6, '0.66', 4),
(143, 2015, 7, '0.44', 5),
(143, 2015, 8, '0.36', 25),
(143, 2016, 1, '10.00', 10),
(143, 2016, 2, '7.29', 10),
(143, 2016, 3, '1.45', 13),
(143, 2016, 4, '1.09', 16),
(143, 2016, 5, '0.83', 15),
(143, 2016, 6, '0.58', 5),
(143, 2016, 7, '0.41', 8),
(143, 2016, 8, '0.38', 25),
(143, 2017, 1, '9.00', 9),
(143, 2017, 2, '7.28', 9),
(143, 2017, 3, '1.49', 12),
(143, 2017, 4, '1.48', 18),
(143, 2017, 5, '0.83', 15),
(143, 2017, 6, '0.61', 9),
(143, 2017, 7, '0.38', 5),
(143, 2017, 8, '0.39', 24),
(143, 2018, 1, '9.00', 9),
(143, 2018, 2, '7.31', 9),
(143, 2018, 3, '1.36', 14),
(143, 2018, 5, '0.91', 9),
(143, 2018, 6, '0.66', 10),
(143, 2018, 7, '0.38', 6),
(143, 2018, 8, '0.29', 22),
(143, 2018, 9, '1.50', 25),
(143, 2019, 1, '7.00', 7),
(143, 2019, 2, '7.34', 7),
(143, 2019, 3, '1.39', 13),
(143, 2019, 5, '1.01', 19),
(143, 2019, 6, '0.57', 10),
(143, 2019, 7, '0.37', 6),
(143, 2019, 8, '0.27', 26),
(143, 2019, 9, '1.49', 24),
(144, 2015, 1, '1.00', 1),
(144, 2015, 2, '7.59', 1),
(144, 2015, 3, '1.40', 7),
(144, 2015, 4, '1.35', 4),
(144, 2015, 5, '0.94', 9),
(144, 2015, 6, '0.67', 2),
(144, 2015, 7, '0.42', 7),
(144, 2015, 8, '0.30', 43),
(144, 2016, 1, '2.00', 2),
(144, 2016, 2, '7.51', 2),
(144, 2016, 3, '1.53', 7),
(144, 2016, 4, '1.15', 6),
(144, 2016, 5, '0.86', 7),
(144, 2016, 6, '0.59', 4),
(144, 2016, 7, '0.41', 6),
(144, 2016, 8, '0.28', 48),
(144, 2017, 1, '4.00', 4),
(144, 2017, 2, '7.49', 4),
(144, 2017, 3, '1.56', 7),
(144, 2017, 4, '1.52', 9),
(144, 2017, 5, '0.86', 5),
(144, 2017, 6, '0.62', 6),
(144, 2017, 7, '0.37', 8),
(144, 2017, 8, '0.29', 48),
(144, 2018, 1, '5.00', 5),
(144, 2018, 2, '7.49', 5),
(144, 2018, 3, '1.42', 8),
(144, 2018, 5, '0.93', 7),
(144, 2018, 6, '0.66', 9),
(144, 2018, 7, '0.36', 7),
(144, 2018, 8, '0.26', 32),
(144, 2018, 9, '1.55', 10),
(144, 2019, 1, '6.00', 6),
(144, 2019, 2, '7.48', 6),
(144, 2019, 3, '1.45', 8),
(144, 2019, 5, '1.05', 5),
(144, 2019, 6, '0.57', 11),
(144, 2019, 7, '0.34', 7),
(144, 2019, 8, '0.26', 28),
(144, 2019, 9, '1.53', 13),
(145, 2015, 1, '156.00', 156),
(145, 2015, 2, '3.01', 156),
(145, 2015, 3, '0.66', 107),
(145, 2015, 4, '0.47', 147),
(145, 2015, 5, '0.72', 72),
(145, 2015, 6, '0.16', 151),
(145, 2015, 7, '0.19', 37),
(145, 2015, 8, '0.47', 10),
(145, 2016, 1, '156.00', 156),
(145, 2016, 2, '3.07', 156),
(145, 2016, 3, '0.75', 109),
(145, 2016, 4, '0.15', 153),
(145, 2016, 5, '0.63', 71),
(145, 2016, 6, '0.07', 153),
(145, 2016, 7, '0.17', 42),
(145, 2016, 8, '0.48', 9),
(145, 2017, 1, '151.00', 151),
(145, 2017, 2, '3.46', 151),
(145, 2017, 3, '0.78', 109),
(145, 2017, 4, '0.40', 153),
(145, 2017, 5, '0.50', 102),
(145, 2017, 6, '0.08', 150),
(145, 2017, 7, '0.15', 40),
(145, 2017, 8, '0.49', 6),
(145, 2018, 1, '150.00', 150),
(145, 2018, 2, '3.46', 150),
(145, 2018, 3, '0.69', 109),
(145, 2018, 5, '0.54', 102),
(145, 2018, 6, '0.09', 150),
(145, 2018, 7, '0.14', 37),
(145, 2018, 8, '0.38', 4),
(145, 2018, 9, '0.38', 154),
(145, 2019, 1, '149.00', 149),
(145, 2019, 2, '3.46', 149),
(145, 2019, 3, '0.62', 116),
(145, 2019, 5, '0.44', 133),
(145, 2019, 6, '0.01', 154),
(145, 2019, 7, '0.14', 40),
(145, 2019, 8, '0.33', 11),
(145, 2019, 9, '0.38', 155),
(146, 2015, 1, '38.00', 38),
(146, 2015, 2, '6.30', 38),
(146, 2015, 3, '1.29', 23),
(146, 2015, 4, '1.08', 69),
(146, 2015, 5, '0.88', 28),
(146, 2015, 6, '0.40', 99),
(146, 2015, 7, '0.08', 99),
(146, 2015, 8, '0.25', 56),
(146, 2016, 1, '34.00', 34),
(146, 2016, 2, '6.38', 34),
(146, 2016, 3, '1.40', 24),
(146, 2016, 4, '0.93', 57),
(146, 2016, 5, '0.80', 29),
(146, 2016, 6, '0.32', 103),
(146, 2016, 7, '0.07', 114),
(146, 2016, 8, '0.25', 59),
(146, 2018, 1, '26.00', 26),
(146, 2018, 2, '6.44', 26),
(146, 2018, 3, '1.37', 12),
(146, 2018, 5, '0.86', 30),
(146, 2018, 6, '0.42', 103),
(146, 2018, 7, '0.08', 84),
(146, 2018, 8, '0.15', 90),
(146, 2018, 9, '1.44', 49),
(146, 2019, 1, '25.00', 25),
(146, 2019, 2, '6.45', 25),
(146, 2019, 3, '1.37', 19),
(146, 2019, 5, '0.91', 34),
(146, 2019, 6, '0.35', 102),
(146, 2019, 7, '0.10', 62),
(146, 2019, 8, '0.24', 47),
(146, 2019, 9, '1.43', 48),
(147, 2017, 1, '33.00', 33),
(147, 2017, 2, '6.42', 33),
(147, 2017, 3, '1.43', 23),
(147, 2017, 4, '1.38', 48),
(147, 2017, 5, '0.79', 29),
(147, 2017, 6, '0.36', 103),
(147, 2017, 7, '0.06', 106),
(147, 2017, 8, '0.26', 60),
(148, 2015, 1, '106.00', 106),
(148, 2015, 2, '4.79', 106),
(148, 2015, 3, '0.39', 129),
(148, 2015, 4, '0.86', 119),
(148, 2015, 5, '0.57', 109),
(148, 2015, 6, '0.47', 66),
(148, 2015, 7, '0.15', 53),
(148, 2015, 8, '0.23', 69),
(148, 2016, 1, '100.00', 100),
(148, 2016, 2, '5.00', 100),
(148, 2016, 3, '0.49', 130),
(148, 2016, 4, '0.76', 99),
(148, 2016, 5, '0.53', 97),
(148, 2016, 6, '0.43', 59),
(148, 2016, 7, '0.14', 57),
(148, 2016, 8, '0.26', 56),
(148, 2017, 1, '95.00', 95),
(148, 2017, 2, '5.04', 95),
(148, 2017, 3, '0.52', 126),
(148, 2017, 4, '1.27', 71),
(148, 2017, 5, '0.53', 96),
(148, 2017, 6, '0.47', 59),
(148, 2017, 7, '0.15', 41),
(148, 2017, 8, '0.25', 67),
(148, 2018, 1, '88.00', 88),
(148, 2018, 2, '5.20', 88),
(148, 2018, 3, '0.47', 128),
(148, 2018, 5, '0.60', 94),
(148, 2018, 6, '0.29', 130),
(148, 2018, 7, '0.03', 132),
(148, 2018, 8, '0.19', 66),
(148, 2018, 9, '1.17', 102),
(148, 2019, 1, '74.00', 74),
(148, 2019, 2, '5.47', 74),
(148, 2019, 3, '0.49', 126),
(148, 2019, 5, '0.72', 96),
(148, 2019, 6, '0.39', 86),
(148, 2019, 7, '0.14', 37),
(148, 2019, 8, '0.23', 52),
(148, 2019, 9, '1.10', 114),
(149, 2015, 1, '146.00', 146),
(149, 2015, 2, '3.78', 146),
(149, 2015, 3, '0.29', 138),
(149, 2015, 4, '1.00', 87),
(149, 2015, 5, '0.38', 127),
(149, 2015, 6, '0.33', 118),
(149, 2015, 7, '0.06', 125),
(149, 2015, 8, '0.34', 27),
(149, 2016, 1, '149.00', 149),
(149, 2016, 2, '3.67', 149),
(149, 2016, 3, '0.47', 131),
(149, 2016, 4, '0.78', 93),
(149, 2016, 5, '0.36', 120),
(149, 2016, 6, '0.32', 105),
(149, 2016, 7, '0.05', 128),
(149, 2016, 8, '0.31', 38),
(149, 2017, 1, '152.00', 152),
(149, 2017, 2, '3.35', 152),
(149, 2017, 3, '0.51', 128),
(149, 2017, 4, '1.04', 116),
(149, 2017, 5, '0.36', 116),
(149, 2017, 6, '0.39', 96),
(149, 2017, 7, '0.07', 102),
(149, 2017, 8, '0.35', 29),
(149, 2018, 1, '153.00', 153),
(149, 2018, 2, '3.30', 153),
(149, 2018, 3, '0.46', 130),
(149, 2018, 5, '0.38', 123),
(149, 2018, 6, '0.48', 79),
(149, 2018, 7, '0.10', 67),
(149, 2018, 8, '0.27', 28),
(149, 2018, 9, '0.99', 122),
(149, 2019, 1, '153.00', 153),
(149, 2019, 2, '3.23', 153),
(149, 2019, 3, '0.48', 128),
(149, 2019, 5, '0.50', 123),
(149, 2019, 6, '0.42', 78),
(149, 2019, 7, '0.15', 36),
(149, 2019, 8, '0.28', 20),
(149, 2019, 9, '0.89', 132),
(150, 2015, 1, '34.00', 34),
(150, 2015, 2, '6.46', 34),
(150, 2015, 3, '0.97', 72),
(150, 2015, 4, '1.27', 24),
(150, 2015, 5, '0.74', 59),
(150, 2015, 6, '0.56', 37),
(150, 2015, 7, '0.03', 138),
(150, 2015, 8, '0.58', 2),
(150, 2016, 1, '33.00', 33),
(150, 2016, 2, '6.47', 33),
(150, 2016, 3, '1.09', 68),
(150, 2016, 4, '1.04', 31),
(150, 2016, 5, '0.65', 59),
(150, 2016, 6, '0.50', 36),
(150, 2016, 7, '0.03', 146),
(150, 2016, 8, '0.59', 2),
(150, 2017, 1, '32.00', 32),
(150, 2017, 2, '6.42', 32),
(150, 2017, 3, '1.13', 64),
(150, 2017, 4, '1.43', 37),
(150, 2017, 5, '0.65', 59),
(150, 2017, 6, '0.58', 20),
(150, 2017, 7, '0.03', 139),
(150, 2017, 8, '0.57', 4),
(150, 2018, 1, '46.00', 46),
(150, 2018, 2, '6.07', 46),
(150, 2018, 3, '1.02', 65),
(150, 2018, 5, '0.71', 55),
(150, 2018, 6, '0.64', 17),
(150, 2018, 7, '0.03', 140),
(150, 2018, 8, '0.36', 7),
(150, 2018, 9, '1.42', 52),
(150, 2019, 1, '52.00', 52),
(150, 2019, 2, '6.01', 52),
(150, 2019, 3, '1.05', 64),
(150, 2019, 5, '0.83', 59),
(150, 2019, 6, '0.56', 17),
(150, 2019, 7, '0.03', 136),
(150, 2019, 8, '0.36', 7),
(150, 2019, 9, '1.41', 53),
(151, 2015, 1, '158.00', 158),
(151, 2015, 2, '2.84', 158),
(151, 2015, 3, '0.21', 147),
(151, 2015, 4, '0.14', 157),
(151, 2015, 5, '0.28', 140),
(151, 2015, 6, '0.36', 108),
(151, 2015, 7, '0.11', 79),
(151, 2015, 8, '0.17', 114),
(151, 2016, 1, '155.00', 155),
(151, 2016, 2, '3.30', 155),
(151, 2016, 3, '0.28', 147),
(151, 2016, 4, '0.00', 157),
(151, 2016, 5, '0.25', 137),
(151, 2016, 6, '0.35', 99),
(151, 2016, 7, '0.12', 70),
(151, 2016, 8, '0.18', 107),
(151, 2017, 1, '149.00', 149),
(151, 2017, 2, '3.49', 149),
(151, 2017, 3, '0.31', 145),
(151, 2017, 4, '0.43', 152),
(151, 2017, 5, '0.25', 132),
(151, 2017, 6, '0.38', 98),
(151, 2017, 7, '0.10', 70),
(151, 2017, 8, '0.20', 99),
(151, 2018, 1, '139.00', 139),
(151, 2018, 2, '4.00', 139),
(151, 2018, 3, '0.26', 147),
(151, 2018, 5, '0.25', 138),
(151, 2018, 6, '0.43', 96),
(151, 2018, 7, '0.10', 63),
(151, 2018, 8, '0.16', 87),
(151, 2018, 9, '0.47', 153),
(151, 2019, 1, '139.00', 139),
(151, 2019, 2, '4.09', 139),
(151, 2019, 3, '0.28', 145),
(151, 2019, 5, '0.41', 137),
(151, 2019, 6, '0.29', 121),
(151, 2019, 7, '0.09', 79),
(151, 2019, 8, '0.18', 79),
(151, 2019, 9, '0.57', 150),
(152, 2018, 1, '38.00', 38),
(152, 2018, 2, '6.19', 38),
(152, 2018, 3, '1.22', 36),
(152, 2018, 5, '0.56', 99),
(152, 2018, 6, '0.58', 41),
(152, 2018, 7, '0.02', 147),
(152, 2018, 8, '0.17', 81),
(152, 2018, 9, '1.49', 29),
(152, 2019, 1, '39.00', 39),
(152, 2019, 2, '6.19', 39),
(152, 2019, 3, '1.23', 40),
(152, 2019, 5, '0.71', 97),
(152, 2019, 6, '0.49', 51),
(152, 2019, 7, '0.02', 149),
(152, 2019, 8, '0.19', 74),
(152, 2019, 9, '1.48', 29),
(153, 2015, 1, '41.00', 41),
(153, 2015, 2, '6.17', 41),
(153, 2015, 3, '1.21', 33),
(153, 2015, 4, '1.18', 48),
(153, 2015, 5, '0.61', 99),
(153, 2015, 6, '0.56', 36),
(153, 2015, 7, '0.01', 152),
(153, 2015, 8, '0.32', 39),
(153, 2016, 1, '43.00', 43),
(153, 2016, 2, '6.17', 43),
(153, 2016, 3, '1.33', 33),
(153, 2016, 4, '0.99', 47),
(153, 2016, 5, '0.53', 99),
(153, 2016, 6, '0.48', 40),
(153, 2016, 7, '0.01', 153),
(153, 2016, 8, '0.32', 36),
(153, 2017, 1, '38.00', 38),
(153, 2017, 2, '6.17', 38),
(153, 2017, 3, '1.36', 31),
(153, 2017, 4, '1.38', 50),
(153, 2017, 5, '0.52', 99),
(153, 2017, 6, '0.52', 39),
(153, 2017, 7, '0.01', 152),
(153, 2017, 8, '0.33', 38),
(154, 2015, 1, '107.00', 107),
(154, 2015, 2, '4.74', 107),
(154, 2015, 3, '0.88', 85),
(154, 2015, 4, '0.60', 143),
(154, 2015, 5, '0.74', 60),
(154, 2015, 6, '0.26', 131),
(154, 2015, 7, '0.06', 115),
(154, 2015, 8, '0.06', 152),
(154, 2016, 1, '98.00', 98),
(154, 2016, 2, '5.05', 98),
(154, 2016, 3, '0.98', 85),
(154, 2016, 4, '0.43', 140),
(154, 2016, 5, '0.60', 81),
(154, 2016, 6, '0.24', 126),
(154, 2016, 7, '0.08', 99),
(154, 2016, 8, '0.04', 154),
(154, 2017, 1, '101.00', 101),
(154, 2017, 2, '4.80', 101),
(154, 2017, 3, '1.01', 82),
(154, 2017, 4, '0.87', 134),
(154, 2017, 5, '0.61', 76),
(154, 2017, 6, '0.29', 119),
(154, 2017, 7, '0.09', 82),
(154, 2017, 8, '0.05', 147),
(154, 2018, 1, '111.00', 111),
(154, 2018, 2, '4.59', 111),
(154, 2018, 3, '0.90', 85),
(154, 2018, 5, '0.69', 63),
(154, 2018, 6, '0.27', 135),
(154, 2018, 7, '0.06', 100),
(154, 2018, 8, '0.04', 149),
(154, 2018, 9, '0.91', 128),
(154, 2019, 1, '124.00', 124),
(154, 2019, 2, '4.46', 124),
(154, 2019, 3, '0.92', 86),
(154, 2019, 5, '0.82', 66),
(154, 2019, 6, '0.17', 144),
(154, 2019, 7, '0.06', 108),
(154, 2019, 8, '0.06', 146),
(154, 2019, 9, '1.00', 122),
(155, 2015, 1, '76.00', 76),
(155, 2015, 2, '5.33', 76),
(155, 2015, 3, '1.06', 55),
(155, 2015, 4, '0.95', 102),
(155, 2015, 5, '0.73', 63),
(155, 2015, 6, '0.23', 143),
(155, 2015, 7, '0.16', 48),
(155, 2015, 8, '0.12', 130),
(155, 2016, 1, '78.00', 78),
(155, 2016, 2, '5.39', 78),
(155, 2016, 3, '1.16', 55),
(155, 2016, 4, '0.88', 68),
(155, 2016, 5, '0.65', 61),
(155, 2016, 6, '0.24', 125),
(155, 2016, 7, '0.12', 65),
(155, 2016, 8, '0.05', 151),
(155, 2017, 1, '69.00', 69),
(155, 2017, 2, '5.50', 69),
(155, 2017, 3, '1.20', 53),
(155, 2017, 4, '1.34', 59),
(155, 2017, 5, '0.64', 66),
(155, 2017, 6, '0.30', 116),
(155, 2017, 7, '0.10', 66),
(155, 2017, 8, '0.05', 148),
(155, 2018, 1, '74.00', 74),
(155, 2018, 2, '5.48', 74),
(155, 2018, 3, '1.15', 47),
(155, 2018, 5, '0.69', 65),
(155, 2018, 6, '0.32', 123),
(155, 2018, 7, '0.11', 54),
(155, 2018, 8, '0.11', 119),
(155, 2018, 9, '1.38', 58),
(155, 2019, 1, '79.00', 79),
(155, 2019, 2, '5.37', 79),
(155, 2019, 3, '1.18', 46),
(155, 2019, 5, '0.81', 72),
(155, 2019, 6, '0.20', 141),
(155, 2019, 7, '0.11', 55),
(155, 2019, 8, '0.08', 130),
(155, 2019, 9, '1.36', 61),
(156, 2015, 1, '70.00', 70),
(156, 2015, 2, '5.55', 70),
(156, 2015, 3, '0.96', 73),
(156, 2015, 4, '1.23', 37),
(156, 2015, 5, '0.54', 113),
(156, 2015, 6, '0.48', 65),
(156, 2015, 7, '0.31', 21),
(156, 2015, 8, '0.17', 110),
(156, 2016, 1, '65.00', 65),
(156, 2016, 2, '5.66', 65),
(156, 2016, 3, '1.08', 70),
(156, 2016, 4, '1.04', 35),
(156, 2016, 5, '0.44', 113),
(156, 2016, 6, '0.37', 90),
(156, 2016, 7, '0.28', 22),
(156, 2016, 8, '0.23', 77),
(156, 2017, 1, '59.00', 59),
(156, 2017, 2, '5.82', 59),
(156, 2017, 3, '1.13', 62),
(156, 2017, 4, '1.49', 14),
(156, 2017, 5, '0.44', 110),
(156, 2017, 6, '0.42', 85),
(156, 2017, 7, '0.26', 20),
(156, 2017, 8, '0.25', 65),
(156, 2018, 1, '68.00', 68),
(156, 2018, 2, '5.64', 68),
(156, 2018, 3, '1.02', 65),
(156, 2018, 5, '0.52', 107),
(156, 2018, 6, '0.42', 104),
(156, 2018, 7, '0.04', 128),
(156, 2018, 8, '0.20', 59),
(156, 2018, 9, '1.53', 13),
(156, 2019, 1, '87.00', 87),
(156, 2019, 2, '5.25', 87),
(156, 2019, 3, '1.05', 62),
(156, 2019, 5, '0.66', 104),
(156, 2019, 6, '0.39', 84),
(156, 2019, 7, '0.03', 136),
(156, 2019, 8, '0.24', 43),
(156, 2019, 9, '1.54', 8),
(157, 2015, 1, '141.00', 141),
(157, 2015, 2, '3.93', 141),
(157, 2015, 3, '0.21', 146),
(157, 2015, 4, '1.13', 55),
(157, 2015, 5, '0.34', 133),
(157, 2015, 6, '0.46', 73),
(157, 2015, 7, '0.07', 108),
(157, 2015, 8, '0.29', 44),
(157, 2016, 1, '145.00', 145),
(157, 2016, 2, '3.74', 145),
(157, 2016, 3, '0.35', 140),
(157, 2016, 4, '0.91', 59),
(157, 2016, 5, '0.20', 142),
(157, 2016, 6, '0.44', 56),
(157, 2016, 7, '0.06', 116),
(157, 2016, 8, '0.27', 53),
(157, 2017, 1, '132.00', 132),
(157, 2017, 2, '4.08', 132),
(157, 2017, 3, '0.38', 136),
(157, 2017, 4, '1.13', 105),
(157, 2017, 5, '0.22', 134),
(157, 2017, 6, '0.44', 75),
(157, 2017, 7, '0.06', 116),
(157, 2017, 8, '0.33', 37),
(157, 2018, 1, '135.00', 135),
(157, 2018, 2, '4.16', 135),
(157, 2018, 3, '0.32', 142),
(157, 2018, 5, '0.24', 141),
(157, 2018, 6, '0.45', 92),
(157, 2018, 7, '0.06', 102),
(157, 2018, 8, '0.26', 31),
(157, 2018, 9, '1.09', 114),
(157, 2019, 1, '136.00', 136),
(157, 2019, 2, '4.19', 136),
(157, 2019, 3, '0.33', 139),
(157, 2019, 5, '0.44', 131),
(157, 2019, 6, '0.36', 100),
(157, 2019, 7, '0.06', 102),
(157, 2019, 8, '0.25', 37),
(157, 2019, 9, '1.07', 115),
(158, 2015, 1, '111.00', 111),
(158, 2015, 2, '4.68', 111),
(158, 2015, 3, '0.80', 94),
(158, 2015, 4, '1.20', 43);
INSERT INTO `avoir2` (`Id_Pays`, `annee`, `Id_Score`, `valeur_score`, `rang`) VALUES
(158, 2015, 5, '0.67', 85),
(158, 2015, 6, '0.25', 135),
(158, 2015, 7, '0.03', 141),
(158, 2015, 8, '0.15', 118),
(158, 2016, 1, '123.00', 123),
(158, 2016, 2, '4.32', 123),
(158, 2016, 3, '0.87', 98),
(158, 2016, 4, '1.01', 41),
(158, 2016, 5, '0.59', 86),
(158, 2016, 6, '0.13', 148),
(158, 2016, 7, '0.02', 150),
(158, 2016, 8, '0.20', 90),
(158, 2017, 1, '131.00', 131),
(158, 2017, 2, '4.10', 131),
(158, 2017, 3, '0.89', 97),
(158, 2017, 4, '1.39', 44),
(158, 2017, 5, '0.58', 86),
(158, 2017, 6, '0.12', 146),
(158, 2017, 7, '0.02', 145),
(158, 2017, 8, '0.27', 55),
(158, 2018, 1, '138.00', 138),
(158, 2018, 2, '4.10', 138),
(158, 2018, 3, '0.79', 99),
(158, 2018, 5, '0.61', 88),
(158, 2018, 6, '0.16', 145),
(158, 2018, 7, '0.01', 151),
(158, 2018, 8, '0.19', 66),
(158, 2018, 9, '1.41', 54),
(158, 2019, 1, '133.00', 133),
(158, 2019, 2, '4.33', 133),
(158, 2019, 3, '0.82', 96),
(158, 2019, 5, '0.74', 90),
(158, 2019, 6, '0.18', 142),
(158, 2019, 7, '0.01', 151),
(158, 2019, 8, '0.19', 71),
(158, 2019, 9, '1.39', 56),
(159, 2015, 1, '20.00', 20),
(159, 2015, 2, '6.90', 20),
(159, 2015, 3, '1.43', 6),
(159, 2015, 4, '1.13', 56),
(159, 2015, 5, '0.81', 41),
(159, 2015, 6, '0.64', 9),
(159, 2015, 7, '0.39', 10),
(159, 2015, 8, '0.26', 53),
(159, 2016, 1, '28.00', 28),
(159, 2016, 2, '6.57', 28),
(159, 2016, 3, '1.57', 6),
(159, 2016, 4, '0.87', 71),
(159, 2016, 5, '0.73', 40),
(159, 2016, 6, '0.56', 14),
(159, 2016, 7, '0.36', 11),
(159, 2016, 8, '0.27', 54),
(159, 2017, 1, '21.00', 21),
(159, 2017, 2, '6.65', 21),
(159, 2017, 3, '1.63', 5),
(159, 2017, 4, '1.27', 72),
(159, 2017, 5, '0.73', 38),
(159, 2017, 6, '0.61', 11),
(159, 2017, 7, '0.32', 9),
(159, 2017, 8, '0.36', 26),
(159, 2018, 1, '20.00', 20),
(159, 2018, 2, '6.77', 20),
(159, 2018, 3, '2.10', 1),
(159, 2018, 5, '0.67', 73),
(159, 2018, 6, '0.28', 132),
(159, 2018, 7, '0.31', 10),
(159, 2018, 8, '0.19', 68),
(159, 2018, 9, '0.78', 143),
(159, 2019, 1, '21.00', 21),
(159, 2019, 2, '6.83', 21),
(159, 2019, 3, '1.50', 4),
(159, 2019, 5, '0.83', 63),
(159, 2019, 6, '0.60', 4),
(159, 2019, 7, '0.18', 22),
(159, 2019, 8, '0.26', 30),
(159, 2019, 9, '1.31', 73),
(160, 2015, 1, '21.00', 21),
(160, 2015, 2, '6.87', 21),
(160, 2015, 3, '1.27', 27),
(160, 2015, 4, '1.29', 19),
(160, 2015, 5, '0.91', 16),
(160, 2015, 6, '0.60', 26),
(160, 2015, 7, '0.32', 19),
(160, 2015, 8, '0.52', 3),
(160, 2016, 1, '23.00', 23),
(160, 2016, 2, '6.73', 23),
(160, 2016, 3, '1.40', 23),
(160, 2016, 4, '1.09', 17),
(160, 2016, 5, '0.81', 24),
(160, 2016, 6, '0.50', 35),
(160, 2016, 7, '0.27', 24),
(160, 2016, 8, '0.50', 6),
(160, 2017, 1, '19.00', 19),
(160, 2017, 2, '6.71', 19),
(160, 2017, 3, '1.44', 22),
(160, 2017, 4, '1.50', 13),
(160, 2017, 5, '0.81', 25),
(160, 2017, 6, '0.51', 41),
(160, 2017, 7, '0.27', 19),
(160, 2017, 8, '0.49', 7),
(160, 2018, 1, '11.00', 11),
(160, 2018, 2, '7.19', 11),
(160, 2018, 3, '1.24', 32),
(160, 2018, 5, '0.89', 18),
(160, 2018, 6, '0.46', 83),
(160, 2018, 7, '0.08', 76),
(160, 2018, 8, '0.26', 29),
(160, 2018, 9, '1.43', 50),
(160, 2019, 1, '15.00', 15),
(160, 2019, 2, '7.05', 15),
(160, 2019, 3, '1.33', 24),
(160, 2019, 5, '1.00', 25),
(160, 2019, 6, '0.45', 64),
(160, 2019, 7, '0.28', 15),
(160, 2019, 8, '0.35', 9),
(160, 2019, 9, '1.54', 8),
(161, 2015, 1, '15.00', 15),
(161, 2015, 2, '7.12', 15),
(161, 2015, 3, '1.39', 9),
(161, 2015, 4, '1.25', 30),
(161, 2015, 5, '0.86', 32),
(161, 2015, 6, '0.55', 41),
(161, 2015, 7, '0.16', 47),
(161, 2015, 8, '0.40', 19),
(161, 2016, 1, '13.00', 13),
(161, 2016, 2, '7.10', 13),
(161, 2016, 3, '1.51', 9),
(161, 2016, 4, '1.05', 29),
(161, 2016, 5, '0.78', 33),
(161, 2016, 6, '0.48', 41),
(161, 2016, 7, '0.15', 51),
(161, 2016, 8, '0.41', 20),
(161, 2017, 1, '14.00', 14),
(161, 2017, 2, '6.99', 14),
(161, 2017, 3, '1.55', 8),
(161, 2017, 4, '1.42', 38),
(161, 2017, 5, '0.77', 32),
(161, 2017, 6, '0.51', 42),
(161, 2017, 7, '0.14', 46),
(161, 2017, 8, '0.39', 21),
(161, 2018, 1, '18.00', 18),
(161, 2018, 2, '6.89', 18),
(161, 2018, 3, '1.40', 10),
(161, 2018, 5, '0.82', 33),
(161, 2018, 6, '0.55', 50),
(161, 2018, 7, '0.13', 44),
(161, 2018, 8, '0.29', 20),
(161, 2018, 9, '1.47', 36),
(161, 2019, 1, '19.00', 19),
(161, 2019, 2, '6.89', 19),
(161, 2019, 3, '1.43', 10),
(161, 2019, 5, '0.87', 42),
(161, 2019, 6, '0.45', 63),
(161, 2019, 7, '0.13', 46),
(161, 2019, 8, '0.28', 19),
(161, 2019, 9, '1.46', 37),
(162, 2015, 1, '32.00', 32),
(162, 2015, 2, '6.49', 32),
(162, 2015, 3, '1.06', 54),
(162, 2015, 4, '1.21', 41),
(162, 2015, 5, '0.81', 40),
(162, 2015, 6, '0.60', 24),
(162, 2015, 7, '0.25', 27),
(162, 2015, 8, '0.23', 66),
(162, 2016, 1, '29.00', 29),
(162, 2016, 2, '6.55', 29),
(162, 2016, 3, '1.18', 53),
(162, 2016, 4, '1.03', 37),
(162, 2016, 5, '0.72', 41),
(162, 2016, 6, '0.54', 21),
(162, 2016, 7, '0.21', 29),
(162, 2016, 8, '0.18', 104),
(162, 2017, 1, '28.00', 28),
(162, 2017, 2, '6.45', 28),
(162, 2017, 3, '1.22', 52),
(162, 2017, 4, '1.41', 40),
(162, 2017, 5, '0.72', 39),
(162, 2017, 6, '0.58', 22),
(162, 2017, 7, '0.18', 31),
(162, 2017, 8, '0.18', 107),
(162, 2018, 1, '31.00', 31),
(162, 2018, 2, '6.38', 31),
(162, 2018, 3, '1.09', 54),
(162, 2018, 5, '0.77', 41),
(162, 2018, 6, '0.63', 24),
(162, 2018, 7, '0.16', 31),
(162, 2018, 8, '0.13', 106),
(162, 2018, 9, '1.46', 41),
(162, 2019, 1, '33.00', 33),
(162, 2019, 2, '6.29', 33),
(162, 2019, 3, '1.12', 54),
(162, 2019, 5, '0.89', 38),
(162, 2019, 6, '0.52', 31),
(162, 2019, 7, '0.15', 35),
(162, 2019, 8, '0.13', 108),
(162, 2019, 9, '1.47', 33),
(163, 2015, 1, '44.00', 44),
(163, 2015, 2, '6.00', 44),
(163, 2015, 3, '0.63', 110),
(163, 2015, 4, '1.34', 5),
(163, 2015, 5, '0.60', 106),
(163, 2015, 6, '0.66', 5),
(163, 2015, 7, '0.31', 22),
(163, 2015, 8, '0.23', 70),
(163, 2016, 1, '49.00', 49),
(163, 2016, 2, '5.99', 49),
(163, 2016, 3, '0.74', 112),
(163, 2016, 4, '1.17', 3),
(163, 2016, 5, '0.50', 105),
(163, 2016, 6, '0.61', 1),
(163, 2016, 7, '0.28', 23),
(163, 2016, 8, '0.34', 31),
(163, 2017, 1, '47.00', 47),
(163, 2017, 2, '5.97', 47),
(163, 2017, 3, '0.79', 107),
(163, 2017, 4, '1.55', 4),
(163, 2017, 5, '0.50', 103),
(163, 2017, 6, '0.66', 1),
(163, 2017, 7, '0.25', 24),
(163, 2017, 8, '0.42', 19),
(163, 2018, 1, '44.00', 44),
(163, 2018, 2, '6.10', 44),
(163, 2018, 3, '0.72', 107),
(163, 2018, 5, '0.61', 90),
(163, 2018, 6, '0.72', 1),
(163, 2018, 7, '0.26', 19),
(163, 2018, 8, '0.33', 14),
(163, 2018, 9, '1.58', 5),
(163, 2019, 1, '41.00', 41),
(163, 2019, 2, '6.17', 41),
(163, 2019, 3, '0.75', 106),
(163, 2019, 5, '0.76', 87),
(163, 2019, 6, '0.63', 1),
(163, 2019, 7, '0.24', 18),
(163, 2019, 8, '0.32', 13),
(163, 2019, 9, '1.53', 11),
(164, 2015, 1, '23.00', 23),
(164, 2015, 2, '6.81', 23),
(164, 2015, 3, '1.04', 58),
(164, 2015, 4, '1.26', 28),
(164, 2015, 5, '0.72', 73),
(164, 2015, 6, '0.43', 83),
(164, 2015, 7, '0.11', 77),
(164, 2015, 8, '0.06', 153),
(164, 2016, 1, '44.00', 44),
(164, 2016, 2, '6.08', 44),
(164, 2016, 3, '1.13', 59),
(164, 2016, 4, '1.03', 36),
(164, 2016, 5, '0.62', 75),
(164, 2016, 6, '0.20', 132),
(164, 2016, 7, '0.08', 97),
(164, 2016, 8, '0.04', 152),
(164, 2017, 1, '81.00', 81),
(164, 2017, 2, '5.25', 81),
(164, 2017, 3, '1.13', 63),
(164, 2017, 4, '1.43', 34),
(164, 2017, 5, '0.62', 74),
(164, 2017, 6, '0.15', 144),
(164, 2017, 7, '0.06', 105),
(164, 2017, 8, '0.07', 144),
(164, 2018, 1, '102.00', 102),
(164, 2018, 2, '4.81', 102),
(164, 2018, 3, '1.00', 69),
(164, 2018, 5, '0.66', 77),
(164, 2018, 6, '0.13', 146),
(164, 2018, 7, '0.05', 113),
(164, 2018, 8, '0.06', 144),
(164, 2018, 9, '1.47', 37),
(164, 2019, 1, '108.00', 108),
(164, 2019, 2, '4.71', 108),
(164, 2019, 3, '0.96', 78),
(164, 2019, 5, '0.81', 74),
(164, 2019, 6, '0.15', 146),
(164, 2019, 7, '0.05', 117),
(164, 2019, 8, '0.06', 145),
(164, 2019, 9, '1.43', 49),
(165, 2015, 1, '75.00', 75),
(165, 2015, 2, '5.36', 75),
(165, 2015, 3, '0.63', 111),
(165, 2015, 4, '0.91', 109),
(165, 2015, 5, '0.75', 57),
(165, 2015, 6, '0.59', 29),
(165, 2015, 7, '0.10', 84),
(165, 2015, 8, '0.17', 112),
(165, 2016, 1, '96.00', 96),
(165, 2016, 2, '5.06', 96),
(165, 2016, 3, '0.74', 110),
(165, 2016, 4, '0.79', 90),
(165, 2016, 5, '0.66', 56),
(165, 2016, 6, '0.56', 15),
(165, 2016, 7, '0.12', 71),
(165, 2016, 8, '0.25', 63),
(165, 2017, 1, '93.00', 93),
(165, 2017, 2, '5.07', 93),
(165, 2017, 3, '0.79', 106),
(165, 2017, 4, '1.28', 67),
(165, 2017, 5, '0.65', 56),
(165, 2017, 6, '0.57', 25),
(165, 2017, 7, '0.09', 81),
(165, 2017, 8, '0.23', 75),
(165, 2018, 1, '95.00', 95),
(165, 2018, 2, '5.10', 95),
(165, 2018, 3, '0.72', 108),
(165, 2018, 5, '0.70', 56),
(165, 2018, 6, '0.62', 25),
(165, 2018, 7, '0.08', 83),
(165, 2018, 8, '0.18', 75),
(165, 2018, 9, '1.37', 61),
(165, 2019, 1, '94.00', 94),
(165, 2019, 2, '5.18', 94),
(165, 2019, 3, '0.74', 107),
(165, 2019, 5, '0.85', 52),
(165, 2019, 6, '0.54', 24),
(165, 2019, 7, '0.07', 93),
(165, 2019, 8, '0.15', 98),
(165, 2019, 9, '1.35', 64),
(166, 2015, 1, '136.00', 136),
(166, 2015, 2, '4.08', 136),
(166, 2015, 3, '0.55', 118),
(166, 2015, 4, '0.68', 137),
(166, 2015, 5, '0.40', 125),
(166, 2015, 6, '0.36', 110),
(166, 2015, 7, '0.08', 104),
(166, 2015, 8, '0.09', 144),
(166, 2016, 1, '147.00', 147),
(166, 2016, 2, '3.72', 147),
(166, 2016, 3, '0.58', 123),
(166, 2016, 4, '0.47', 138),
(166, 2016, 5, '0.31', 127),
(166, 2016, 6, '0.23', 128),
(166, 2016, 7, '0.06', 120),
(166, 2016, 8, '0.10', 141),
(166, 2017, 1, '145.00', 145),
(166, 2017, 2, '3.59', 145),
(166, 2017, 3, '0.59', 122),
(166, 2017, 4, '0.94', 128),
(166, 2017, 5, '0.31', 123),
(166, 2017, 6, '0.25', 130),
(166, 2017, 7, '0.06', 117),
(166, 2017, 8, '0.10', 133),
(166, 2018, 1, '152.00', 152),
(166, 2018, 2, '3.36', 152),
(166, 2018, 3, '0.44', 131),
(166, 2018, 5, '0.34', 125),
(166, 2018, 6, '0.24', 140),
(166, 2018, 7, '0.06', 97),
(166, 2018, 8, '0.08', 133),
(166, 2018, 9, '1.07', 117),
(166, 2019, 1, '151.00', 151),
(166, 2019, 2, '3.38', 151),
(166, 2019, 3, '0.29', 144),
(166, 2019, 5, '0.46', 129),
(166, 2019, 6, '0.14', 148),
(166, 2019, 7, '0.08', 90),
(166, 2019, 8, '0.11', 118),
(166, 2019, 9, '1.16', 101),
(167, 2015, 1, '85.00', 85),
(167, 2015, 2, '5.13', 85),
(167, 2015, 3, '0.47', 122),
(167, 2015, 4, '0.92', 107),
(167, 2015, 5, '0.30', 138),
(167, 2015, 6, '0.49', 60),
(167, 2015, 7, '0.12', 70),
(167, 2015, 8, '0.20', 91),
(167, 2016, 1, '106.00', 106),
(167, 2016, 2, '4.80', 106),
(167, 2016, 3, '0.61', 122),
(167, 2016, 4, '0.64', 119),
(167, 2016, 5, '0.24', 138),
(167, 2016, 6, '0.43', 63),
(167, 2016, 7, '0.11', 72),
(167, 2016, 8, '0.18', 105),
(167, 2017, 1, '115.00', 115),
(167, 2017, 2, '4.51', 115),
(167, 2017, 3, '0.64', 118),
(167, 2017, 4, '1.00', 119),
(167, 2017, 5, '0.26', 131),
(167, 2017, 6, '0.46', 65),
(167, 2017, 7, '0.08', 87),
(167, 2017, 8, '0.25', 66),
(167, 2018, 1, '125.00', 125),
(167, 2018, 2, '4.38', 125),
(167, 2018, 3, '0.56', 120),
(167, 2018, 5, '0.30', 131),
(167, 2018, 6, '0.50', 73),
(167, 2018, 7, '0.08', 76),
(167, 2018, 8, '0.22', 44),
(167, 2018, 9, '1.05', 119),
(167, 2019, 1, '138.00', 138),
(167, 2019, 2, '4.11', 138),
(167, 2019, 3, '0.58', 118),
(167, 2019, 5, '0.43', 136),
(167, 2019, 6, '0.43', 73),
(167, 2019, 7, '0.09', 75),
(167, 2019, 8, '0.25', 40),
(167, 2019, 9, '1.06', 116),
(168, 2015, 1, '115.00', 115),
(168, 2015, 2, '4.61', 115),
(168, 2015, 3, '0.27', 140),
(168, 2015, 4, '1.03', 79),
(168, 2015, 5, '0.33', 134),
(168, 2015, 6, '0.26', 134),
(168, 2015, 7, '0.08', 101),
(168, 2015, 8, '0.19', 95),
(168, 2016, 1, '131.00', 131),
(168, 2016, 2, '4.19', 131),
(168, 2016, 3, '0.35', 139),
(168, 2016, 4, '0.71', 107),
(168, 2016, 5, '0.16', 148),
(168, 2016, 6, '0.25', 120),
(168, 2016, 7, '0.09', 92),
(168, 2016, 8, '0.19', 100),
(168, 2017, 1, '137.00', 137),
(168, 2017, 2, '3.88', 137),
(168, 2017, 3, '0.38', 137),
(168, 2017, 4, '1.08', 111),
(168, 2017, 5, '0.20', 137),
(168, 2017, 6, '0.34', 107),
(168, 2017, 7, '0.10', 71),
(168, 2017, 8, '0.19', 102),
(168, 2018, 1, '144.00', 144),
(168, 2018, 2, '3.69', 144),
(168, 2018, 3, '0.36', 137),
(168, 2018, 5, '0.25', 139),
(168, 2018, 6, '0.41', 105),
(168, 2018, 7, '0.10', 65),
(168, 2018, 8, '0.13', 105),
(168, 2018, 9, '1.09', 113),
(168, 2019, 1, '146.00', 146),
(168, 2019, 2, '3.66', 146),
(168, 2019, 3, '0.37', 134),
(168, 2019, 5, '0.43', 134),
(168, 2019, 6, '0.36', 97),
(168, 2019, 7, '0.09', 70),
(168, 2019, 8, '0.15', 96),
(168, 2019, 9, '1.11', 111);

-- --------------------------------------------------------

--
-- Table structure for table `continent`
--

CREATE TABLE `continent` (
  `Id_Continent` int(1) NOT NULL,
  `Nom_Continent` varchar(13) DEFAULT NULL
) ENGINE=InnoDB DEFAULT CHARSET=utf8;

--
-- Dumping data for table `continent`
--

INSERT INTO `continent` (`Id_Continent`, `Nom_Continent`) VALUES
(1, 'Africa'),
(2, 'Asia'),
(3, 'Australia'),
(4, 'Europe'),
(5, 'North America'),
(6, 'South America');

-- --------------------------------------------------------

--
-- Table structure for table `pays`
--

CREATE TABLE `pays` (
  `Id_Pays` int(3) NOT NULL,
  `Nom_Pays` varchar(24) DEFAULT NULL,
  `Id_Continent` int(1) DEFAULT NULL,
  `Id_Region` int(2) DEFAULT NULL
) ENGINE=InnoDB DEFAULT CHARSET=utf8;

--
-- Dumping data for table `pays`
--

INSERT INTO `pays` (`Id_Pays`, `Nom_Pays`, `Id_Continent`, `Id_Region`) VALUES
(1, 'Afghanistan', 2, 8),
(2, 'Albania', 4, 2),
(3, 'Algeria', 1, 5),
(4, 'Angola', 1, 9),
(5, 'Argentina', 6, 4),
(6, 'Armenia', 2, 2),
(7, 'Australia', 3, 1),
(8, 'Austria', 4, 10),
(9, 'Azerbaijan', 2, 2),
(10, 'Bahrain', 2, 5),
(11, 'Bangladesh', 2, 8),
(12, 'Belarus', 4, 2),
(13, 'Belgium', 4, 10),
(14, 'Belize', 5, 4),
(15, 'Benin', 1, 9),
(16, 'Bhutan', 2, 8),
(17, 'Bolivia', 6, 4),
(18, 'Bosnia and Herzegovina', 4, 2),
(19, 'Botswana', 1, 9),
(20, 'Brazil', 6, 4),
(21, 'Bulgaria', 4, 2),
(22, 'Burkina Faso', 1, 9),
(23, 'Burundi', 1, 9),
(24, 'Cambodia', 2, 7),
(25, 'Cameroon', 1, 9),
(26, 'Canada', 5, 6),
(27, 'Central African Republic', 1, 9),
(28, 'Chad', 1, 9),
(29, 'Chile', 6, 4),
(30, 'China', 2, 3),
(31, 'Colombia', 6, 4),
(32, 'Comoros', 1, 9),
(33, 'Congo (Brazzaville)', 1, 9),
(34, 'Congo (Kinshasa)', 1, 9),
(35, 'Costa Rica', 5, 4),
(36, 'Croatia', 4, 2),
(37, 'Cyprus', 4, 10),
(38, 'Czech Republic', 4, 2),
(39, 'Denmark', 4, 10),
(40, 'Djibouti', 1, 9),
(41, 'Dominican Republic', 4, 4),
(42, 'Ecuador', 6, 4),
(43, 'Egypt', 1, 5),
(44, 'El Salvador', 5, 4),
(45, 'Estonia', 4, 2),
(46, 'Ethiopia', 1, 9),
(47, 'Finland', 4, 10),
(48, 'France', 4, 10),
(49, 'Gabon', 1, 9),
(50, 'Gambia', 1, 0),
(51, 'Georgia', 2, 2),
(52, 'Germany', 4, 10),
(53, 'Ghana', 1, 9),
(54, 'Greece', 4, 10),
(55, 'Guatemala', 5, 4),
(56, 'Guinea', 1, 9),
(57, 'Haiti', 5, 4),
(58, 'Honduras', 5, 4),
(59, 'Hong Kong', 2, 3),
(60, 'Hungary', 4, 2),
(61, 'Iceland', 4, 10),
(62, 'India', 2, 8),
(63, 'Indonesia', 2, 7),
(64, 'Iran', 2, 5),
(65, 'Iraq', 2, 5),
(66, 'Ireland', 4, 10),
(67, 'Israel', 2, 5),
(68, 'Italy', 4, 10),
(69, 'Ivory Coast', 1, 9),
(70, 'Jamaica', 5, 4),
(71, 'Japan', 2, 3),
(72, 'Jordan', 2, 5),
(73, 'Kazakhstan', 2, 2),
(74, 'Kenya', 1, 9),
(75, 'Kosovo', 4, 2),
(76, 'Kuwait', 2, 5),
(77, 'Kyrgyzstan', 2, 2),
(78, 'Laos', 2, 7),
(79, 'Latvia', 4, 2),
(80, 'Lebanon', 2, 5),
(81, 'Lesotho', 1, 9),
(82, 'Liberia', 1, 9),
(83, 'Libya', 1, 5),
(84, 'Lithuania', 4, 2),
(85, 'Luxembourg', 4, 10),
(86, 'Macedonia', 4, 2),
(87, 'Madagascar', 1, 9),
(88, 'Malawi', 1, 9),
(89, 'Malaysia', 2, 7),
(90, 'Mali', 1, 9),
(91, 'Malta', 4, 10),
(92, 'Mauritania', 1, 9),
(93, 'Mauritius', 1, 9),
(94, 'Mexico', 5, 4),
(95, 'Moldova', 4, 2),
(96, 'Mongolia', 2, 3),
(97, 'Montenegro', 4, 2),
(98, 'Morocco', 1, 5),
(99, 'Mozambique', 1, 9),
(100, 'Myanmar', 2, 7),
(101, 'Namibia', 1, 9),
(102, 'Nepal', 2, 8),
(103, 'Netherlands', 4, 10),
(104, 'New Zealand', 3, 1),
(105, 'Nicaragua', 5, 4),
(106, 'Niger', 1, 9),
(107, 'Nigeria', 1, 9),
(108, 'North Cyprus', 4, 10),
(109, 'North Macedonia', 4, 0),
(110, 'Northern Cyprus', 4, 0),
(111, 'Norway', 4, 10),
(112, 'Oman', 1, 5),
(113, 'Pakistan', 2, 8),
(114, 'Palestinian Territories', 2, 5),
(115, 'Panama', 5, 4),
(116, 'Paraguay', 6, 4),
(117, 'Peru', 6, 4),
(118, 'Philippines', 2, 7),
(119, 'Poland', 4, 2),
(120, 'Portugal', 4, 10),
(121, 'Puerto Rico', 5, 4),
(122, 'Qatar', 2, 5),
(123, 'Romania', 4, 2),
(124, 'Russia', 2, 2),
(125, 'Rwanda', 1, 9),
(126, 'Saudi Arabia', 2, 5),
(127, 'Senegal', 1, 9),
(128, 'Serbia', 4, 2),
(129, 'Sierra Leone', 1, 9),
(130, 'Singapore', 2, 7),
(131, 'Slovakia', 4, 2),
(132, 'Slovenia', 4, 2),
(133, 'Somalia', 1, 9),
(134, 'Somaliland Region', 1, 9),
(135, 'South Africa', 1, 9),
(136, 'South Korea', 2, 3),
(137, 'South Sudan', 1, 9),
(138, 'Spain', 4, 10),
(139, 'Sri Lanka', 2, 8),
(140, 'Sudan', 1, 9),
(141, 'Suriname', 6, 4),
(142, 'Swaziland', 1, 9),
(143, 'Sweden', 4, 10),
(144, 'Switzerland', 4, 10),
(145, 'Syria', 2, 5),
(146, 'Taiwan', 2, 3),
(147, 'Taiwan Province of China', 2, 0),
(148, 'Tajikistan', 2, 2),
(149, 'Tanzania', 1, 9),
(150, 'Thailand', 2, 7),
(151, 'Togo', 1, 9),
(152, 'Trinidad & Tobago', 6, 0),
(153, 'Trinidad and Tobago', 6, 4),
(154, 'Tunisia', 1, 5),
(155, 'Turkey', 2, 5),
(156, 'Turkmenistan', 2, 2),
(157, 'Uganda', 1, 9),
(158, 'Ukraine', 4, 2),
(159, 'United Arab Emirates', 2, 5),
(160, 'United Kingdom', 4, 10),
(161, 'United States', 5, 6),
(162, 'Uruguay', 6, 4),
(163, 'Uzbekistan', 2, 2),
(164, 'Venezuela', 6, 4),
(165, 'Vietnam', 2, 7),
(166, 'Yemen', 2, 5),
(167, 'Zambia', 1, 9),
(168, 'Zimbabwe', 1, 9),
(169, 'Hong Kong S.A.R.', 2, 0);

-- --------------------------------------------------------

--
-- Table structure for table `region`
--

CREATE TABLE `region` (
  `Nom_Region` varchar(31) DEFAULT NULL,
  `Id_Region` int(2) NOT NULL
) ENGINE=InnoDB DEFAULT CHARSET=utf8;

--
-- Dumping data for table `region`
--

INSERT INTO `region` (`Nom_Region`, `Id_Region`) VALUES
('#N/A', 0),
('Australia and New Zealand', 1),
('Central and Eastern Europe', 2),
('Eastern Asia', 3),
('Latin America and Caribbean', 4),
('Middle East and Northern Africa', 5),
('North America', 6),
('Southeastern Asia', 7),
('Southern Asia', 8),
('Sub-Saharan Africa', 9),
('Western Europe', 10);

-- --------------------------------------------------------

--
-- Table structure for table `score`
--

CREATE TABLE `score` (
  `Id_Score` int(1) NOT NULL,
  `Nom_Score` varchar(29) DEFAULT NULL
) ENGINE=InnoDB DEFAULT CHARSET=utf8;

--
-- Dumping data for table `score`
--

INSERT INTO `score` (`Id_Score`, `Nom_Score`) VALUES
(1, 'Hapiness Rank'),
(2, 'Hapiness Score'),
(3, 'Economy (GDP per Capita)'),
(4, 'Family'),
(5, 'Health (Life Expectancy)'),
(6, 'Freedom'),
(7, 'Trust (Government Corruption)'),
(8, 'Generosity'),
(9, 'Social support');

--
-- Indexes for dumped tables
--

--
-- Indexes for table `annee`
--
ALTER TABLE `annee`
  ADD PRIMARY KEY (`Annee`);

--
-- Indexes for table `avoir2`
--
ALTER TABLE `avoir2`
  ADD PRIMARY KEY (`Id_Pays`,`annee`,`Id_Score`),
  ADD KEY `annee` (`annee`),
  ADD KEY `Id_Score` (`Id_Score`);

--
-- Indexes for table `continent`
--
ALTER TABLE `continent`
  ADD PRIMARY KEY (`Id_Continent`);

--
-- Indexes for table `pays`
--
ALTER TABLE `pays`
  ADD PRIMARY KEY (`Id_Pays`),
  ADD KEY `Id_Continent` (`Id_Continent`),
  ADD KEY `Id_Region` (`Id_Region`);

--
-- Indexes for table `region`
--
ALTER TABLE `region`
  ADD PRIMARY KEY (`Id_Region`);

--
-- Indexes for table `score`
--
ALTER TABLE `score`
  ADD PRIMARY KEY (`Id_Score`);

--
-- Constraints for dumped tables
--

--
-- Constraints for table `avoir2`
--
ALTER TABLE `avoir2`
  ADD CONSTRAINT `avoir2_ibfk_1` FOREIGN KEY (`Id_Pays`) REFERENCES `pays` (`Id_Pays`),
  ADD CONSTRAINT `avoir2_ibfk_2` FOREIGN KEY (`annee`) REFERENCES `annee` (`Annee`),
  ADD CONSTRAINT `avoir2_ibfk_3` FOREIGN KEY (`Id_Score`) REFERENCES `score` (`Id_Score`);

--
-- Constraints for table `pays`
--
ALTER TABLE `pays`
  ADD CONSTRAINT `pays_ibfk_1` FOREIGN KEY (`Id_Continent`) REFERENCES `continent` (`Id_Continent`),
  ADD CONSTRAINT `pays_ibfk_2` FOREIGN KEY (`Id_Region`) REFERENCES `region` (`Id_Region`);
COMMIT;

/*!40101 SET CHARACTER_SET_CLIENT=@OLD_CHARACTER_SET_CLIENT */;
/*!40101 SET CHARACTER_SET_RESULTS=@OLD_CHARACTER_SET_RESULTS */;
/*!40101 SET COLLATION_CONNECTION=@OLD_COLLATION_CONNECTION */;
